sample_id,prefecture,municipality_name,layer,population_category,page_type,page_url,captured_at,http_status,final_url,page_title,lang_attr,cms_fingerprint,theme_vendor_hint,has_skip_link,has_header_brand,has_global_nav,global_nav_variant,has_search,search_variant,has_breadcrumb,has_local_nav,has_emergency_notice,emergency_variant,has_news_list,has_pickup,has_carousel,has_hub_cards,hub_cards_variant,has_footer_policies,has_accessibility_link,accessibility_url,has_contact_info,has_contact_form,contact_form_variant,has_article_meta,has_toc,has_attachments,attachments_variant,heading_outline_score,keyboard_nav_risk,contrast_risk_hint,notes,evidence_dom_snippets_path,screenshot_path
S0001,北海道,北海道,prefecture,unknown,top,https://www.pref.hokkaido.lg.jp/,2026-02-14T18:15:00+09:00,200,https://www.pref.hokkaido.lg.jp/,北海道のホームページ,ja,custom,,true,true,true,dropdown,true,header,false,false,false,,true,true,true,true,icon,true,false,,true,false,,false,false,false,,fair,medium,medium,[skip_link] a href=#main text メインコンテンツへ移動; [header_brand] img+logo linking to /; [global_nav] ul>li>a カテゴリから探す 組織から探す 防災情報; [search] search icon with text 検索; [news_list] 新着情報 with date 2026年2月; [pickup] section ピックアップ heading; [carousel] KeyVisual_SwiperSlide; [hub_cards] icon-based category nav; [contact_info] tel:0112314111; [footer_policies] サイトポリシー 個人情報の取扱い,,
S0004,宮城県,宮城県,prefecture,unknown,top,https://www.pref.miyagi.jp/,2026-02-14T18:15:00+09:00,200,https://www.pref.miyagi.jp/,宮城県公式ホームページ Miyagi Prefectural Government,ja,Salesforce Sites,,true,true,true,dropdown,true,header,false,true,false,,true,true,true,true,icon,true,true,/moji.html,true,false,,false,false,false,,good,medium,low,[skip_link] #tmp_honbun; [header_brand] logo; [global_nav] tabbed interface; [search] tabbed search keyword/purpose/classification; [news_list] お知らせ press release; [pickup] 5 featured items; [carousel] 10-item image slides; [hub_cards] 10x2 grid icons; [local_nav] ReadSpeaker accessibility; [footer_policies] contact 022-211-2111; [accessibility] text-to-speech font-adjust,,
S0013,東京都,東京都,prefecture,unknown,top,https://www.metro.tokyo.lg.jp/,2026-02-14T18:15:00+09:00,200,https://www.metro.tokyo.lg.jp/,都庁総合ホームページ,ja,Liferay DXP,Liferay Clay UI,true,true,true,mega,true,header,false,true,false,,false,false,false,true,icon,true,false,,true,false,,false,false,false,,fair,medium,low,[skip_link] #main; [header_brand] .header__logo-link; [global_nav] sidebar collapsible; [emergency] .menu__emergency-list-item--banner striped; [search] .menu__search-select-wrapper dropdown; [hub_cards] .menu__mytokyo-channel-list 2-col grid; [local_nav] accordion details elements; [footer_policies] present; [accessibility] present,,
S0027,大阪府,大阪府,prefecture,unknown,top,https://www.pref.osaka.lg.jp/,2026-02-14T18:15:00+09:00,200,https://www.pref.osaka.lg.jp/,大阪府（おおさかふ）ホームページ,ja,custom,custom municipal template,true,true,true,dropdown,true,header,false,false,true,banner,true,true,true,true,image,true,true,/moji.html,true,false,,false,false,false,,fair,medium,low,[skip_link] #tmp_honbun; [emergency] disease alerts Attention section; [global_nav] categorical_tabs; [search] keyword+page_id; [news_list] present; [pickup] topic cards; [carousel] banner_mainvs dual-language; [hub_cards] image topic cards; [footer_policies] present; [accessibility] 閲覧補助機能; [contact_info] 06-6941-0351,,
S0047,沖縄県,沖縄県,prefecture,unknown,top,https://www.pref.okinawa.lg.jp/,2026-02-14T18:15:00+09:00,200,https://www.pref.okinawa.lg.jp/,沖縄県公式ホームページ,ja,custom,,true,true,true,mega,true,header,false,false,false,,true,true,true,true,icon,true,true,https://www.pref.okinawa.lg.jp/about/accessibility/index.html,true,false,,false,false,false,,poor,medium,low,[skip_link] #HONBUN; [header_brand] logo; [global_nav] くらし・環境 through 県政情報; [search] #search1 site_search #search2 page_id_search; [news_list] 新着情報; [pickup] ピックアップサイト carousel; [hub_cards] information_search grid; [footer_policies] 個人情報保護方針; [accessibility] ウェブアクセシビリティ方針; [contact_info] 〒900-8570 那覇市泉崎1-2-2,,
S0001,北海道,北海道,prefecture,unknown,contact,https://www.pref.hokkaido.lg.jp/site-info/contact.html,2026-02-14T18:16:00+09:00,200,https://www.pref.hokkaido.lg.jp/site-info/contact.html,お問合せ・相談窓口 - 北海道のホームページ,ja,custom,custom_with_readspeaker,true,true,true,dropdown,true,header,true,false,false,,false,false,false,true,text,true,false,,true,true,external,false,false,true,pdf,fair,low,low,[skip_link] present; [breadcrumb] trail present; [global_nav] dropdown menus; [search] header search; [hub_cards] section links; [contact_info] phone/fax/form; [contact_form] external form link; [attachments] PDF telephone directory; [footer_policies] present; [accessibility] ReadSpeaker,,
S0004,宮城県,宮城県,prefecture,unknown,contact,https://www.pref.miyagi.jp/site/gyoseisabisu/soudan-index.html,2026-02-14T18:16:00+09:00,200,https://www.pref.miyagi.jp/site/gyoseisabisu/soudan-index.html,相談窓口のごあんない - 宮城県公式ウェブサイト,ja,Salesforce Sites,,true,true,true,dropdown,true,header,true,true,false,,false,true,false,false,,true,true,/moji.html,true,false,,true,true,false,,good,low,low,[skip_link] present; [breadcrumb] present; [global_nav] multi-level; [search] site search; [local_nav] section nav; [pickup] MIYAGI+iRO cards; [hub_cards] promotional cards; [contact_info] hotlines directory; [article_meta] posting date 2025-10-31; [toc] section directory; [footer_policies] present; [accessibility] ReadSpeaker /moji.html,,
S0013,東京都,東京都,prefecture,unknown,contact,https://www.metro.tokyo.lg.jp/tosei/iken-sodan/otoiawase/otoiawase/index.html,2026-02-14T18:16:00+09:00,200,https://www.metro.tokyo.lg.jp/tosei/iken-sodan/otoiawase/otoiawase/index.html,お問い合わせ|都庁総合ホームページ,ja,Liferay DXP,MetroTokyo,true,true,true,mega,true,header,false,false,false,,false,false,false,false,,true,false,,true,true,simple,false,false,false,,fair,low,low,[skip_link] present; [global_nav] sidebar fixed; [emergency] banner evacuation info; [search] category filter; [contact_info] present; [contact_form] DDM form; [footer_policies] present; [accessibility] present,,
S0027,大阪府,大阪府,prefecture,unknown,contact,https://www.pref.osaka.lg.jp/o070050/fumin/occ/index.html,2026-02-14T18:16:00+09:00,200,https://www.pref.osaka.lg.jp/o070050/fumin/occ/index.html,府民お問合せセンター ピピっとライン／大阪府,ja,custom,,true,true,true,dropdown,true,header,true,true,false,,false,false,false,true,icon,true,true,/moji.html,true,true,simple,true,true,true,mixed,good,low,low,[skip_link] present; [breadcrumb] present; [global_nav] categorical submenus; [search] keyword+page_id; [local_nav] present; [hub_cards] contact method cards icons; [contact_info] 06-6910-8001; [contact_form] phone email FAX AI chatbot; [article_meta] present; [toc] section directory; [attachments] FAX forms; [footer_policies] present; [accessibility] /moji.html,,
S0047,沖縄県,沖縄県,prefecture,unknown,contact,https://www.pref.okinawa.lg.jp/kensei/kochokoho/1014932/1015136/index.html,2026-02-14T18:16:00+09:00,200,https://www.pref.okinawa.lg.jp/kensei/kochokoho/1014932/1015136/index.html,県民ご意見箱｜沖縄県公式ホームページ,ja,custom,,true,true,true,mega,true,header,true,true,false,,false,false,false,false,,true,true,https://www.pref.okinawa.lg.jp/about/accessibility/index.html,true,false,,true,true,false,,good,low,low,[skip_link] present; [breadcrumb] present; [global_nav] mega-menu; [search] site-search+ID lookup; [local_nav] section nav; [hub_cards] search-tiles; [contact_info] present; [article_meta] present; [toc] year-based answer links; [footer_policies] present; [accessibility] ウェブアクセシビリティ方針,,
S0001,北海道,北海道,prefecture,unknown,service,https://www.pref.hokkaido.lg.jp/sm/ktk/saigai-bousai.html,2026-02-14T18:17:00+09:00,200,https://www.pref.hokkaido.lg.jp/sm/ktk/saigai-bousai.html,北海道の災害・防災情報,ja,custom,,true,true,true,dropdown,true,header,true,false,true,banner,true,true,false,false,,true,false,,true,true,external,false,false,true,mixed,fair,low,low,[skip_link] present; [breadcrumb] HOME>総務部>危機対策局; [emergency] multiple weather alerts heavy snow blizzard Feb 2026; [news_list] active alerts; [pickup] portal links; [contact_info] 011-204-5007; [contact_form] inquiry form link; [attachments] weather forecast images; [accessibility] ReadSpeaker,,
S0004,宮城県,宮城県,prefecture,unknown,service,https://www.pref.miyagi.jp/life/sub/5/index.html,2026-02-14T18:17:00+09:00,200,https://www.pref.miyagi.jp/life/sub/5/index.html,申請・手続き - 宮城県公式ウェブサイト,ja,custom,,true,true,true,mega,true,header,true,true,false,,false,true,false,false,,true,false,,true,false,,false,true,false,,fair,low,low,[skip_link] present; [breadcrumb] present; [global_nav] mega_menu; [emergency] disaster/weather link; [local_nav] 9 domain categories; [pickup] present; [hub_cards] category_grid; [toc] section navigation; [footer_policies] present; [accessibility] text-to-speech font sizing,,
S0013,東京都,東京都,prefecture,unknown,service,https://fukushi.metro.tokyo.lg.jp/kodomo/kosodate/teate/zidouteate/,2026-02-14T18:17:00+09:00,0,,,,,,false,false,false,,false,,false,false,false,,false,false,false,false,,false,false,,false,false,,false,false,false,,,,,ECONNREFUSED - fukushi.metro.tokyo.lg.jp connection refused,,
S0027,大阪府,大阪府,prefecture,unknown,service,https://www.pref.osaka.lg.jp/kenkoufukushi/kosodate/teate/index.html,2026-02-14T18:18:00+09:00,200,https://www.pref.osaka.lg.jp/kenkoufukushi/kosodate/teate/index.html,子育てに係る手当／大阪府,ja,custom,,true,true,true,dropdown,true,header,true,true,false,,false,true,false,false,,true,true,/moji.html,true,false,,false,false,false,,good,low,low,[skip_link] present; [breadcrumb] present; [global_nav] hierarchical_dropdown; [search] keyword+pageid; [local_nav] present; [pickup] present; [footer_policies] present; [accessibility] /moji.html multilingual text-resize,,
S0047,沖縄県,沖縄県,prefecture,unknown,service,https://www.pref.okinawa.lg.jp/kurashikankyo/passport/1005195.html,2026-02-14T18:18:00+09:00,200,https://www.pref.okinawa.lg.jp/kurashikankyo/passport/1005195.html,パスポートの切替新規申請｜沖縄県公式ホームページ,ja,custom,,true,true,true,dropdown,true,header,true,true,false,,false,true,false,false,,true,true,https://www.pref.okinawa.lg.jp/about/accessibility/index.html,true,true,simple,true,false,true,pdf,good,low,low,[skip_link] present; [breadcrumb] present; [global_nav] hierarchical dropdown; [search] dual site+page_number; [local_nav] present; [pickup] present; [hub_cards] info search grid; [attachments] PDF guides; [contact_info] passport center; [contact_form] inquiry form; [article_meta] present; [accessibility] ウェブアクセシビリティ方針,,
S0001,北海道,北海道,prefecture,unknown,hub,https://www.pref.hokkaido.lg.jp/category/d007/,2026-02-14T18:17:00+09:00,200,https://www.pref.hokkaido.lg.jp/category/d007/,防災・くらし・人権・環境 - 北海道のホームページ,ja,custom,,true,true,true,dropdown,true,header,true,true,false,,true,false,false,true,icon,true,false,,true,false,,false,false,false,,fair,low,low,[skip_link] present; [breadcrumb] HOME>category; [global_nav] dual category+org menu; [search] icon-based header; [local_nav] section navigation; [news_list] 10 recent items Feb 2026; [hub_cards] 16 category section cards; [contact_info] tel:011-231-4111 札幌市中央区北3条西6丁目; [accessibility] ReadSpeaker,,
S0004,宮城県,宮城県,prefecture,unknown,hub,https://www.pref.miyagi.jp/site/kosodate/index.html,2026-02-14T18:17:00+09:00,200,https://www.pref.miyagi.jp/site/kosodate/index.html,子育て支援情報サイト「みやぎっこ広場」,ja,custom,,true,true,true,horizontal,true,header,false,true,false,,true,true,true,true,icon,true,false,,true,false,,false,false,false,,fair,low,low,[skip_link] present; [global_nav] horizontal_menu; [search] site_search; [local_nav] stage and purpose based; [news_list] present; [pickup] present; [carousel] 3 image slides; [hub_cards] stage_and_purpose_based; [contact_info] email link; [footer_policies] copyright social media,,
S0013,東京都,東京都,prefecture,unknown,hub,https://www.metro.tokyo.lg.jp/kurashi/,2026-02-14T18:18:00+09:00,200,https://www.metro.tokyo.lg.jp/kurashi/,暮らし・健康・福祉|都庁総合ホームページ,ja,Liferay DXP,TochosogoTheme,true,true,true,mega,true,header,false,true,false,,false,false,false,false,,true,false,,false,false,,false,false,false,,fair,low,low,[skip_link] present; [global_nav] sidebar fixed desktop hamburger mobile; [search] embedded with category filter; [local_nav] present; [emergency] banner evacuation links; [footer_policies] present; CSS vars primary #0b5fff meets WCAG AA,,
S0027,大阪府,大阪府,prefecture,unknown,hub,https://www.pref.osaka.lg.jp/kenkoufukushi/kosodate/index.html,2026-02-14T18:19:00+09:00,200,https://www.pref.osaka.lg.jp/kenkoufukushi/kosodate/index.html,子育て／大阪府,ja,custom,,true,true,true,dropdown,true,header,true,true,false,,true,false,false,true,text,true,false,,true,false,,false,false,false,,good,medium,low,[skip_link] present; [breadcrumb] present; [global_nav] hierarchical_accordion; [search] keyword+page_id; [local_nav] present; [emergency] 防災・緊急情報; [news_list] present; [hub_cards] category_link_lists; [contact_info] present; [accessibility] text-size speech furigana,,
S0047,沖縄県,沖縄県,prefecture,unknown,hub,https://www.pref.okinawa.lg.jp/kurashikankyo/index.html,2026-02-14T18:19:00+09:00,200,https://www.pref.okinawa.lg.jp/kurashikankyo/index.html,くらし・環境｜沖縄県公式ホームページ,ja,custom,,true,true,true,dropdown,true,header,true,true,false,,true,true,false,true,icon,true,true,https://www.pref.okinawa.lg.jp/about/accessibility/index.html,true,false,,true,false,false,,good,low,low,[skip_link] present; [breadcrumb] present; [global_nav] hierarchical dropdown; [search] dual site+page_number; [local_nav] present; [news_list] 5 latest items; [pickup] present; [hub_cards] 12 topical sections; [contact_info] present; [article_meta] present; [accessibility] policy link,,
S0001,北海道,北海道,prefecture,unknown,article,https://www.pref.hokkaido.lg.jp/ss/tkk/hodo/pressrelease/r7/247096.html,2026-02-14T18:17:00+09:00,200,https://www.pref.hokkaido.lg.jp/ss/tkk/hodo/pressrelease/r7/247096.html,報道発表資料（令和8年1月）,ja,custom,,true,true,true,dropdown,true,header,true,true,false,,true,false,false,false,,true,false,,true,true,external,true,false,true,pdf,fair,low,low,[skip_link] present; [breadcrumb] HOME>総合政策部>知事室広報広聴課; [global_nav] dual menu; [search] icon toggle; [local_nav] present; [news_list] 2026 Jan press releases; [attachments] multiple PDF 14.7KB-1.57MB; [contact_info] present; [contact_form] inline form link; [article_meta] present; [accessibility] ReadSpeaker,,
S0004,宮城県,宮城県,prefecture,unknown,article,https://www.pref.miyagi.jp/soshiki/densho/tinkon-press2026.html,2026-02-14T18:18:00+09:00,200,https://www.pref.miyagi.jp/soshiki/densho/tinkon-press2026.html,みやぎ鎮魂の日における県の対応について,ja,Salesforce Sites,,true,true,true,dropdown,true,header,true,true,false,,false,true,false,false,,true,true,/moji.html,true,false,,true,false,true,pdf,good,low,low,[skip_link] present; [breadcrumb] present; [global_nav] hierarchical_dropdown; [search] site_search; [local_nav] present; [pickup] promotional cards; [hub_cards] initiative cards; [attachments] PDF download; [contact_info] present; [article_meta] present; [accessibility] text-to-speech /moji.html,,
S0013,東京都,東京都,prefecture,unknown,article,https://www.metro.tokyo.lg.jp/information/press/2026/02/2026021210,2026-02-14T18:18:00+09:00,200,https://www.metro.tokyo.lg.jp/information/press/2026/02/2026021210,第253回都市計画審議会 付議予定案件及び傍聴のお知らせ,ja,Liferay DXP,TochosogoTheme,true,true,true,mega,true,header,false,false,false,,false,false,false,false,,true,false,,true,false,,true,false,false,,fair,low,low,[skip_link] present; [global_nav] sidebar accordion; [search] keyword category selector; [emergency] evacuation disaster links banner; [contact_info] present; [article_meta] present; [accessibility] present; Liferay portlet architecture GTM analytics,,
S0027,大阪府,大阪府,prefecture,unknown,article,https://www.pref.osaka.lg.jp/hodo/fumin/o070110/prs_51141.html,2026-02-14T18:19:00+09:00,200,https://www.pref.osaka.lg.jp/hodo/fumin/o070110/prs_51141.html,ワールドマスターズゲームズ2027関西大会のエントリーを3月2日より開始します！,ja,custom,,true,true,true,dropdown,true,header,true,false,false,,false,false,false,false,,true,true,/moji.html,true,false,,true,false,true,pdf,good,low,low,[skip_link] present; [breadcrumb] present; [global_nav] hierarchical_dropdown; [search] keyword+pageid; [emergency] 防災・緊急情報 link; [attachments] PDF poster; [contact_info] sportsshinko@sbox.pref.osaka.lg.jp; [article_meta] present; [accessibility] /moji.html,,
S0047,沖縄県,沖縄県,prefecture,unknown,article,https://www.pref.okinawa.lg.jp/kensei/gikai/1016839/1037683/1037684.html,2026-02-14T18:19:00+09:00,200,https://www.pref.okinawa.lg.jp/kensei/gikai/1016839/1037683/1037684.html,議会情報 令和8年 第1回（2月定例会）｜沖縄県公式ホームページ,ja,custom,,true,true,true,mega,true,header,true,true,false,,false,false,false,false,,true,true,https://www.pref.okinawa.lg.jp/about/site/usability.html,true,true,simple,true,true,true,pdf,good,low,low,[skip_link] present; [breadcrumb] present; [global_nav] mega-menu topic categories; [search] site+page_id; [local_nav] present; [hub_cards] info search cards; [attachments] PDF with file sizes; [contact_info] present; [contact_form] legislative inquiry; [article_meta] updated 2026-02-13; [toc] structured schedule; [accessibility] usability policy,,
S0048,北海道,札幌市,municipality,A,top,https://www.city.sapporo.jp/,2026-02-14T19:30:00+09:00,200,https://www.city.sapporo.jp/,札幌市公式ホームページ - City of Sapporo,ja,custom,,true,true,true,dropdown,true,header,false,false,false,,true,true,true,true,text,true,false,,true,false,,false,false,false,,fair,medium,medium,[skip_link] a href=#tmp_honbun 本文へスキップ; [header_brand] h1 札幌市 a href=/index.html; [global_nav] nav ul>li>a 防災 くらし 健康 教育 観光 市政; [search] お探しの情報は何ですか 検索; [news_list] 新着情報 6items; [pickup] 話題のキーワード GX AI; [carousel] tmp_gallery image slides; [hub_cards] 早引きインデックス 妊娠出産子育て 結婚離婚; [contact_info] コールセンター 011-222-4894; [footer_policies] リンク著作権免責 個人情報保護,,
S0048,北海道,札幌市,municipality,A,contact,https://www.city.sapporo.jp/somu/shiminnokoe/iken/koukai_form.html,2026-02-14T19:31:00+09:00,200,https://www.city.sapporo.jp/somu/shiminnokoe/iken/koukai_form.html,お問い合わせ（みなさまからの声）／札幌市,ja,custom,,true,true,true,horizontal,true,header,true,false,false,,false,false,false,false,,true,false,,true,true,multi_step,false,false,false,,fair,medium,low,[skip_link] #tmp_honbun; [breadcrumb] ホーム>市政情報>広報広聴; [global_nav] 7 main categories horizontal; [search] header search; [contact_info] 011-211-2042 fax address; [contact_form] multi_step required fields 住所区 件名 内容 max1200chars; [footer_policies] copyright privacy guidelines,,
S0048,北海道,札幌市,municipality,A,service,https://www.city.sapporo.jp/chuo/info/0202/jidouteate.html,2026-02-14T19:32:00+09:00,404,,,,,,false,false,false,,false,,false,false,false,,false,false,false,false,,false,false,,false,false,,false,false,false,,,,,HTTP 404 - page not found,,
S0048,北海道,札幌市,municipality,A,hub,https://www.city.sapporo.jp/kenko/kosodate/index.html,2026-02-14T19:33:00+09:00,200,https://www.city.sapporo.jp/kenko/kosodate/index.html,子育て／札幌市,ja,custom,,true,true,true,dropdown,true,header,true,true,false,,true,true,false,true,text,true,false,,true,false,,true,false,false,,fair,medium,medium,[skip_link] #tmp_honbun; [breadcrumb] ホーム>健康福祉子育て>子育て; [global_nav] accordion 6 categories; [search] header search; [local_nav] vertical menu; [news_list] 新着情報 5items; [pickup] さっぽろ子育て情報サイト; [hub_cards] 6 content cards 子ども向け施設 児童相談所; [contact_info] コールセンター 011-222-4894; [article_meta] 更新日2025年7月1日,,
S0048,北海道,札幌市,municipality,A,article,https://www.city.sapporo.jp/museum/oshirase/2025tejisitsunikki.html,2026-02-14T19:34:00+09:00,200,https://www.city.sapporo.jp/museum/oshirase/2025tejisitsunikki.html,展示室にっきWEB版（2025年度）／札幌市,ja,custom,,true,true,true,dropdown,true,header,true,true,false,,true,true,false,false,,true,false,,true,false,,true,false,true,pdf,fair,medium,medium,[skip_link] #tmp_honbun; [breadcrumb] ホーム>教育文化スポーツ; [global_nav] sidebar dropdown; [local_nav] museum links; [news_list] dated entries Feb2026; [pickup] featured exhibitions; [contact_info] 博物館活動センター 011-374-5002; [article_meta] 更新日2026年2月14日; [attachments] PDF coloring pages 広報さっぽろ,,
S0049,北海道,旭川市,municipality,B,top,https://www.city.asahikawa.hokkaido.jp/,2026-02-14T19:30:00+09:00,200,https://www.city.asahikawa.hokkaido.jp/,旭川市,ja,custom,,true,true,true,mega,false,,false,false,false,,true,true,true,true,icon,true,false,,true,false,,false,false,false,,fair,medium,low,[skip_link] a href=#skip_main メインメニューをスキップして本文へ移動; [header_brand] img ast_logo.png alt 旭川市; [global_nav] horizontal mega くらし イベント 観光 事業者; [news_list] 新着情報 Feb dates; [pickup] 注目情報 36+ items; [carousel] スライドショー再生停止 controls; [hub_cards] icon SVG 妊娠出産 子育て 学校教育; [contact_info] 〒070-8525 0166-26-1111; [footer_policies] ホームページについて 個人情報,,
S0049,北海道,旭川市,municipality,B,contact,https://www.city.asahikawa.hokkaido.jp/1000/index.html,2026-02-14T19:31:00+09:00,200,https://www.city.asahikawa.hokkaido.jp/1000/index.html,相談・お問い合わせ | 旭川市,ja,custom,,true,true,true,dropdown,true,header,true,true,false,,false,false,false,false,,true,false,,true,false,,false,false,false,,fair,medium,medium,[skip_link] a href=#content; [breadcrumb] ホーム>相談お問い合わせ; [global_nav] balloon tooltip dropdown; [search] サイト内検索; [local_nav] よくあるご質問 困ったときの相談窓口; [contact_info] 〒070-8525 0166-26-1111; [footer_policies] 個人情報 サイトマップ,,
S0049,北海道,旭川市,municipality,B,service,https://www.city.asahikawa.hokkaido.jp/kurashi/218/228/229/p004671.html,2026-02-14T19:32:00+09:00,200,https://www.city.asahikawa.hokkaido.jp/kurashi/218/228/229/p004671.html,児童手当 | 旭川市,ja,custom,,true,true,true,horizontal,true,header,true,true,false,,true,false,false,false,,true,false,,true,true,external,true,true,true,pdf,good,low,low,[skip_link] a href=#content 本文へ; [breadcrumb] ホーム>くらし>子育て>手当助成金>各種手当>児童手当; [global_nav] horizontal; [search] サイト内検索; [local_nav] sidebar toc; [news_list] お知らせ system change; [contact_info] 子育て助成課 0166-25-6446; [contact_form] メールフォーム logoform.jp; [article_meta] 最終更新日2025年7月11日 ページID004671; [toc] numbered 1-8 sections; [attachments] 10+ PDF forms 認定請求書 別居監護申立書,,
S0049,北海道,旭川市,municipality,B,hub,https://www.city.asahikawa.hokkaido.jp/kurashi/408/index.html,2026-02-14T19:33:00+09:00,200,https://www.city.asahikawa.hokkaido.jp/kurashi/408/index.html,市民活動・参加・地域まちづくり | 旭川市,ja,custom,,true,true,true,horizontal,true,header,true,true,false,,false,false,false,true,text,true,false,,true,false,,false,false,false,,fair,low,low,[skip_link] img transparent.png #content 本文へ; [breadcrumb] ホーム>くらし>市民活動参加地域まちづくり; [global_nav] horizontal くらし イベント; [search] サイト内検索; [local_nav] 14 category links; [hub_cards] 14 text subcategories; [contact_info] 0166-26-1111; [footer_policies] privacy sitemap website info,,
S0049,北海道,旭川市,municipality,B,article,https://www.city.asahikawa.hokkaido.jp/700/723/735/d083393.html,2026-02-14T19:34:00+09:00,200,https://www.city.asahikawa.hokkaido.jp/700/723/735/d083393.html,令和8年度予算案の概要に関する記者会見（令和8年2月5日）| 旭川市,ja,custom,,true,true,true,horizontal,true,header,true,true,false,,false,false,false,false,,true,false,,true,false,,true,false,true,pdf,fair,medium,low,[skip_link] img transparent.png #content; [breadcrumb] ホーム>市政情報>広報報道広聴活動>記者発表; [global_nav] horizontal balloon; [search] サイト内検索; [local_nav] sidebar language color; [contact_info] 〒070-8525 0166-26-1111; [article_meta] 最終更新日2026年2月6日 ページID083393; [attachments] 7 PDF downloads split documents,,
S0051,北海道,帯広市,municipality,C,top,https://www.city.obihiro.hokkaido.jp/,2026-02-14T19:35:00+09:00,200,https://www.city.obihiro.hokkaido.jp/,帯広市総合トップページ｜帯広市ホームページ 十勝,ja,custom,FICSC,false,true,true,drawer,true,header,false,true,true,banner,false,true,true,true,icon,true,false,,true,false,,false,false,false,,poor,medium,medium,[header_brand] tlogo.svg 帯広市; [global_nav] drawer toggle 市民の方 観光の方 移住; [search] #key suggest field; [local_nav] 目的から探す 12 icon categories; [emergency] 緊急情報があります banner; [pickup] featured slider 4 images; [carousel] bxslider implementation; [hub_cards] 3-column cards + 12 target icons; [contact_info] 〒080-8670 0155-24-4111; [footer_policies] 著作権免責 プライバシーポリシー,,
S0051,北海道,帯広市,municipality,C,contact,https://www.city.obihiro.hokkaido.jp/shisei/gaiyo/soshiki/1006025/index.html,2026-02-14T19:36:00+09:00,200,https://www.city.obihiro.hokkaido.jp/shisei/gaiyo/soshiki/1006025/index.html,各課の連絡先・電話番号｜帯広市ホームページ 十勝,ja,custom,FICSC,true,true,true,dropdown,true,header,true,true,false,,false,false,false,true,text,true,true,/shisei/kouhou/homepage/site/usability.html,true,true,external,false,false,true,pdf,fair,low,medium,[skip_link] #HONBUN エンターキーでスキップ; [breadcrumb] トップ>市政情報>市の概要>市の組織; [global_nav] accordion 9 categories; [search] autocomplete suggest; [local_nav] department sidebar; [hub_cards] 11 department sections; [contact_info] 0155-65-4109 fax; [contact_form] ご意見お問い合わせフォーム external; [attachments] PDF 行政機構図; [accessibility] usability.html; [footer_policies] 著作権 プライバシー,,
S0051,北海道,帯広市,municipality,C,service,https://www.city.obihiro.hokkaido.jp/kyoiku/kosodate/teate/1017578.html,2026-02-14T19:37:00+09:00,200,https://www.city.obihiro.hokkaido.jp/kyoiku/kosodate/teate/1017578.html,児童手当｜帯広市ホームページ 十勝,ja,custom,FICSC,true,true,true,dropdown,true,header,true,true,false,,false,false,false,true,icon,true,true,/shisei/kouhou/homepage/site/usability.html,true,true,external,true,false,true,pdf,fair,medium,medium,[skip_link] #HONBUN; [breadcrumb] トップ>教育子育て>子育て>各種手当助成>児童手当; [global_nav] dropdown accordion; [search] suggest widget; [local_nav] sidebar related; [hub_cards] 目的から探す 12 icon links; [contact_info] こども課 0155-65-4160; [contact_form] external form link; [article_meta] ページ番号1017578 更新日2025年11月18日; [attachments] 5 PDF forms 認定請求書; [accessibility] usability.html,,
S0051,北海道,帯広市,municipality,C,hub,https://www.city.obihiro.hokkaido.jp/kurashi/gomi/index.html,2026-02-14T19:38:00+09:00,200,https://www.city.obihiro.hokkaido.jp/kurashi/gomi/index.html,ごみ・リサイクル｜帯広市ホームページ 十勝,ja,custom,FICSC,true,true,true,dropdown,true,header,true,true,false,,true,true,false,true,icon,true,true,/shisei/kouhou/homepage/site/usability.html,true,true,external,false,false,false,,fair,medium,medium,[skip_link] #HONBUN; [breadcrumb] トップ>くらし手続き>ごみリサイクル; [global_nav] accordion multi-level; [search] suggest; [local_nav] sidebar 収集日 分別 FAQ; [news_list] お知らせ 5items; [pickup] よくある問い合わせ FAQ; [hub_cards] 目的から探す 12 icons; [contact_info] 清掃事業課 phone fax; [contact_form] external form; [accessibility] usability.html; [footer_policies] 著作権 プライバシー,,
S0051,北海道,帯広市,municipality,C,article,https://www.city.obihiro.hokkaido.jp/shisei/mayor/kaiken/1017170/1019208.html,2026-02-14T19:39:00+09:00,200,https://www.city.obihiro.hokkaido.jp/shisei/mayor/kaiken/1017170/1019208.html,令和7年2月17日 市長記者会見｜帯広市ホームページ 十勝,ja,custom,FICSC,true,true,true,dropdown,true,header,true,true,false,,false,false,false,false,,true,true,/shisei/kouhou/homepage/site/usability.html,true,true,external,true,false,true,pdf,fair,medium,medium,[skip_link] #HONBUN; [breadcrumb] トップ>市政情報>市長室>記者会見; [global_nav] accordion drawer; [search] suggest; [local_nav] archive links; [hub_cards] icon quicklinks 妊娠出産子育て; [contact_info] 〒080-8670 0155-24-4111; [contact_form] external form; [article_meta] ページ番号1019208 更新日2026年2月8日; [attachments] PDF 配布資料1-3 YouTube; [accessibility] usability.html,,
S0084,福島県,郡山市,municipality,B,top,https://www.city.koriyama.lg.jp/,2026-02-14T19:35:00+09:00,200,https://www.city.koriyama.lg.jp/,郡山市公式ウェブサイト トップページ,ja,custom,,true,true,true,dropdown,true,header,false,true,false,,true,true,true,true,image,true,true,/site/userguide/,true,false,,false,false,true,pdf,fair,medium,medium,[skip_link] #skip メニューを飛ばして本文へ; [header_brand] logo.png 郡山市; [global_nav] dropdown hierarchical さがす Language 防災急病; [search] Googleカスタム検索+ページID検索; [local_nav] contextual子育て教育 健康福祉; [news_list] Newsお知らせ 新着情報 事業者 報道資料 tabs; [pickup] banner carousel こおりやま2026手話歌; [carousel] slick.css slider; [hub_cards] がくとくんラインナップ image thumbnails; [contact_info] 〒963-8601 024-924-2491; [attachments] PDF 広報こおりやま; [accessibility] 音声読み上げ /site/userguide/,,
S0084,福島県,郡山市,municipality,B,contact,https://www.city.koriyama.lg.jp/life/4/24/,2026-02-14T19:36:00+09:00,200,https://www.city.koriyama.lg.jp/life/4/24/,相談窓口 - 郡山市公式ウェブサイト,ja,custom,,true,true,true,dropdown,true,header,true,true,false,,true,true,false,false,,true,false,,true,false,,false,false,false,,fair,medium,medium,[skip_link] #skip; [breadcrumb] トップ>分類でさがす>しごと産業>相談窓口; [global_nav] multi-level dropdown; [search] Googleカスタム検索; [local_nav] subsections 働いている方 求職者; [news_list] 新着情報 2026-02-13; [pickup] category featured links; [hub_cards] がくとくんラインナップ; [contact_info] 〒963-8601 024-924-2491; [accessibility] 音声読み上げ font contrast; [footer_policies] 個人情報取扱い,,
S0084,福島県,郡山市,municipality,B,service,https://www.city.koriyama.lg.jp/site/kosodate/1373.html,2026-02-14T19:37:00+09:00,200,https://www.city.koriyama.lg.jp/site/kosodate/1373.html,児童手当について - 郡山市公式ウェブサイト,ja,custom,,true,true,true,dropdown,true,header,true,true,false,,false,true,false,true,image,true,false,,true,false,,true,true,true,pdf,fair,medium,medium,[skip_link] #skip; [breadcrumb] 郡山市子育てサイト>手続き>手当助成; [global_nav] dropdown Google Translate 16 languages; [search] Googleカスタム検索 PDF filter; [local_nav] sidebar 目的別 年齢別 手続き; [pickup] sidebar service widgets; [hub_cards] 4 service cards with images; [contact_info] 子育て給付課 024-924-2411; [article_meta] ページID0001373 更新日2024年11月8日; [toc] 5-item outline #shinseihouhou; [attachments] 5 PDF forms with sizes; [accessibility] ReadSpeaker,,
S0084,福島県,郡山市,municipality,B,hub,https://www.city.koriyama.lg.jp/site/kosodate/,2026-02-14T19:38:00+09:00,200,https://www.city.koriyama.lg.jp/site/kosodate/,郡山市子育てサイト - 郡山市公式ウェブサイト,ja,custom,,true,true,true,dropdown,true,header,false,true,false,,true,true,false,true,image,true,false,,true,false,,false,false,false,,fair,medium,medium,[skip_link] #skip; [global_nav] multi-level dropdown; [search] Googleカスタム検索 PDF filter; [local_nav] 6 categorical sections 目的別 年齢別; [news_list] 新着情報 5items 2025-2026; [pickup] がくとくんピックアップ; [hub_cards] 12+ promotional banner cards; [contact_info] department listings 024-924-3801; [accessibility] ReadSpeaker text-to-speech; [footer_policies] site usage privacy,,
S0084,福島県,郡山市,municipality,B,article,https://www.city.koriyama.lg.jp/soshiki/23/171592.html,2026-02-14T19:39:00+09:00,200,https://www.city.koriyama.lg.jp/soshiki/23/171592.html,令和8年2月の報道資料 - 郡山市公式ウェブサイト,ja,custom,,true,true,true,dropdown,true,header,true,true,false,,true,true,false,false,,true,false,,true,false,,true,false,true,pdf,fair,medium,low,[skip_link] #skip; [breadcrumb] トップ>組織でさがす>政策開発部>広聴広報課; [global_nav] accordion menu_open/close; [search] Googleカスタム検索; [local_nav] left nav くらし 子育て教育; [news_list] dated press releases by day; [pickup] 注目ワード Vaccine MyNumber; [hub_cards] がくとくんラインナップ 9variants 6categories; [contact_info] 024-924-2491; [article_meta] ページID0171592 更新日2026年2月13日; [attachments] 40+ PDF links with file sizes; [accessibility] /site/userguide/,,
S0086,福島県,会津若松市,municipality,C,top,https://www.city.aizuwakamatsu.fukushima.jp/,2026-02-14T19:40:00+09:00,200,https://www.city.aizuwakamatsu.fukushima.jp/,会津若松市,ja,Joruri CMS,,true,true,true,mega,true,header,false,true,true,banner,true,true,true,true,icon,true,true,/docs/2014120900018/,true,false,,false,false,false,,fair,medium,medium,[skip_link] a href=#main 本文へ移動; [header_brand] 会津若松市 logo; [global_nav] dropdown mega ライフイベント くらし手続き 健康福祉; [search] キーワードで探す header; [local_nav] sidebar department links; [emergency] ごみ緊急事態宣言 ツキノワグマ出没警報 banner; [news_list] 新着情報 2026年02月; [pickup] ピックアップ情報; [carousel] Crossfade script 6.5s; [hub_cards] icon ライフイベント 妊娠出産 子育て 結婚; [contact_info] 〒965-8601 0242-39-1111; [accessibility] /docs/2014120900018/ font contrast; [footer_policies] お問い合わせ先 このサイトについて,,
S0086,福島県,会津若松市,municipality,C,contact,https://www.city.aizuwakamatsu.fukushima.jp/docs/2007080601965/,2026-02-14T19:41:00+09:00,200,https://www.city.aizuwakamatsu.fukushima.jp/docs/2007080601965/,市民の相談窓口一覧 | 会津若松市,ja,Joruri CMS,,true,true,true,dropdown,false,,true,true,false,,false,false,false,false,,true,true,/docs/2014120900018/,true,false,,true,true,false,,fair,medium,medium,[skip_link] #main 本文へ移動; [breadcrumb] TOP>分野>市の紹介; [global_nav] dropdown Language selector; [local_nav] left nav toc links; [contact_info] multiple dept phones 0242-39-1221; [article_meta] 公開日2024年02月29日 更新日2026年01月29日; [toc] jump links 11 consultation categories; [accessibility] /docs/2014120900018/ font contrast; [footer_policies] お問い合わせ先 よくある問い合わせ このサイトについて,,
S0086,福島県,会津若松市,municipality,C,service,https://www.city.aizuwakamatsu.fukushima.jp/docs/2016111100025/,2026-02-14T19:42:00+09:00,200,https://www.city.aizuwakamatsu.fukushima.jp/docs/2016111100025/,児童手当について | 会津若松市,ja,Joruri CMS,,true,true,true,dropdown,false,,true,true,false,,false,false,false,false,,false,true,/docs/2014120900018/,true,true,external,true,true,true,pdf,fair,low,medium,[skip_link] #main; [breadcrumb] multiple trails; [global_nav] sidebar dropdown Language; [local_nav] section jump links; [contact_info] 0242-39-1243 FAX 2 branch offices; [contact_form] mail form ic-mail.gif external; [article_meta] 公開日2023年07月26日 更新日2025年06月02日; [toc] 9-item anchor menu; [attachments] 8 PDF forms 認定請求書 額改定; [accessibility] /docs/2014120900018/,,
S0086,福島県,会津若松市,municipality,C,hub,https://www.city.aizuwakamatsu.fukushima.jp/category/bunya/sougoukeikaku/01kosodate/,2026-02-14T19:43:00+09:00,200,https://www.city.aizuwakamatsu.fukushima.jp/category/bunya/sougoukeikaku/01kosodate/,政策分野1_子ども・子育て | 会津若松市,ja,Joruri CMS,,true,true,true,dropdown,false,,true,true,false,,true,false,false,false,,false,true,/docs/2014120900018/,true,false,,false,false,false,,fair,medium,medium,[skip_link] #main 本文へ移動; [breadcrumb] TOP>分野>第7次総合計画>政策分野1; [global_nav] dropdown multilang transLink; [local_nav] department sections こども家庭課 こども保育課; [news_list] 新着情報 12+ items dated; [contact_info] 〒965-8601 0242-39-1111; [accessibility] /docs/2014120900018/ ふりがな text size,,
S0086,福島県,会津若松市,municipality,C,article,https://www.city.aizuwakamatsu.fukushima.jp/docs/2026020300010/,2026-02-14T19:44:00+09:00,200,https://www.city.aizuwakamatsu.fukushima.jp/docs/2026020300010/,河東地域づくり委員会「地域満足度アンケート」の結果を報告します | 会津若松市,ja,Joruri CMS,,true,true,true,dropdown,false,,true,true,false,,false,false,false,false,,true,true,/docs/2014120900018/,true,true,external,true,false,true,pdf,fair,medium,medium,[skip_link] #main; [breadcrumb] TOP>分野>支所>河東支所; [global_nav] dropdown custom theme switcher; [local_nav] sidebar category nav; [contact_info] 0242-75-2113 fax; [contact_form] mail link external; [article_meta] 公開日2026年02月06日 更新日2026年02月06日; [attachments] PDF 地域満足度アンケート 1.3MB; [accessibility] /docs/2014120900018/ font background; [footer_policies] このサイトについて,,
S0095,神奈川県,横浜市,municipality,A,top,https://www.city.yokohama.lg.jp/,2026-02-14T20:00:00+09:00,200,https://www.city.yokohama.lg.jp/,横浜市 - トップページ,ja,custom,,true,true,true,dropdown,true,header,false,true,false,,true,true,true,true,icon,true,true,/aboutweb/webaccessibility/yomiage.html,true,false,,false,false,false,,fair,medium,low,[skip_link] #tmp_honbun 本文へスキップ; [header_brand] img hlogo.png 横浜市; [global_nav] dropdown collapsible メニューを開く; [search] キーワードで探す; [local_nav] ward pages category submenus; [news_list] お知らせ dated entries; [pickup] featured Spring Festival Harbor City; [carousel] image promotional sections; [hub_cards] よく利用される情報 icon+text; [contact_info] 045-664-2525 address hours; [accessibility] /aboutweb/webaccessibility/yomiage.html; [footer_policies] サイトポリシー,,
S0095,神奈川県,横浜市,municipality,A,contact,https://www.city.yokohama.lg.jp/callcenter/call.html,2026-02-14T20:01:00+09:00,200,https://www.city.yokohama.lg.jp/callcenter/call.html,横浜市コールセンター 横浜市,ja,custom,,true,true,true,dropdown,true,header,true,true,false,,false,false,false,true,icon,true,true,/aboutweb/webaccessibility/yomiage.html,true,true,external,true,true,false,,fair,medium,low,[skip_link] #tmp_honbun; [breadcrumb] トップ>コールセンター; [global_nav] multi-level dropdown; [search] キーワードで探す; [local_nav] section links; [hub_cards] illustrated icon cards ごみ分別 粗大ごみ 水道; [contact_info] 045-664-2525 FAX 045-664-2828; [contact_form] 問合せフォーム外部サイト; [article_meta] 最終更新日2026年1月30日; [toc] 4 section anchors; [accessibility] /aboutweb/webaccessibility/yomiage.html; [footer_policies] サイトポリシー 著作権,,
S0095,神奈川県,横浜市,municipality,A,service,https://www.city.yokohama.lg.jp/kosodate-kyoiku/oyakokenko/teate/teate/jite-gaiyou.html,2026-02-14T20:02:00+09:00,200,https://www.city.yokohama.lg.jp/kosodate-kyoiku/oyakokenko/teate/teate/jite-gaiyou.html,児童手当－概要 横浜市,ja,custom,,true,true,true,dropdown,true,header,true,true,false,,false,false,false,true,image,true,false,,true,false,,true,false,true,pdf,fair,medium,low,[skip_link] #tmp_honbun; [breadcrumb] 6-level trail; [global_nav] multi-level hierarchical; [search] キーワードで探す; [local_nav] 関連ページ一覧; [hub_cards] life-scene icon cards 結婚離婚 妊娠出産; [contact_info] 045-641-8411 fax; [article_meta] 最終更新日2025年12月2日; [attachments] PDF 児童手当リーフレット 781KB; [footer_policies] サイトポリシー 著作権,,
S0095,神奈川県,横浜市,municipality,A,hub,https://www.city.yokohama.lg.jp/kosodate-kyoiku/index.html,2026-02-14T20:03:00+09:00,200,https://www.city.yokohama.lg.jp/kosodate-kyoiku/index.html,子育て・教育 横浜市,ja,custom,,true,true,true,mega,true,header,true,true,false,,true,true,false,true,image,true,true,/aboutweb/webaccessibility/yomiage.html,true,false,,false,false,false,,fair,medium,low,[skip_link] #tmp_honbun; [breadcrumb] home>子育て教育; [global_nav] mega-menu 7 categories; [search] キーワードで探す; [local_nav] 9 category links; [news_list] 新着情報 Feb2026; [pickup] おすすめコンテンツ; [hub_cards] 9 sectioned cards with images; [contact_info] 045-664-2525; [accessibility] /aboutweb/webaccessibility/yomiage.html; [footer_policies] サイトポリシー usage guide,,
S0095,神奈川県,横浜市,municipality,A,article,https://www.city.yokohama.lg.jp/city-info/koho-kocho/press/seya/2025/0204seyairodori.html,2026-02-14T20:04:00+09:00,200,https://www.city.yokohama.lg.jp/city-info/koho-kocho/press/seya/2025/0204seyairodori.html,GREEN×EXPO 2027 開催400日前 記念イベント「せや・irodori（彩り）ビレッジ」を開催します 横浜市,ja,custom,,true,true,true,dropdown,true,header,true,true,false,,false,false,false,false,,true,true,/aboutweb/webaccessibility/yomiage.html,true,false,,true,false,true,pdf,fair,medium,low,[skip_link] #tmp_honbun; [breadcrumb] 7-level path; [global_nav] accordion 7 categories; [search] キーワードで探す; [local_nav] 18 ward links; [contact_info] phone fax email; [article_meta] 最終更新日2026年2月4日; [attachments] PDF 記者発表資料 578KB; [accessibility] /aboutweb/webaccessibility/yomiage.html; [footer_policies] サイトポリシー usage,,
S0104,埼玉県,川口市,municipality,B,top,https://www.city.kawaguchi.lg.jp/,2026-02-14T20:00:00+09:00,200,https://www.city.kawaguchi.lg.jp/,ホーム／川口市ホームページ,ja,SMART CMS,,true,true,true,mega,false,,false,true,false,,true,true,true,true,image,false,false,,true,false,,false,false,false,,fair,medium,medium,[skip_link] #container 本文へ移動; [header_brand] 埼玉県川口市 Kawaguchi City Official Site; [global_nav] mega dropdown 7 categories くらし手続き 子育て学校 健康介護; [local_nav] section menus under categories; [news_list] 重要なお知らせ 新着情報 イベント 募集; [pickup] featured notices carousel images; [carousel] image slider 川口駅付近; [hub_cards] 便利なサービス 8 image cards; [contact_info] 048-258-1110 address hours; [accessibility] ReadSpeaker 音声読み上げ,,
S0104,埼玉県,川口市,municipality,B,contact,https://www.city.kawaguchi.lg.jp/homepage/4550.html,2026-02-14T20:01:00+09:00,200,https://www.city.kawaguchi.lg.jp/homepage/4550.html,お問い合わせ先／川口市ホームページ,ja,SMART CMS,,true,true,true,mega,false,,true,true,false,,false,false,false,false,,true,false,,true,true,external,true,false,false,,fair,medium,medium,[skip_link] #container 本文へ移動; [breadcrumb] ホーム>このサイトについて>お問い合わせ先; [global_nav] 7 categories dropdown; [local_nav] section menus; [contact_info] 048-258-1110 8:30-17:15; [contact_form] メールでのお問い合わせ external; [article_meta] 更新日2020年08月19日; [accessibility] ReadSpeaker; [footer_policies] このサイトについて 市政へのご意見 サイトマップ,,
S0104,埼玉県,川口市,municipality,B,service,https://www.city.kawaguchi.lg.jp/soshiki/01080/020/5/2/44350.html,2026-02-14T20:02:00+09:00,200,https://www.city.kawaguchi.lg.jp/soshiki/01080/020/5/2/44350.html,児童手当について／川口市ホームページ,ja,SMART CMS,,true,true,true,mega,false,,true,true,false,,true,false,false,false,,false,false,,true,true,external,true,true,true,pdf,fair,medium,medium,[skip_link] #container; [breadcrumb] ホーム>組織>子ども部>児童手当; [global_nav] 7-item hierarchical; [local_nav] sidebar links 対象児童 支給対象者; [news_list] お知らせ 2 announcements; [contact_info] 子ども部 048-258-1113; [contact_form] email inquiry link; [article_meta] 更新日2024年10月01日; [toc] 参照したい項目をクリック anchor nav; [attachments] 9 PDF downloads forms; [accessibility] ReadSpeaker,,
S0104,埼玉県,川口市,municipality,B,hub,https://www.city.kawaguchi.lg.jp/kurashi_tetsuzuki/gomi_risaikuru/2/index.html,2026-02-14T20:03:00+09:00,200,https://www.city.kawaguchi.lg.jp/kurashi_tetsuzuki/gomi_risaikuru/2/index.html,ごみの分け方・出し方／川口市ホームページ,ja,SMART CMS,,true,true,true,mega,false,,true,true,false,,true,true,false,true,text,false,false,,true,false,,false,false,false,,fair,medium,medium,[skip_link] #container; [breadcrumb] Home>Living>Waste/Recycling; [global_nav] mega 7 categories; [local_nav] sidebar FAQ sorting guide bulk waste; [news_list] 新着情報 placeholder; [pickup] FAQ highlights 5 items; [hub_cards] topic section links Home waste Calendar Sorting; [contact_info] 048-258-1110; [accessibility] ReadSpeaker,,
S0104,埼玉県,川口市,municipality,B,article,https://www.city.kawaguchi.lg.jp/soshiki/06020/010/17/49662.html,2026-02-14T20:04:00+09:00,200,https://www.city.kawaguchi.lg.jp/soshiki/06020/010/17/49662.html,2月1日は川口市長選挙・川口市議会議員補欠選挙の投票日です／川口市ホームページ,ja,SMART CMS,,true,true,true,mega,false,,true,true,false,,true,false,false,false,,true,false,,true,true,external,true,false,true,pdf,fair,medium,medium,[skip_link] #container; [breadcrumb] ホーム>組織>選挙管理委員会; [global_nav] multi-level dropdown; [local_nav] section menu; [news_list] pageListDynBlock dynamic; [contact_info] 選挙管理委員会事務局 phone fax email; [contact_form] inquiry.php external; [article_meta] 更新日2026年02月06日; [attachments] multiple PDF candidate info voting cards; [accessibility] ReadSpeaker; [footer_policies] このサイトについて 市政へのご意見,,
S0111,東京都,新宿区,municipality,C,top,https://www.city.shinjuku.lg.jp/,2026-02-14T20:05:00+09:00,200,https://www.city.shinjuku.lg.jp/,新宿区,ja,custom,,true,true,true,mega,true,header,false,true,false,,true,true,true,true,icon,true,true,/kusei/snjk001055.html,true,true,external,false,false,false,,fair,medium,medium,[skip_link] #main 本文へ; [header_brand] logo /index.html; [global_nav] 6 main categories くらし 観光文化 産業ビジネス; [search] 新宿区サイト内検索; [local_nav] contextual menus; [news_list] 新着情報 2026-02-13; [pickup] carousel 6 featured items; [carousel] image numbered indicators; [hub_cards] テーマから探す 11 thematic icons; [contact_info] 03-3209-9999; [contact_form] ご意見フォーム external; [accessibility] /kusei/snjk001055.html color audio; [footer_policies] 個人情報 アクセシビリティ方針,,
S0111,東京都,新宿区,municipality,C,contact,https://www.city.shinjuku.lg.jp/kusei/file04_00002.html,2026-02-14T20:06:00+09:00,200,https://www.city.shinjuku.lg.jp/kusei/file04_00002.html,しんじゅくコール：新宿区,ja,custom,,true,true,true,dropdown,true,header,true,true,false,,false,false,false,true,text,true,true,/kusei/accessibility_index.html,true,true,external,true,false,false,,fair,medium,low,[skip_link] #container 本文へ; [breadcrumb] ホーム>その他区政情報>広報広聴>区政へのご意見; [global_nav] categorical menus; [search] サイト内検索; [local_nav] related links; [hub_cards] service category cards; [contact_info] 03-3209-9999 fax address; [contact_form] ご意見フォーム opinion form; [article_meta] 最終更新日2026年1月5日 ページID000004801; [accessibility] /kusei/accessibility_index.html; [footer_policies] 個人情報 アクセシビリティ,,
S0111,東京都,新宿区,municipality,C,service,https://www.city.shinjuku.lg.jp/kodomo/file03_04_00004.html,2026-02-14T20:07:00+09:00,200,https://www.city.shinjuku.lg.jp/kodomo/file03_04_00004.html,児童手当：新宿区,ja,custom,,true,true,true,dropdown,true,header,true,true,false,,false,false,false,false,,true,true,/kusei/snjk001055.html,true,false,,true,false,true,pdf,fair,medium,medium,[skip_link] #container 本文へ; [breadcrumb] ホーム>くらし>出産子ども教育>児童手当; [global_nav] sidebar+mobile multi-level; [search] サイト内検索; [local_nav] 手当助成 sidebar; [contact_info] 03-5273-4546 fax address hours; [article_meta] 最終更新日2025年6月6日; [attachments] PDF forms 認定請求書 申立書; [accessibility] /kusei/snjk001055.html; [footer_policies] privacy accessibility,,
S0111,東京都,新宿区,municipality,C,hub,https://www.city.shinjuku.lg.jp/kenkou/index.html,2026-02-14T20:08:00+09:00,200,https://www.city.shinjuku.lg.jp/kenkou/index.html,健康・医療・衛生：新宿区,ja,custom,,true,true,true,dropdown,true,header,true,true,false,,true,true,false,false,,true,true,/kusei/accessibility_index.html,true,false,,true,true,false,,fair,medium,medium,[skip_link] #container; [breadcrumb] ホーム>くらし>健康医療衛生; [global_nav] accordion multi-level; [search] サイト内検索; [local_nav] sidebar 健康医療 感染症予防接種; [news_list] dated announcements 令和7年度; [pickup] 困りごと悩みごと相談窓口一覧; [contact_info] 03-3209-9999 fax hours; [article_meta] ページID000002330; [toc] hierarchical link list; [accessibility] /kusei/accessibility_index.html; [footer_policies] 個人情報 アクセシビリティ,,
S0111,東京都,新宿区,municipality,C,article,https://www.city.shinjuku.lg.jp/whatsnew/pub/2026/0125-01.html,2026-02-14T20:09:00+09:00,200,https://www.city.shinjuku.lg.jp/whatsnew/pub/2026/0125-01.html,約13000人のランナーが新宿のまちを駆け巡る 新宿シティハーフマラソンを開催：新宿区,ja,custom,,true,true,true,dropdown,true,header,true,true,false,,false,false,true,false,,true,true,/kusei/accessibility_index.html,true,true,external,true,false,false,,fair,medium,medium,[skip_link] #container 本文へ; [breadcrumb] Home>その他区政情報>広報広聴>ニュースリリース; [global_nav] multi-level menus; [search] サイト内検索; [local_nav] category sidebar; [carousel] image gallery 4 photos; [contact_info] 〒160-8484 03-3209-1111; [contact_form] opinion form external; [article_meta] 最終更新日2026年1月25日; [accessibility] /kusei/accessibility_index.html; [footer_policies] privacy accessibility usage,,
S0117,東京都,世田谷区,municipality,C,top,https://www.city.setagaya.lg.jp/,2026-02-14T20:05:00+09:00,200,https://www.city.setagaya.lg.jp/,世田谷区公式ホームページ,ja,custom,,true,true,true,dropdown,true,header,false,true,false,,true,true,false,true,text,true,true,/moji/index.html,true,true,external,false,false,false,,fair,medium,low,[skip_link] #tmp_honbun; [header_brand] 世田谷区 heading; [global_nav] vertical list 閲覧支援 Foreign Language; [search] multiple query methods keyword; [local_nav] 5 geographic areas; [news_list] お知らせ 12+ dated items; [pickup] featured content boxes; [hub_cards] life scenes organization nav grid; [contact_info] せたがやコール 03-5432-3333; [contact_form] 入力フォーム tayori.com; [accessibility] /moji/index.html font color audio; [footer_policies] terms privacy copyright sitemap,,
S0117,東京都,世田谷区,municipality,C,contact,https://www.city.setagaya.lg.jp/02002/25858.html,2026-02-14T20:06:00+09:00,200,https://www.city.setagaya.lg.jp/02002/25858.html,区へのご意見・問い合わせ | 世田谷区公式ホームページ,ja,custom,Graffer,true,true,true,dropdown,true,header,true,true,false,,false,false,false,false,,true,true,/moji/index.html,true,true,external,true,true,true,mixed,fair,medium,low,[skip_link] #tmp_honbun; [breadcrumb] ホーム>区政情報>区政への参加; [global_nav] accordion; [search] キーワード+ページID; [local_nav] sidebar contact categories; [contact_info] 03-5432-3333 fax 03-5432-3100; [contact_form] tayori.com external form; [article_meta] 最終更新日2026年1月6日 ページID25858; [toc] 目次 section links; [attachments] PDF DOCX FAQ guide FAX forms; [accessibility] /moji/index.html voice reading; [footer_policies] サイトについて 個人情報 著作権,,
S0117,東京都,世田谷区,municipality,C,service,https://www.city.setagaya.lg.jp/mokuji/kodomo/008/002/d00039056.html,2026-02-14T20:07:00+09:00,404,,,,,,false,false,false,,false,,false,false,false,,false,false,false,false,,false,false,,false,false,,false,false,false,,,,,HTTP 404 - page not found,,
S0117,東京都,世田谷区,municipality,C,hub,https://www.city.setagaya.lg.jp/kodomokyouiku/kosodate/13020.html,2026-02-14T20:08:00+09:00,200,https://www.city.setagaya.lg.jp/kodomokyouiku/kosodate/13020.html,子育て・教育に関する手当 | 世田谷区公式ホームページ,ja,custom,,true,true,true,dropdown,true,header,true,true,false,,false,true,false,false,,true,true,/moji/index.html,true,true,external,true,false,false,,fair,medium,low,[skip_link] #tmp_honbun; [breadcrumb] トップ>子ども教育>子育て教育手当; [global_nav] horizontal dropdowns; [search] キーワード+ページID; [local_nav] district region nav; [pickup] 5 related links 物価高対応手当 児童手当; [contact_info] せたがやコール 03-5432-3333; [contact_form] 入力フォーム tayori.com; [article_meta] ページID13020; [accessibility] /moji/index.html; [footer_policies] サイトについて 個人情報 著作権,,
S0117,東京都,世田谷区,municipality,C,article,https://www.city.setagaya.lg.jp/02006/31154.html,2026-02-14T20:09:00+09:00,200,https://www.city.setagaya.lg.jp/02006/31154.html,企画総務委員会（令和8年2月3日開催） | 世田谷区公式ホームページ,ja,custom,,true,true,true,dropdown,true,header,true,true,false,,false,true,false,false,,true,true,/moji/index.html,true,true,external,true,true,true,pdf,fair,medium,low,[skip_link] #tmp_honbun; [breadcrumb] トップ>区政情報; [global_nav] dropdown menus; [search] キーワード+ページID; [local_nav] regional district subnavs; [pickup] related committee meeting links; [hub_cards] grouped agenda items with PDF links; [contact_info] 総務部総務課 03-5432-2062; [contact_form] tayori.com inquiry; [article_meta] 最終更新日2026年2月5日; [toc] 目次 numbered sections; [attachments] 19 agenda items 12 reports PDF KB sizes; [accessibility] /moji/index.html voice reading; [footer_policies] サイトについて 個人情報 著作権,,
S0118,東京都,渋谷区,municipality,C,top,https://www.city.shibuya.tokyo.jp/,2026-02-14T20:05:00+09:00,200,https://www.city.shibuya.tokyo.jp/,渋谷区公式サイト | 渋谷区ポータル,ja,microCMS,Nuxt/Vue.js,false,true,true,dropdown,true,header,false,true,false,,true,true,true,true,icon,true,true,/guide/website/list/accessibility.html,true,false,,false,false,false,,fair,medium,low,[header_brand] logo.svg ちがいをちからに変える街渋谷区; [global_nav] tab-based トップ 調べる 手続き お問い合わせ; [search] Googleカスタム検索; [local_nav] category event nav; [news_list] 渋谷からのお知らせ 4 dated entries; [pickup] リンクピックアップ 20 pictogram cards; [carousel] スライド再生停止 manual carousel; [hub_cards] pictogram cards 14.5% width grid; [contact_info] 03-3463-1211 address hours; [accessibility] /guide/website/list/accessibility.html; [footer_policies] サイトポリシー アクセシビリティ方針,,
S0118,東京都,渋谷区,municipality,C,contact,https://www.city.shibuya.tokyo.jp/kusei/kocho/opinionindex/inquiry.html,2026-02-14T20:06:00+09:00,200,https://www.city.shibuya.tokyo.jp/kusei/kocho/opinionindex/inquiry.html,各種お問い合わせ | 区へのお問い合わせ・ご意見・ご要望 | 渋谷区ポータル,ja,microCMS,Nuxt/Vue.js,false,true,true,dropdown,true,header,true,true,false,,true,false,false,false,,true,true,/guide/website/list/accessibility.html,true,true,external,true,true,false,,fair,medium,low,[header_brand] logo.svg; [global_nav] 7 nav-items Vue component; [search] Googleカスタム検索; [breadcrumb] TOP>区政情報>広聴>お問い合わせ; [local_nav] sidebar FAQ applications; [news_list] notification list dated; [hub_cards] 7 category cards pictogram icons; [contact_info] 03-3463-1211; [contact_form] WEB問い合わせフォーム+有人チャット external; [article_meta] 2025年10月7日; [toc] anchor links; [accessibility] /guide/website/list/accessibility.html; [footer_policies] サイトポリシー アクセシビリティ方針,,
S0118,東京都,渋谷区,municipality,C,service,https://www.city.shibuya.tokyo.jp/kodomo/kodomo-teate-josei/kodomo-teate/jido_t.html,2026-02-14T20:07:00+09:00,200,https://www.city.shibuya.tokyo.jp/kodomo/kodomo-teate-josei/kodomo-teate/jido_t.html,児童手当 | 手当 | 渋谷区ポータル,ja,microCMS,Nuxt/Vue.js,false,true,true,dropdown,true,header,true,true,false,,true,false,false,false,,true,true,/guide/website/list/accessibility.html,true,true,external,true,true,true,pdf,fair,medium,low,[header_brand] logo.svg; [global_nav] icon-labeled 7 items; [search] Googleカスタム検索; [breadcrumb] TOP>子育て教育>手当助成>手当; [local_nav] sidebar FAQ applications emergency; [news_list] notification PWA data; [hub_cards] 7 category tiles icons; [contact_info] 子ども青少年課 03-3463-2558; [contact_form] お問い合わせフォーム外部サイト; [article_meta] 更新日2025年8月4日; [toc] 8 anchor-linked sections h2; [attachments] 7 PDF forms 認定請求書 183KB; [accessibility] /guide/website/list/accessibility.html; [footer_policies] サイトポリシー アクセシビリティ方針,,
S0118,東京都,渋谷区,municipality,C,hub,https://www.city.shibuya.tokyo.jp/kodomo/kodomo-teate-josei/kodomo-teate/,2026-02-14T20:08:00+09:00,200,https://www.city.shibuya.tokyo.jp/kodomo/kodomo-teate-josei/kodomo-teate/,手当 | 子どもの手当・助成 | 渋谷区ポータル,ja,microCMS,Nuxt/Vue.js,false,true,true,dropdown,true,header,true,true,false,,true,true,false,true,icon,true,true,/guide/website/list/accessibility.html,true,false,,false,false,false,,fair,low,low,[header_brand] logo.svg; [global_nav] primary+secondary 7 items; [search] Googleカスタム検索; [breadcrumb] TOP>子育て教育>手当助成; [local_nav] sidebar 6 category links; [news_list] 新着情報 dated 2026年1月19日; [pickup] featured content category thumbnails; [hub_cards] 6 category cards icons titles; [contact_info] 03-3463-1211; [accessibility] /guide/website/list/accessibility.html; [footer_policies] サイトポリシー アクセシビリティ方針,,
S0118,東京都,渋谷区,municipality,C,article,https://www.city.shibuya.tokyo.jp/contents/koho-news/1602/20260215_bousai.html,2026-02-14T20:09:00+09:00,200,https://www.city.shibuya.tokyo.jp/contents/koho-news/1602/20260215_bousai.html,【防災・安全・環境・エネルギー】人のつながりと意識が未来を守る街へ。| 区政情報 | 渋谷区ポータル,ja,microCMS,Nuxt/Vue.js,false,true,true,dropdown,true,header,true,false,false,,true,true,false,false,,true,true,/guide/website/list/accessibility.html,true,false,,true,false,true,pdf,fair,medium,low,[header_brand] logo.svg; [global_nav] 7 main items くらし 健康福祉; [search] Googleカスタム検索; [breadcrumb] TOP>区政情報>しぶや区ニュース>令和8年2月15日号; [news_list] linked news items 建築物防災週間; [pickup] ピアニスト featured article; [hub_cards] 7 circular category buttons icons; [contact_info] 03-3463-1211 〒150-8010; [article_meta] 令和8年2月15日号; [attachments] PDF 令和8年2月15日号 13597KB; [accessibility] /guide/website/list/accessibility.html; [footer_policies] サイトマップ サイトポリシー アクセシビリティ方針,,
S0139,東京都,小笠原村,municipality,D,top,https://www.vill.ogasawara.tokyo.jp/,2026-02-14T22:32:00+09:00,200,https://www.vill.ogasawara.tokyo.jp/,小笠原村公式サイト,,WordPress,,true,true,true,dropdown,true,header,false,false,false,,true,true,true,true,text,true,true,/webaccessibility_guidelines/,true,false,,false,false,false,,fair,medium,medium,[skip] a#pagetop 本文に移動する; [brand] logo 小笠原村; [gnav] dropdown nav; [search] header search; [news] お知らせ date+link; [pickup] トピックス; [carousel] image slider; [hub] text cards 手続き・届出/出産・子育て; [footer] 個人情報保護; [a11y] ウェブアクセシビリティ; [contact] TEL:04998-2-3111,,
S0139,東京都,小笠原村,municipality,D,contact,https://www.vill.ogasawara.tokyo.jp/toiawase/,2026-02-14T22:32:00+09:00,200,https://www.vill.ogasawara.tokyo.jp/toiawase/,お問い合わせ ｜ 小笠原村公式サイト,,WordPress,,true,true,true,dropdown,true,header,true,false,false,,false,false,false,false,,true,true,/webaccessibility_guidelines/,true,true,simple,false,false,false,,fair,low,low,[skip] a#pagetop; [brand] logo; [gnav] dropdown; [search] header; [bread] ホーム > お問い合わせ; [footer] 個人情報保護; [a11y] ウェブアクセシビリティ; [contact] 〒100-2101 TEL:04998-2-3111; [form] CF7 multi-field form,,
S0139,東京都,小笠原村,municipality,D,hub,https://www.vill.ogasawara.tokyo.jp/sonmin/kosodate/,2026-02-14T22:33:00+09:00,200,https://www.vill.ogasawara.tokyo.jp/sonmin/kosodate/,子育て支援 ｜ 小笠原村公式サイト,,WordPress,,true,true,true,dropdown,true,header,true,true,false,,false,false,false,false,,true,true,/webaccessibility_guidelines/,true,false,,false,false,true,mixed,fair,low,low,[skip] a#pagetop; [brand] logo; [gnav] dropdown; [search] header; [bread] ホーム > 村民課 > 子育て支援; [local] sidebar 村民課; [footer] 個人情報保護; [a11y] ウェブアクセシビリティ; [contact] 村民課福祉係 TEL:2-3939; [attach] PDF+Word docs,,
S0153,石川県,金沢市,municipality,B,top,https://www4.city.kanazawa.lg.jp/,2026-02-14T22:35:00+09:00,200,https://www4.city.kanazawa.lg.jp/,ホーム／金沢市公式ホームページ いいね金沢,,SMART CMS,,true,true,true,dropdown,false,,false,false,true,banner,true,true,false,true,icon,true,true,https://www4.city.kanazawa.lg.jp/19177.html,true,false,,false,false,false,,fair,medium,medium,[skip] a#container 本文へ; [brand] logo 金沢市; [gnav] dropdown 6categories; [emergency] 大雪に関する情報/油流出事故; [news] 新着情報/お知らせ; [pickup] ピックアップ; [hub] icon cards よく利用されるメニュー; [footer] 個人情報/著作権; [a11y] アクセシビリティ; [contact] 〒920-8577 TEL:076-220-2111,,
S0153,石川県,金沢市,municipality,B,contact,https://www4.city.kanazawa.lg.jp/23047.html,2026-02-14T22:35:00+09:00,200,https://www4.city.kanazawa.lg.jp/23047.html,市役所へのアクセス／金沢市公式ホームページ いいね金沢,,SMART CMS,,true,true,true,dropdown,false,,true,false,false,,false,false,false,false,,true,true,https://www4.city.kanazawa.lg.jp/19177.html,true,true,external,false,false,false,,fair,medium,medium,[skip] a#container; [brand] logo; [gnav] dropdown; [bread] ホーム>市役所へのアクセス; [footer] 個人情報; [a11y] アクセシビリティ; [contact] 〒920-8577 TEL:076-220-2111; [form] inquiry.php external,,
S0153,石川県,金沢市,municipality,B,service,https://www4.city.kanazawa.lg.jp/soshikikarasagasu/kosodateshienka/gyomuannai/2/1/9397.html,2026-02-14T22:36:00+09:00,200,https://www4.city.kanazawa.lg.jp/soshikikarasagasu/kosodateshienka/gyomuannai/2/1/9397.html,児童手当制度について／金沢市公式ホームページ いいね金沢,,SMART CMS,,true,true,true,dropdown,false,,true,true,false,,false,false,false,false,,true,true,https://www4.city.kanazawa.lg.jp/19177.html,true,true,external,false,false,true,pdf,fair,medium,medium,[skip] a#container; [brand] logo; [gnav] dropdown; [bread] 組織>子育て支援課>児童手当; [local] sidebar org nav; [footer] 個人情報; [a11y] アクセシビリティ; [contact] TEL:076-220-2285; [form] inquiry.php; [attach] マイナポータル操作方法 PDF 627.5KB,,
S0153,石川県,金沢市,municipality,B,hub,https://www4.city.kanazawa.lg.jp/kosodate_kyoiku/jidoteate_jidofuyoteate/index.html,2026-02-14T22:36:00+09:00,200,https://www4.city.kanazawa.lg.jp/kosodate_kyoiku/jidoteate_jidofuyoteate/index.html,児童手当・児童扶養手当／金沢市公式ホームページ いいね金沢,,SMART CMS,,true,true,true,dropdown,false,,true,true,false,,false,false,false,false,,true,true,https://www4.city.kanazawa.lg.jp/19177.html,true,false,,false,false,false,,fair,medium,low,[skip] a#container; [brand] logo; [gnav] dropdown; [bread] ホーム>子育て・教育>児童手当; [local] 子育て・教育 sub-nav; [footer] 個人情報; [a11y] アクセシビリティ; [contact] 〒920-8577 TEL:076-220-2111,,
S0153,石川県,金沢市,municipality,B,article,https://www4.city.kanazawa.lg.jp/news/30509.html,2026-02-14T22:37:00+09:00,200,https://www4.city.kanazawa.lg.jp/news/30509.html,令和7年分の保険料納付済額のお知らせについて,,SMART CMS,,true,true,true,dropdown,false,,true,false,false,,false,false,false,false,,true,true,https://www4.city.kanazawa.lg.jp/19177.html,true,true,external,false,false,false,,fair,low,medium,[skip] a#container; [brand] logo; [gnav] dropdown; [bread] ホーム>お知らせ; [footer] 個人情報; [a11y] アクセシビリティ; [contact] 保険年金課 050-1792-1620; [form] お問い合わせフォーム link,,
S0162,新潟県,長岡市,municipality,C,top,https://www.city.nagaoka.niigata.jp/,2026-02-14T22:40:00+09:00,200,https://www.city.nagaoka.niigata.jp/,長岡市公式サイト,,,,false,true,true,drawer,true,header,false,false,false,,false,true,true,true,image,true,true,https://www.city.nagaoka.niigata.jp/other/accessibility.html,true,false,,false,false,false,,poor,medium,low,[brand] logo 長岡市公式サイト; [gnav] drawer 6categories; [search] icon search; [pickup] ピックアップ 3items; [carousel] play/pause slider; [hub] image cards; [footer] アクセシビリティ/個人情報/免責; [a11y] アクセシビリティ; [contact] 〒940-8501 TEL:0258-35-1122,,
S0162,新潟県,長岡市,municipality,C,contact,https://www.city.nagaoka.niigata.jp/other/toiawase.html,2026-02-14T22:40:00+09:00,200,https://www.city.nagaoka.niigata.jp/other/toiawase.html,お問い合わせ - 長岡市,,,,false,true,true,horizontal,true,header,false,false,false,,false,false,false,false,,true,true,https://www.city.nagaoka.niigata.jp/other/accessibility.html,true,false,,false,false,false,,poor,medium,low,[brand] logo; [gnav] horizontal 6items; [search] icon; [footer] アクセシビリティ/個人情報/免責; [a11y] アクセシビリティ; [contact] 〒940-8501 TEL:0258-35-1122 hours,,
S0162,新潟県,長岡市,municipality,C,service,https://www.city.nagaoka.niigata.jp/kosodate/cate01/child-allowance/index.html,2026-02-14T22:41:00+09:00,200,https://www.city.nagaoka.niigata.jp/kosodate/cate01/child-allowance/index.html,児童手当 - 長岡市,,,,false,true,true,horizontal,true,header,true,false,false,,false,false,false,false,,true,true,https://www.city.nagaoka.niigata.jp/other/accessibility.html,true,false,,false,false,false,,fair,low,low,[brand] logo; [gnav] horizontal; [search] icon; [bread] トップ>子育て・教育>妊娠・出産>児童手当; [footer] 個人情報/免責; [a11y] アクセシビリティ; [contact] 子ども政策課 TEL:0258-39-2355,,
S0162,新潟県,長岡市,municipality,C,hub,https://www.city.nagaoka.niigata.jp/kosodate/index.html,2026-02-14T22:41:00+09:00,200,https://www.city.nagaoka.niigata.jp/kosodate/index.html,子育て・教育 - 長岡市,,,,false,true,true,horizontal,true,header,true,true,false,,true,true,false,true,icon,true,true,https://www.city.nagaoka.niigata.jp/other/accessibility.html,true,false,,false,false,false,,poor,medium,medium,[brand] logo; [gnav] horizontal; [search] icon; [bread] トップ>子育て・教育; [local] submenu 妊娠・出産/子育て/学校教育; [news] 更新情報 dated entries; [pickup] トピックス; [hub] icon cards; [footer] アクセシビリティ/個人情報; [a11y] アクセシビリティ; [contact] TEL:0258-35-1122,,
S0162,新潟県,長岡市,municipality,C,article,https://www.city.nagaoka.niigata.jp/shisei/cate02/blog/20260104-1.html,2026-02-14T22:42:00+09:00,200,https://www.city.nagaoka.niigata.jp/shisei/cate02/blog/20260104-1.html,防火・防災の決意新たに！消防出初式 - 長岡市,,,,false,true,true,horizontal,true,header,true,false,false,,false,false,false,false,,true,true,https://www.city.nagaoka.niigata.jp/other/accessibility.html,true,false,,true,false,true,pdf,fair,medium,medium,[brand] logo; [gnav] horizontal; [search] icon; [bread] トップ>市政>広報>広報な毎日; [footer] アクセシビリティ/個人情報/免責; [a11y] アクセシビリティ; [contact] 〒940-8501 TEL:0258-35-1122; [meta] 投稿日 2026年1月4日; [attach] 市政だより PDF,,
S0178,新潟県,佐渡市,municipality,D,top,https://www.city.sado.niigata.jp/,2026-02-14T22:44:00+09:00,200,https://www.city.sado.niigata.jp/,佐渡市公式ホームページ,,,,true,true,true,horizontal,false,,false,false,false,,false,false,true,false,,false,false,,true,false,,false,false,false,,poor,medium,medium,[skip] a#skip メニューを飛ばして本文へ; [brand] logo 佐渡市; [gnav] horizontal text nav; [carousel] image slider 4photos; [contact] 〒952-1292 Tel:0259-63-3111,,
S0178,新潟県,佐渡市,municipality,D,service,https://www.city.sado.niigata.jp/soshiki/2010/3996.html,2026-02-14T22:44:00+09:00,404,,,,,,false,false,false,,false,,false,false,false,,false,false,false,false,,false,false,,false,false,,false,false,false,,,,,HTTP 404 - page not found,,
S0178,新潟県,佐渡市,municipality,D,hub,https://www.city.sado.niigata.jp/life/1/9/56/,2026-02-14T22:45:00+09:00,200,https://www.city.sado.niigata.jp/life/1/9/56/,子育て支援 - 新潟県佐渡市公式ホームページ,,,,true,true,true,horizontal,true,header,true,true,false,,true,true,false,false,,true,true,/soshiki/2002/71541.html,true,true,external,false,false,false,,fair,medium,medium,[skip] a#skip; [brand] logo; [gnav] horizontal categories; [search] Googleカスタム検索; [bread] トップ>くらしの情報>子育て; [local] sidebar おすすめ/お知らせ/関連; [news] お知らせ 27+ dated; [pickup] おすすめ情報 6items; [footer] 著作権/個人情報; [a11y] アクセシビリティ; [contact] 〒952-1292 Tel:0259-63-3111; [form] お問い合わせ link,,
S0201,兵庫県,姫路市,municipality,B,top,https://www.city.himeji.lg.jp/,2026-02-14T22:48:00+09:00,200,https://www.city.himeji.lg.jp/,姫路市,,KanaboWeb,,true,true,true,drawer,true,header,false,false,false,,true,true,true,true,image,true,true,/site_policy/0000000010.html,true,false,,false,false,false,,fair,medium,low,[skip] a#HONBUN 本文へ; [brand] logo 姫路市役所; [gnav] drawer 5categories; [search] 情報を探す検索; [news] 新着情報 5items; [pickup] 注目情報 3items; [carousel] Instagram slider 3slides; [hub] image cards 魅力情報; [footer] プライバシー/著作権; [a11y] ウェブアクセシビリティ; [contact] 079-221-2111,,
S0201,兵庫県,姫路市,municipality,B,contact,https://www.city.himeji.lg.jp/anzen/0000007110.html,2026-02-14T22:48:00+09:00,200,https://www.city.himeji.lg.jp/anzen/0000007110.html,休日・夜間の窓口案内 | 姫路市,,KanaboWeb,,true,true,true,drawer,true,header,true,true,false,,false,false,false,false,,true,true,/site_policy/0000000010.html,true,false,,true,true,false,,fair,medium,low,[skip] a#HONBUN; [brand] logo; [gnav] drawer; [search] 情報を探す; [bread] ホーム>安全・安心>いざというとき; [local] 同じ分類から探す 13links; [footer] プライバシー/著作権; [a11y] ウェブアクセシビリティ; [contact] 〒670-8501 079-221-2111; [meta] 更新日:2025年9月18日; [toc] ページ内目次 4sections,,
S0201,兵庫県,姫路市,municipality,B,service,https://www.city.himeji.lg.jp/waku2child/0000013458.html,2026-02-14T22:49:00+09:00,200,https://www.city.himeji.lg.jp/waku2child/0000013458.html,児童手当 | わくわくチャイルド,,KanaboWeb,,true,true,true,horizontal,true,header,true,true,false,,false,false,false,false,,true,true,/site_policy/0000000010.html,true,false,,true,true,true,pdf,fair,medium,low,[skip] a#HONBUN; [brand] waku2child logo; [gnav] horizontal 8categories icons; [search] 情報を探す; [bread] ホーム>手当・助成>育児; [local] 同じ分類 7links; [footer] policy links; [a11y] ウェブアクセシビリティ; [contact] こども支援課 079-221-2312; [meta] 更新日:2026年2月6日; [toc] ページ内目次 13sections; [attach] PDF 認定請求書/委任状/確認書,,
S0201,兵庫県,姫路市,municipality,B,hub,https://www.city.himeji.lg.jp/kurashi/index.html,2026-02-14T22:49:00+09:00,200,https://www.city.himeji.lg.jp/kurashi/index.html,くらし・手続き | 姫路市,,KanaboWeb,,true,true,true,drawer,true,header,true,true,false,,true,false,false,true,icon,true,true,/site_policy/0000000010.html,true,false,,false,false,false,,fair,medium,low,[skip] a#HONBUN; [brand] logo; [gnav] drawer expandable; [search] 情報を探す; [bread] ホーム>くらし・手続き; [local] 12 submenu sections; [news] 特にお知らせしたいこと dated; [hub] icon cards ライフシーンで探す 8items; [footer] プライバシー/著作権; [a11y] ウェブアクセシビリティ; [contact] 079-221-2111,,
S0201,兵庫県,姫路市,municipality,B,article,https://www.city.himeji.lg.jp/shisei/0000032587.html,2026-02-14T22:50:00+09:00,200,https://www.city.himeji.lg.jp/shisei/0000032587.html,投票のお知らせ券がなくても投票することができます！| 姫路市,,KanaboWeb,,true,true,true,drawer,true,header,true,true,false,,false,false,false,false,,true,true,/site_policy/0000000010.html,true,true,external,true,false,false,,fair,medium,low,[skip] a#HONBUN; [brand] logo; [gnav] drawer; [search] 情報を探す; [bread] ホーム>市政情報>広報>記者発表; [local] 同じ分類から探す; [footer] プライバシー/著作権; [a11y] ウェブアクセシビリティ; [contact] 079-221-2807; [form] shareform.php external; [meta] 更新日:2026年1月23日,,
S0204,三重県,四日市市,municipality,C,top,https://www.city.yokkaichi.lg.jp/,2026-02-14T22:52:00+09:00,200,https://www.city.yokkaichi.lg.jp/,トップページ - 四日市市役所,,Joruri CMS,,true,true,true,drawer,true,header,false,false,false,,true,true,false,true,icon,true,true,/www/contents/1491197780106/index.html,true,false,,false,false,false,,poor,medium,medium,[skip] a#main/#menu; [brand] logo 四日市市役所; [gnav] drawer menu; [search] キーワード検索; [news] 新着情報 dated; [pickup] 注目情報 7items; [hub] icon cards ライフメニュー; [footer] サイトポリシー/著作権/個人情報; [a11y] ウェブ・アクセシビリティー; [contact] 3 phone numbers,,
S0204,三重県,四日市市,municipality,C,service,https://www.city.yokkaichi.lg.jp/www/contents/1740701284355/index.html,2026-02-14T22:52:00+09:00,200,https://www.city.yokkaichi.lg.jp/www/contents/1740701284355/index.html,児童手当 | 四日市市役所,,Joruri CMS,,true,true,true,drawer,true,header,true,false,false,,false,false,false,false,,false,false,,true,false,,true,false,false,,fair,medium,medium,[skip] a#main/#menu; [brand] logo; [gnav] drawer; [search] キーワード検索; [bread] トップ>子育てエンジョイ>手当・医療費>児童手当; [contact] こども手当課 059-354-8083; [meta] 更新日:2026年2月13日,,
S0204,三重県,四日市市,municipality,C,article,https://www.city.yokkaichi.lg.jp/www/contents/1767598860957/index.html,2026-02-14T22:53:00+09:00,200,https://www.city.yokkaichi.lg.jp/www/contents/1767598860957/index.html,四日市市物価高騰対応臨時特別給付金,,Joruri CMS,,true,true,true,drawer,true,header,true,false,false,,false,false,false,false,,false,false,,true,false,,true,false,false,,fair,medium,medium,[skip] a#main/#menu; [brand] logo; [gnav] drawer; [search] キーワード検索; [bread] トップ>市民の方へ; [contact] 生活支援給付金室 059-354-8241; [meta] 更新日:2026年2月2日,,
S0234,山口県,山口市,municipality,C,top,https://www.city.yamaguchi.lg.jp/,2026-02-14T22:55:00+09:00,200,https://www.city.yamaguchi.lg.jp/,山口市ウェブサイト トップページ,,,,true,true,true,horizontal,true,header,false,false,false,,true,true,true,true,image,true,true,/site/userguide/11128.html,true,false,,false,false,false,,fair,medium,medium,[skip] 本文へ; [brand] logo 山口市; [gnav] horizontal くらし/しごと/観光/市政; [search] Google Custom Search; [news] 重要なお知らせ/市政トピックス dated; [pickup] おすすめ carousel; [carousel] rotating banner; [hub] image cards banners; [footer] 個人情報/著作権; [a11y] アクセシビリティ; [contact] 083-922-4111,,
S0234,山口県,山口市,municipality,C,contact,https://www.city.yamaguchi.lg.jp/ques/questionnaire.php?openid=3,2026-02-14T22:55:00+09:00,200,https://www.city.yamaguchi.lg.jp/ques/questionnaire.php?openid=3,市へのご意見お問い合わせ - 山口市ウェブサイト,,,,true,true,true,horizontal,true,header,true,false,false,,false,false,false,false,,true,true,/site/userguide/11128.html,true,false,,false,false,false,,poor,medium,low,[skip] a#skip メニューを飛ばして本文へ; [brand] logo; [gnav] horizontal; [search] Google Custom Search; [bread] トップ>市へのご意見お問い合わせ; [footer] 個人情報/著作権; [a11y] アクセシビリティ; [contact] 083-922-4111,,
S0234,山口県,山口市,municipality,C,service,https://www.city.yamaguchi.lg.jp/site/kodomo/3711.html,2026-02-14T22:56:00+09:00,200,https://www.city.yamaguchi.lg.jp/site/kodomo/3711.html,児童手当 - 山口市子育て応援サイト,,,,true,true,true,horizontal,true,header,true,true,false,,false,false,false,false,,true,true,/site/userguide/11128.html,true,true,external,true,false,true,pdf,fair,medium,medium,[skip] a#main 本文へ; [brand] 子育て応援サイト logo; [gnav] horizontal 8icons; [search] Googleカスタム検索; [bread] トップ>くらし>児童福祉>児童手当; [local] multi-level sidebar; [footer] 個人情報/著作権; [a11y] アクセシビリティ; [contact] こども未来課 083-934-2797; [form] email form link; [meta] 掲載日:2024年9月1日更新; [attach] PDF 8forms 認定請求書等,,
S0234,山口県,山口市,municipality,C,hub,https://www.city.yamaguchi.lg.jp/life/1/,2026-02-14T22:56:00+09:00,200,https://www.city.yamaguchi.lg.jp/life/1/,くらしの情報 - 山口市ウェブサイト,,,,true,true,true,horizontal,true,header,true,true,false,,true,true,true,true,text,true,true,/site/userguide/11128.html,true,true,external,false,false,false,,fair,medium,medium,[skip] a#main; [brand] logo; [gnav] horizontal; [search] Google Custom; [bread] トップ>くらしの情報; [local] 11 category sections; [news] 新着情報 dated; [pickup] pickup carousel; [carousel] image carousel; [hub] text cards 出産・育児/引越; [footer] 個人情報/著作権; [a11y] アクセシビリティ; [contact] 083-922-4111; [form] questionnaire.php,,
S0234,山口県,山口市,municipality,C,article,https://www.city.yamaguchi.lg.jp/soshiki/16/188549.html,2026-02-14T22:57:00+09:00,200,https://www.city.yamaguchi.lg.jp/soshiki/16/188549.html,ウェブサイトのシステムメンテナンスのお知らせ - 山口市,,,,true,true,true,horizontal,true,header,true,false,false,,false,false,false,false,,true,true,/site/userguide/11128.html,true,true,external,true,false,false,,fair,medium,medium,[skip] a#skip 本文へ; [brand] logo; [gnav] horizontal; [search] Google Custom; [bread] トップ>組織>広報広聴課; [footer] 個人情報/著作権; [a11y] アクセシビリティ; [contact] 広報広聴課 083-934-2753; [form] email inquiry; [meta] 更新日:2026年2月10日,,
S0238,広島県,東広島市,municipality,C,top,https://www.city.higashihiroshima.lg.jp/,2026-02-14T22:59:00+09:00,200,https://www.city.higashihiroshima.lg.jp/,東広島市ホームページ,,SMART CMS,,true,true,true,horizontal,true,header,false,false,true,banner,true,true,false,true,icon,true,false,,true,false,,false,false,false,,poor,medium,medium,[skip] a#container 本文へ; [brand] logo 東広島市; [gnav] horizontal 4categories; [search] keyword search; [emergency] インフルエンザ感染拡大中/凍結注意; [news] 新着情報; [pickup] featured thumbnails; [hub] icon cards 12 scene-based; [footer] 個人情報/著作権; [contact] 〒739-8601 082-422-2111,,
S0238,広島県,東広島市,municipality,C,contact,https://www.city.higashihiroshima.lg.jp/toiawase.html,2026-02-14T22:59:00+09:00,200,https://www.city.higashihiroshima.lg.jp/toiawase.html,ご意見・お問い合わせ／東広島市ホームページ,,SMART CMS,,true,true,true,horizontal,true,header,true,false,false,,false,false,false,false,,true,false,,true,true,simple,false,false,false,,fair,low,medium,[skip] a#container; [brand] logo; [gnav] horizontal; [search] keyword; [bread] ホーム>ご意見・お問い合わせ; [footer] 個人情報/著作権; [contact] 〒739-8601 082-422-2111; [form] inquiry.php simple form,,
S0238,広島県,東広島市,municipality,C,service,https://www.city.higashihiroshima.lg.jp/soshiki/kodomomirai/1/5/3022.html,2026-02-14T23:00:00+09:00,200,https://www.city.higashihiroshima.lg.jp/soshiki/kodomomirai/1/5/3022.html,児童手当／東広島市ホームページ,,SMART CMS,,true,true,true,dropdown,true,header,true,true,false,,false,false,false,false,,true,false,,true,true,external,true,false,true,pdf,poor,medium,medium,[skip] a#container; [brand] logo; [gnav] dropdown; [search] keyword; [bread] ホーム>こども家庭課>児童手当; [local] sidebar 各種手当; [footer] 個人情報/著作権; [contact] こども家庭課 phone/fax; [form] email form; [meta] 更新日:2025年07月14日; [attach] PDF 8forms 認定請求書等,,
S0238,広島県,東広島市,municipality,C,hub,https://www.city.higashihiroshima.lg.jp/kurashi/index.html,2026-02-14T23:00:00+09:00,200,https://www.city.higashihiroshima.lg.jp/kurashi/index.html,くらしの情報／東広島市ホームページ,,SMART CMS,,true,true,true,horizontal,true,header,true,true,false,,true,false,false,true,text,true,false,,true,false,,false,false,false,,fair,medium,medium,[skip] a#container; [brand] logo; [gnav] horizontal; [search] keyword; [bread] ホーム>くらしの情報; [local] category links 届出/税金/住まい; [news] 新着情報 dynamic JSON; [hub] text cards categories; [footer] 個人情報/著作権; [contact] 082-422-2111,,
S0238,広島県,東広島市,municipality,C,article,https://www.city.higashihiroshima.lg.jp/soshiki/somu/2/1/8/2/1/44657.html,2026-02-14T23:01:00+09:00,200,https://www.city.higashihiroshima.lg.jp/soshiki/somu/2/1/8/2/1/44657.html,一般競争入札【令和8年2月5日公告】／東広島市,,SMART CMS,,true,true,true,horizontal,true,header,true,true,false,,false,false,false,false,,true,false,,true,true,external,true,false,true,mixed,fair,medium,medium,[skip] a#container; [brand] logo; [gnav] horizontal; [search] keyword; [bread] ホーム>組織>総務部>契約課; [local] sidebar nav; [footer] 個人情報/著作権; [contact] 契約課 phone/fax; [form] email inquiry; [meta] 更新日:2026年02月05日; [attach] PDF+Word 公告/仕様書/入札書/質問書,,
S0250,愛媛県,松山市,municipality,B,top,https://www.city.matsuyama.ehime.jp/,2026-02-14T23:03:00+09:00,200,https://www.city.matsuyama.ehime.jp/,松山市公式ホームページ,,,,true,true,true,drawer,false,,false,false,false,,true,true,true,true,icon,true,false,,true,false,,false,false,false,,poor,medium,medium,[skip] a#CONT メニューを飛ばして本文へ; [brand] logo 松山市; [gnav] drawer toggle; [news] 新着情報 dated; [pickup] ピックアップ; [carousel] banner images; [hub] icon cards 妊娠・出産/子育て; [footer] 個人情報/著作権; [contact] コールセンター 089-946-4894,,
S0250,愛媛県,松山市,municipality,B,service,https://www.city.matsuyama.ehime.jp/kurashi/fukushi/jido/jidouteate.html,2026-02-14T23:03:00+09:00,200,https://www.city.matsuyama.ehime.jp/kurashi/fukushi/jido/jidouteate.html,児童手当 松山市公式ホームページ,,,,true,true,true,horizontal,false,,true,true,false,,true,false,false,false,,true,false,,true,false,,true,true,false,,fair,medium,medium,[skip] a#CONT; [brand] logo; [gnav] horizontal 5categories; [bread] トップ>くらし>福祉>児童福祉>児童手当; [local] sidebar 20+ links; [news] お知らせ 4items; [footer] 個人情報/著作権; [contact] 子育て支援課 089-948-6354; [meta] 更新日:2026年1月7日; [toc] 目次 5sections,,
S0250,愛媛県,松山市,municipality,B,hub,https://www.city.matsuyama.ehime.jp/kurashi/index.html,2026-02-14T23:04:00+09:00,200,https://www.city.matsuyama.ehime.jp/kurashi/index.html,くらしの情報 - 松山市,,,,true,true,true,horizontal,false,,true,true,false,,false,false,false,true,icon,true,false,,true,false,,false,false,false,,poor,medium,medium,[skip] a#CONT; [brand] logo; [gnav] horizontal; [bread] トップ>くらしの情報; [local] extensive sidebar sections; [hub] icon cards 手続/暮らし/医療; [footer] 個人情報/著作権; [contact] 089-946-4894,,
S0250,愛媛県,松山市,municipality,B,article,https://www.city.matsuyama.ehime.jp/shicho/kaiken/260210.html,2026-02-14T23:04:00+09:00,200,https://www.city.matsuyama.ehime.jp/shicho/kaiken/260210.html,令和8年2月10日 記者会見 - 松山市,,,,true,true,true,horizontal,false,,true,true,false,,false,false,false,false,,true,false,,true,false,,true,false,true,pdf,fair,medium,medium,[skip] a#CONT; [brand] logo; [gnav] horizontal; [bread] トップ>市長の部屋>記者会見; [local] sidebar 40+ entries; [footer] 個人情報/著作権; [contact] 秘書課 〒790-8571; [meta] 更新日:2026年2月12日; [attach] PDF 報道資料,,
S0252,愛媛県,今治市,municipality,C,top,https://www.city.imabari.ehime.jp/,2026-02-14T23:07:00+09:00,200,https://www.city.imabari.ehime.jp/,今治市,,,,false,true,true,horizontal,true,header,false,false,false,,false,true,true,false,,false,false,,false,false,,false,false,false,,poor,medium,low,[brand] logo 今治市; [gnav] horizontal くらし/イベント/観光/市長; [search] サイト内検索; [pickup] 注目ワード 12topics; [carousel] image slider 5slides,,
S0252,愛媛県,今治市,municipality,C,service,https://www.city.imabari.ehime.jp/kodomo/fukusi/jidouteate/,2026-02-14T23:07:00+09:00,200,https://www.city.imabari.ehime.jp/kodomo/fukusi/jidouteate/,児童手当（旧子ども手当） | こども未来課 | 今治市,,,,true,true,true,horizontal,true,header,true,false,false,,false,false,false,false,,false,false,,true,false,,false,false,true,pdf,good,low,low,[skip] a#main_container 本文へ移動; [brand] logo; [gnav] horizontal 6items; [search] サイト内検索; [bread] トップ|こども未来課|児童手当; [contact] こども未来課 0898-36-1529; [attach] PDF 認定請求書/額改定請求書,,
S0265,福岡県,福岡市,designated_city,A,top,https://www.city.fukuoka.lg.jp/,2026-02-14T23:15:00+09:00,200,https://www.city.fukuoka.lg.jp/,福岡市ホームページ,ja,custom /data/open/mst/,,true,true,true,mega,true,header,false,false,true,banner,true,true,true,true,icon,true,true,/sub/accessibility.html,true,false,,false,false,false,,good,medium,low,[skip] a#maincontents 本文へジャンプ; [brand] 福岡市logo; [gnav] mega くらし・手続き/子育て・教育/健康・医療; [search] Google Custom Search; [emergency] banner 水不足; [news] お知らせ一覧; [pickup] 重要なお知らせ; [carousel] auto-scroll hero; [hub] icon こんなときは? cards; [footer] 個人情報/著作権/リンク; [a11y] /sub/accessibility.html; [contact] 092-711-4111,,
S0265,福岡県,福岡市,designated_city,A,contact,https://www.city.fukuoka.lg.jp/soudan/index.html,2026-02-14T23:15:00+09:00,200,https://www.city.fukuoka.lg.jp/soudan/index.html,福岡市 相談窓口ガイドトップページ,ja,custom /data/open/mst/,,true,true,true,mega,true,header,true,false,false,,false,false,false,true,icon,true,true,/sub/accessibility.html,true,false,,true,false,false,,fair,low,low,[skip] a#maincontents 本文へジャンプ; [brand] 福岡市logo; [gnav] mega; [search] Google Custom; [bread] ホーム>くらし・手続き>相談・消費生活>相談窓口ガイド; [hub] icon 18 consultation category cards; [footer] 個人情報/アクセシビリティ; [a11y] /sub/accessibility.html; [contact] 092-711-4067 広聴課; [meta] 更新日:2025年4月1日,,
S0265,福岡県,福岡市,designated_city,A,service,https://www.city.fukuoka.lg.jp/kodomo-mirai/k-katei/child/kodomoteate.html,2026-02-14T23:20:00+09:00,200,https://www.city.fukuoka.lg.jp/kodomo-mirai/k-katei/child/kodomoteate.html,福岡市 児童手当について,ja,custom /data/open/mst/,,true,true,true,mega,true,header,true,true,false,,true,true,false,false,,true,true,/sub/accessibility.html,true,false,,true,true,true,pdf,fair,medium,low,[skip] a#maincontents; [brand] logo; [gnav] mega; [search] Google Custom; [bread] ホーム>子育て・教育>児童手当; [local] sidebar related links; [news] お知らせ dates; [pickup] 新制度について; [footer] policies; [a11y] /sub/accessibility.html; [contact] 092-711-5484; [meta] 更新日:2025年3月25日; [toc] 目次ジャンプ; [attach] PDF en/cn/kr guides,,
S0265,福岡県,福岡市,designated_city,A,article,https://www.city.fukuoka.lg.jp/kyoiku/kikaku/ed/166.html,2026-02-14T23:20:00+09:00,404,,,,,,false,false,false,,false,,false,false,false,,false,false,false,false,,false,false,,false,false,,false,false,false,,,,,HTTP 404 - page not found,,
S0272,鹿児島県,鹿児島市,municipality,B,top,https://www.city.kagoshima.lg.jp/,2026-02-14T23:25:00+09:00,200,https://www.city.kagoshima.lg.jp/,鹿児島市ホームページ,ja,custom ReadSpeaker,,true,true,true,horizontal,true,header,false,false,false,,true,true,true,true,icon,true,true,/soumu/shichoshitu/kouhou/shise/koho/homepage/accessibility.html,true,false,,false,false,false,,fair,medium,low,[skip] #tmp_honbun 本文へスキップ; [brand] 鹿児島市マグマシティ; [gnav] horizontal 7cats; [search] キーワードで探す; [news] 新着情報 dates; [pickup] ピックアップ; [carousel] image blocks; [hub] icon cards; [footer] 個人情報/著作権/a11y; [a11y] ウェブアクセシビリティ方針; [contact] 099-224-1111 〒892-8677,,
S0272,鹿児島県,鹿児島市,municipality,B,contact,https://www.city.kagoshima.lg.jp/soumu/soumu/jousys/soshiki/iken.html,2026-02-14T23:25:00+09:00,200,https://www.city.kagoshima.lg.jp/soumu/soumu/jousys/soshiki/iken.html,ご意見・お問い合わせ｜鹿児島市,ja,custom ReadSpeaker,,true,true,true,horizontal,true,header,true,false,false,,false,false,false,false,,true,true,/soumu/shichoshitu/kouhou/shise/koho/homepage/accessibility.html,true,false,,true,false,false,,fair,medium,low,[skip] #tmp_honbun; [brand] logo; [gnav] horizontal 7cats; [search] header; [bread] ホーム>組織案内>ご意見; [footer] policies; [a11y] ウェブアクセシビリティ方針; [contact] 099-224-1111/099-808-3333; [meta] 更新日:2023年5月1日,,
S0272,鹿児島県,鹿児島市,municipality,B,service,https://www.city.kagoshima.lg.jp/faq-kosodate-kyoiku/kodomofuku/q31.html,2026-02-14T23:25:00+09:00,200,https://www.city.kagoshima.lg.jp/faq-kosodate-kyoiku/kodomofuku/q31.html,児童手当について教えてください。｜鹿児島市,ja,custom ReadSpeaker,,true,true,true,horizontal,true,header,true,false,false,,false,false,false,false,,true,true,/soumu/shichoshitu/kouhou/shise/koho/homepage/accessibility.html,true,false,,true,false,false,,fair,low,low,[skip] #tmp_honbun; [brand] logo; [gnav] horizontal; [search] header; [bread] ホーム>よくある質問>手当・助成; [footer] policies; [a11y] ウェブアクセシビリティ方針; [contact] 099-216-1261; [meta] 更新日:2025年3月7日,,
S0272,鹿児島県,鹿児島市,municipality,B,hub,https://www.city.kagoshima.lg.jp/kosodate/kosodate/teate/index.html,2026-02-14T23:25:00+09:00,200,https://www.city.kagoshima.lg.jp/kosodate/kosodate/teate/index.html,子育て支援の手当・助成｜鹿児島市,ja,custom ReadSpeaker,,true,true,true,horizontal,true,header,true,true,false,,false,false,false,false,,true,true,/soumu/shichoshitu/kouhou/shise/koho/homepage/accessibility.html,true,false,,false,false,false,,poor,medium,low,[skip] #tmp_honbun; [brand] logo; [gnav] horizontal; [search] header; [bread] ホーム>子育て・教育>手当・助成; [local] sidebar 9 kosodate categories; [footer] policies; [a11y] ウェブアクセシビリティ方針; [contact] 099-224-1111,,
S0272,鹿児島県,鹿児島市,municipality,B,article,https://www.city.kagoshima.lg.jp/senkyokanri/senkyokanri/konzatujyoukyou.html,2026-02-14T23:25:00+09:00,200,https://www.city.kagoshima.lg.jp/senkyokanri/senkyokanri/konzatujyoukyou.html,期日前投票所ごとの混雑状況｜鹿児島市,ja,custom ReadSpeaker,,true,true,true,horizontal,true,header,true,true,false,,false,false,false,false,,true,true,/soumu/shichoshitu/kouhou/shise/koho/homepage/accessibility.html,true,false,,true,false,false,,poor,medium,low,[skip] #tmp_honbun; [brand] logo; [gnav] horizontal; [search] header; [bread] ホーム>市政情報>選挙; [local] sidebar 選挙 section; [footer] policies; [a11y] ウェブアクセシビリティ方針; [contact] 選挙管理委員会; [meta] 更新日:2026年2月8日,,
S0274,佐賀県,佐賀市,municipality,C,top,https://www.city.saga.lg.jp/,2026-02-14T23:30:00+09:00,200,https://www.city.saga.lg.jp/,佐賀市公式ホームページ,ja,custom ./main/ID,,true,true,true,mega,true,header,false,false,false,,true,true,true,true,icon,true,true,/main/19623.html,true,false,,false,false,false,,fair,medium,low,[skip] #main_content 本文へ移動; [brand] 佐賀市公式ホームページ logo; [gnav] mega 9cats; [search] header; [news] 新着情報 dated entries; [pickup] featured banners; [carousel] image slideshow; [hub] icon life stage+purpose cards; [footer] ホームページの考え方/a11y; [a11y] ウェブアクセシビリティ; [contact] 0952-24-3151 〒840-8501,,
S0274,佐賀県,佐賀市,municipality,C,contact,https://www.city.saga.lg.jp/main/55234.html,2026-02-14T23:30:00+09:00,200,https://www.city.saga.lg.jp/main/55234.html,福祉まるごと相談窓口｜佐賀市公式ホームページ,ja,custom ./main/ID,,true,true,true,mega,true,header,true,true,false,,false,false,false,false,,true,true,/main/19623.html,true,false,,true,false,true,pdf,good,low,low,[skip] 本文へ移動; [brand] logo; [gnav] mega; [search] header; [bread] Home>健康・福祉>福祉一般; [local] sidebar 福祉一般; [footer] policies; [a11y] ウェブアクセシビリティ; [contact] こども家庭課/福祉総務課 phone; [meta] 更新:2025年04月1日; [attach] PDF leaflet 635KB,,
S0274,佐賀県,佐賀市,municipality,C,service,https://www.city.saga.lg.jp/main/3789.html,2026-02-14T23:30:00+09:00,200,https://www.city.saga.lg.jp/main/3789.html,児童手当制度｜佐賀市公式ホームページ,ja,custom ./main/ID,,true,true,true,mega,true,header,true,true,false,,false,false,false,false,,true,true,/main/19623.html,true,false,,true,true,true,pdf,fair,medium,low,[skip] 本文へ移動; [brand] logo; [gnav] mega; [search] header; [bread] 子育て・教育>手当・助成>児童手当; [local] sidebar related pages; [footer] policies; [a11y] ウェブアクセシビリティ; [contact] こども家庭課 0952-40-7252; [meta] 更新:2025年12月2日; [toc] 目次 anchor links; [attach] PDF 9files 認定請求書/委任状等,,
S0274,佐賀県,佐賀市,municipality,C,hub,https://www.city.saga.lg.jp/main/84805.html,2026-02-14T23:30:00+09:00,200,https://www.city.saga.lg.jp/main/84805.html,手当・助成｜佐賀市公式ホームページ,ja,custom ./main/ID,,true,true,true,mega,true,header,true,true,false,,false,false,false,true,text,true,true,/main/19623.html,true,false,,false,false,false,,fair,medium,low,[skip] 本文へ移動; [brand] logo; [gnav] mega; [search] header; [bread] 手当・助成; [local] 6 subsections; [hub] text card-style subsection links; [footer] policies; [a11y] ウェブアクセシビリティ; [contact] 〒840-8501,,
S0274,佐賀県,佐賀市,municipality,C,article,https://www.city.saga.lg.jp/main/100390.html,2026-02-14T23:35:00+09:00,200,https://www.city.saga.lg.jp/main/100390.html,令和8年2月定例記者会見｜佐賀市公式ホームページ,ja,custom ./main/ID,,true,true,true,mega,true,header,true,true,false,,false,false,false,false,,true,true,/main/19623.html,true,false,,true,false,false,,fair,low,low,[skip] 本文へ移動; [brand] logo; [gnav] mega; [search] header; [bread] トップ>市政情報>市長の部屋>記者会見; [local] year-based sidebar; [footer] policies; [a11y] ウェブアクセシビリティ; [contact] 広報課 0952-40-7021; [meta] 更新:2026年02月9日,,
S0286,沖縄県,沖縄市,municipality,C,top,https://www.city.okinawa.okinawa.jp/,2026-02-14T23:40:00+09:00,200,https://www.city.okinawa.okinawa.jp/,沖縄市役所公式ホームページ,ja,custom Madoguchi,,true,true,true,dropdown,true,header,false,false,false,,true,true,false,true,icon,true,false,,true,false,,false,false,false,,fair,medium,low,[skip] #tmp_honbun 本文へスキップ; [brand] 沖縄市 OKINAWA CITY; [gnav] dropdown 緊急情報/Foreign Language/検索/メニュー; [search] header サイト内検索; [news] 新着情報 filterable; [pickup] ピックアップ 6services; [hub] icon 8 category cards; [footer] サイトマップ/ホームページについて; [contact] 098-939-1212 〒904-8501,,
S0286,沖縄県,沖縄市,municipality,C,contact,https://www.city.okinawa.okinawa.jp/k003/otoiawase.html,2026-02-14T23:40:00+09:00,200,https://www.city.okinawa.okinawa.jp/k003/otoiawase.html,市政へのお問い合わせメール｜沖縄市役所,ja,custom,,true,true,true,dropdown,true,header,true,false,false,,false,false,false,false,,true,false,,true,true,,true,false,false,,fair,low,low,[skip] #tmp_honbun; [brand] logo; [gnav] dropdown; [search] header; [bread] トップ>市政へのお問い合わせメール; [footer] サイトマップ/ホームページについて; [contact] 098-939-1212 footer; [form] inquiry form with org directory; [meta] 更新日:2022年10月21日,,
S0286,沖縄県,沖縄市,municipality,C,service,https://www.city.okinawa.okinawa.jp/k028/kosodate/kosodateshien/jidouteate/p00001.html,2026-02-14T23:40:00+09:00,200,https://www.city.okinawa.okinawa.jp/k028/kosodate/kosodateshien/jidouteate/p00001.html,児童手当制度のご案内｜沖縄市役所,ja,custom,,true,true,true,dropdown,true,header,true,true,false,,false,false,false,false,,true,false,,true,false,,true,true,true,xls,good,low,low,[skip] #tmp_honbun; [brand] logo; [gnav] dropdown; [search] header; [bread] トップ>子育て>児童手当; [local] category sidebar; [footer] policies; [contact] こども家庭課 098-939-1212 ext3194; [meta] 更新日:2026年2月10日; [toc] sections 1-7; [attach] xlsx forms,,
S0286,沖縄県,沖縄市,municipality,C,hub,https://www.city.okinawa.okinawa.jp/kosodate/kosodateshien/jidouteate/index.html,2026-02-14T23:40:00+09:00,200,https://www.city.okinawa.okinawa.jp/kosodate/kosodateshien/jidouteate/index.html,児童手当｜沖縄市役所,ja,custom,,true,true,true,dropdown,true,header,true,true,false,,false,false,false,false,,true,false,,true,false,,false,false,false,,fair,medium,medium,[skip] #tmp_honbun; [brand] logo; [gnav] dropdown; [search] header; [bread] トップ>子育て>児童手当; [local] 同カテゴリから探す sidebar; [footer] utility links; [contact] 098-939-1212 footer,,
S0298,鹿児島県,奄美市,municipality,D,top,https://www.city.amami.lg.jp/,2026-02-14T23:45:00+09:00,200,https://www.city.amami.lg.jp/,鹿児島県奄美市公式ホームページ,ja,custom,,true,true,true,horizontal,true,header,false,false,false,,true,true,true,true,icon,true,true,/kikaku/shise/koho/homepage/accessibility.html,true,false,,false,false,false,,fair,medium,low,[skip] #tmp_honbun 本文へスキップ; [brand] 鹿児島県奄美市; [gnav] horizontal 6cats; [search] header icon; [news] 新着情報 7entries; [pickup] 注目情報 7items; [carousel] 6panel slider; [hub] icon cards 市民向け/観光/移住; [footer] サイトマップ/a11y方針; [a11y] アクセシビリティの方針; [contact] 0997-52-1111,,
S0298,鹿児島県,奄美市,municipality,D,contact,https://www.city.amami.lg.jp/kikaku/shise/koho/soudan.html,2026-02-14T23:45:00+09:00,200,https://www.city.amami.lg.jp/kikaku/shise/koho/soudan.html,各種相談窓口／鹿児島県奄美市,ja,custom,,true,true,true,horizontal,true,header,true,true,false,,false,false,false,false,,true,true,/kikaku/shise/koho/homepage/accessibility.html,true,false,,true,false,false,,good,low,low,[skip] #tmp_honbun; [brand] logo; [gnav] horizontal 6cats; [search] header; [bread] 総合トップ>市政情報>広報・広聴>相談窓口; [local] 15-item 広報・広聴 sidebar; [footer] policies; [a11y] アクセシビリティの方針; [contact] 企画調整課 phone/fax; [meta] 更新日:2024年3月21日,,
S0298,鹿児島県,奄美市,municipality,D,service,https://www.city.amami.lg.jp/fukushi/20150219-3.html,2026-02-14T23:45:00+09:00,200,https://www.city.amami.lg.jp/fukushi/20150219-3.html,児童手当／鹿児島県奄美市,ja,custom,,true,true,true,horizontal,true,header,true,true,false,,false,false,false,false,,true,true,/kikaku/shise/koho/homepage/accessibility.html,true,false,,true,true,true,mixed,good,low,low,[skip] #tmp_honbun; [brand] logo; [gnav] horizontal; [search] header; [bread] 総合トップ>まち・くらし>子育て>児童手当; [local] 11 subsection links; [footer] policies; [a11y] アクセシビリティの方針; [contact] 3offices phone/fax; [meta] 更新日:2025年6月3日; [toc] section navigation; [attach] mixed PDF+XLSX 9files,,
S0298,鹿児島県,奄美市,municipality,D,hub,https://www.city.amami.lg.jp/wpm/kodomokosodate.html,2026-02-14T23:50:00+09:00,200,https://www.city.amami.lg.jp/wpm/kodomokosodate.html,子ども子育て支援／鹿児島県奄美市,ja,custom,,true,true,true,horizontal,true,header,true,true,false,,false,true,false,true,text,true,true,/kikaku/shise/koho/homepage/accessibility.html,true,false,,true,true,true,mixed,fair,low,low,[skip] #tmp_honbun; [brand] logo; [gnav] horizontal; [search] header; [bread] 総合トップ>まち・くらし>子育て>官民連携; [local] sidebar 官民連携; [pickup] 募集期間延長 callouts; [hub] text 3 subsidy program cards; [footer] policies; [a11y] アクセシビリティの方針; [contact] 保健福祉部 phone; [meta] 更新日:2026年1月6日; [toc] anchor #PR/#NEW/#WS; [attach] mixed PDF/Word,,
S0050,北海道,函館市,municipality,B,top,https://www.city.hakodate.hokkaido.jp/,2026-02-15T19:00:00+09:00,200,https://www.city.hakodate.hokkaido.jp/,函館市,ja,,,true,true,true,horizontal,true,header,false,false,false,,false,true,true,true,icon,true,true,https://www.city.hakodate.hokkaido.jp/docs/2017033100056/,false,false,,false,false,false,,fair,medium,low,[header_brand] CITY OF HAKODATE logo; [global_nav] horizontal 市民/観光/移住/ふるさと納税; [search] header検索; [pickup] LINE renewal banner; [carousel] img_slide01-06; [hub_cards] 4 portal icons; [accessibility_link] Webアクセシビリティ方針 footer,,
S0050,北海道,函館市,municipality,B,contact,https://www.city.hakodate.hokkaido.jp/docs/2014031700318/,2026-02-15T19:00:00+09:00,200,https://www.city.hakodate.hokkaido.jp/docs/2014031700318/,函館市へのご意見・お問合せ,ja,,,true,true,true,dropdown,true,header,true,true,false,,true,true,false,false,,true,true,https://www.city.hakodate.hokkaido.jp/docs/2017033100056/,true,false,,true,false,false,,fair,medium,low,"[skip_link] 本文へ; [breadcrumb] TOP>カテゴリ>分野>市政; [local_nav] sidebar; [news_list] 新着情報; [pickup] 注目キーワード; [footer_policies] 著作権・免責事項,プライバシーポリシー; [contact_info] 0138-21-3111,〒040-8666; [article_meta] 公開2014-03-17,更新2021-12-14",,
S0050,北海道,函館市,municipality,B,service,https://www.city.hakodate.hokkaido.jp/docs/2014011700482/,2026-02-15T19:00:00+09:00,200,https://www.city.hakodate.hokkaido.jp/docs/2014011700482/,児童手当 | 函館市,ja,,,true,true,true,dropdown,true,header,true,true,false,,false,false,false,false,,true,true,https://www.city.hakodate.hokkaido.jp/docs/2017033100056/,true,false,,true,true,true,pdf,fair,medium,low,"[skip_link] 本文へ; [breadcrumb] 5-level; [local_nav] sidebar; [contact_info] 0138-21-3267; [article_meta] 公開2025-07-31,更新2025-12-16; [toc] 3 main sections; [attachments] 12 PDFs",,
S0050,北海道,函館市,municipality,B,hub,https://www.city.hakodate.hokkaido.jp/category/bunya/kurashi/,2026-02-15T19:00:00+09:00,200,https://www.city.hakodate.hokkaido.jp/category/bunya/kurashi/,くらし | 函館市,ja,,,true,true,true,dropdown,true,header,true,true,false,,true,true,false,true,text,true,true,https://www.city.hakodate.hokkaido.jp/docs/2017033100056/,true,false,,false,false,false,,fair,medium,low,[skip_link] 本文へ; [breadcrumb] TOP>カテゴリ>分野>くらし; [local_nav] 13 subcategories; [news_list] お知らせ 5+ dated entries; [pickup] 注目情報; [hub_cards] 13 subcategory boxes; [contact_info] 0138-21-3111,,
S0050,北海道,函館市,municipality,B,article,https://www.city.hakodate.hokkaido.jp/docs/2014030600213/,2026-02-15T19:00:00+09:00,200,https://www.city.hakodate.hokkaido.jp/docs/2014030600213/,第34回恵山ごっこまつり（2026年）開催のお知らせ | 函館市,ja,,,true,true,true,dropdown,true,header,true,true,false,,false,true,false,false,,true,true,https://www.city.hakodate.hokkaido.jp/docs/2017033100056/,true,false,,true,false,false,,fair,medium,low,[skip_link] 本文へ; [breadcrumb] TOP>カテゴリ>分野>観光>まつり; [local_nav] sidebar; [pickup] 注目キーワード; [contact_info] 恵山支所 0138-85-2336; [article_meta] 公開日2026-01-21,,
S0052,北海道,釧路市,municipality,C,top,https://www.city.kushiro.lg.jp/,2026-02-15T19:00:00+09:00,200,https://www.city.kushiro.lg.jp/,釧路市ホームページ,ja,,,true,true,true,mega,true,header,false,false,true,banner,true,true,true,true,icon,true,true,https://www.city.kushiro.lg.jp/about/accessibility/1007328.html,true,false,,false,false,true,pdf,fair,medium,low,[skip_link] #HONBUN; [global_nav] mega くらし・手続き等; [search] header; [emergency] 雌阿寒岳火口周辺警報レベル2; [news_list] 新着情報5件; [pickup] 釧路港水揚げ日本一等; [carousel] topics carousel; [hub_cards] 目的別12+便利情報10; [footer_policies] リンク・著作権; [accessibility_link] アクセシビリティへの取り組み; [contact_info] 0154-23-5151; [attachments] 雌阿寒岳ハザードマップPDF,,
S0052,北海道,釧路市,municipality,C,contact,https://www.city.kushiro.lg.jp/shisei/gaiyou/1006821/1010624/index.html,2026-02-15T19:00:00+09:00,200,https://www.city.kushiro.lg.jp/shisei/gaiyou/1006821/1010624/index.html,各課の連絡先・お問合わせ,ja,,,true,true,true,dropdown,false,,true,true,false,,false,false,false,false,,true,true,https://www.city.kushiro.lg.jp/about/accessibility/1007328.html,true,false,,false,false,false,,fair,low,medium,"[skip_link] #HONBUN; [breadcrumb] トップ>市政情報>市の概要>組織案内; [local_nav] 組織案内; [footer_policies] サイトマップ,アクセシビリティ,リンク・著作権; [contact_info] 0154-23-5151 3拠点",,
S0052,北海道,釧路市,municipality,C,service,https://www.city.kushiro.lg.jp/kosodatekyouiku/kosodate/1005438/1005443.html,2026-02-15T19:00:00+09:00,200,https://www.city.kushiro.lg.jp/kosodatekyouiku/kosodate/1005438/1005443.html,児童手当｜釧路市ホームページ,ja,,,true,true,true,dropdown,false,,true,true,false,,false,false,false,false,,true,true,https://www.city.kushiro.lg.jp/about/accessibility/1007328.html,true,true,,true,true,true,pdf,good,low,low,"[skip_link] #HONBUN; [breadcrumb] トップ>妊娠・子育て>子育て>助成・手当; [local_nav] sidebar; [footer_policies] サイトマップ,リンク・著作権; [contact_info] こども支援課 0154-31-4540; [contact_form] 専用フォーム; [article_meta] 更新日2025-12-18; [toc] 4項目; [attachments] 7 PDF forms",,
S0052,北海道,釧路市,municipality,C,hub,https://www.city.kushiro.lg.jp/kurashi/index.html,2026-02-15T19:00:00+09:00,200,https://www.city.kushiro.lg.jp/kurashi/index.html,くらし・手続き｜釧路市ホームページ,ja,,,true,true,true,dropdown,false,,true,true,false,,true,true,false,true,icon,true,true,https://www.city.kushiro.lg.jp/about/accessibility/1007328.html,true,false,,true,false,false,,fair,medium,low,[skip_link] #HONBUN; [breadcrumb] トップ>くらし; [local_nav] 16 subcategories; [news_list] 新着更新情報5件; [pickup] 書かないワンストップ窓口; [hub_cards] category icons; [contact_info] 0154-23-5151; [article_meta] 更新日2022-09-28,,
S0052,北海道,釧路市,municipality,C,article,https://www.city.kushiro.lg.jp/museum/tenji/kikaku/2025/plants.html,2026-02-15T19:00:00+09:00,200,https://www.city.kushiro.lg.jp/museum/tenji/kikaku/2025/plants.html,【博物館】企画展「人と植物」｜釧路市ホームページ,ja,,,true,true,true,dropdown,false,,true,true,false,,false,false,false,false,,false,false,,true,true,,true,false,false,,fair,medium,medium,"[skip_link] #HONBUN; [breadcrumb] トップ>博物館>展示>企画展; [local_nav] sidebar; [contact_info] 博物館 0154-41-5809; [contact_form] 専用フォーム; [article_meta] 更新日2026-02-14; NOTE: museum subdomain,footer differs from main site",,
S0053,北海道,北見市,municipality,C,top,https://www.city.kitami.lg.jp/,2026-02-15T19:00:00+09:00,200,https://www.city.kitami.lg.jp/,北見市,ja,,,false,true,true,horizontal,false,,false,false,false,,false,false,true,false,,false,true,https://www.city.kitami.lg.jp/about/accessibility/,false,false,,false,false,false,,poor,medium,medium,"[header_brand] main_logo_white.png; [global_nav] administration/tourism dual-section; [carousel] index01-02.jpg; NOTE: JS-heavy page,WebFetch returned sparse data; [accessibility_link] inferred from sub-pages(北見市ウェブアクセシビリティ方針)",,
S0053,北海道,北見市,municipality,C,contact,https://www.city.kitami.lg.jp/administration/town/detail.php?content=12630,2026-02-15T19:00:00+09:00,200,https://www.city.kitami.lg.jp/administration/town/detail.php?content=12630,各課の連絡先・お問い合わせ | 北見市,ja,,,false,true,true,dropdown,false,,true,true,false,,false,false,false,false,,true,true,https://www.city.kitami.lg.jp/about/accessibility/,true,true,,false,true,false,,fair,medium,low,[breadcrumb] ホーム>行政>広聴; [local_nav] department listings; [footer_policies] 著作権・個人情報; [accessibility_link] 北見市ウェブアクセシビリティ方針; [contact_info] 0157-23-7111; [contact_form] email inquiry form; [toc] category index,,
S0053,北海道,北見市,municipality,C,service,https://www.city.kitami.lg.jp/administration/detail.php?content=7313,2026-02-15T19:00:00+09:00,200,https://www.city.kitami.lg.jp/administration/detail.php?content=7313,児童手当 | 北見市,ja,,,false,true,true,dropdown,false,,true,true,false,,false,false,false,false,,true,true,https://www.city.kitami.lg.jp/about/accessibility/,true,true,,false,false,false,,fair,medium,low,[breadcrumb] path shown; [local_nav] sidebar; [footer_policies] 著作権; [accessibility_link] 北見市ウェブアクセシビリティ方針; [contact_info] department phone; [contact_form] inquiry form,,
S0053,北海道,北見市,municipality,C,hub,https://www.city.kitami.lg.jp/administration/life/,2026-02-15T19:00:00+09:00,200,https://www.city.kitami.lg.jp/administration/life/,くらし | 北見市,ja,,,false,true,true,dropdown,false,,true,true,false,,true,false,false,true,icon,true,true,https://www.city.kitami.lg.jp/about/accessibility/,true,false,,false,false,false,,fair,medium,medium,[breadcrumb] ホーム>くらし; [local_nav] category sidebar; [news_list] 新着情報 dated entries; [hub_cards] lifestyle event icons; [footer_policies] 著作権; [accessibility_link] 北見市ウェブアクセシビリティ方針; [contact_info] address+phone+hours,,
S0053,北海道,北見市,municipality,C,article,https://www.city.kitami.lg.jp/administration/news/detail.php?news=2768,2026-02-15T19:00:00+09:00,200,https://www.city.kitami.lg.jp/administration/news/detail.php?news=2768,広報きたみのアプリ配信を開始しました | 北見市,ja,,,false,true,true,dropdown,false,,true,false,false,,true,false,false,false,,true,true,https://www.city.kitami.lg.jp/about/accessibility/,true,true,,false,false,false,,fair,medium,medium,[breadcrumb] path shown; [news_list] related news; [footer_policies] 著作権; [accessibility_link] 北見市ウェブアクセシビリティ方針; [contact_info] department contact; [contact_form] inquiry form,,
S0054,北海道,苫小牧市,municipality,C,top,https://www.city.tomakomai.hokkaido.jp/,2026-02-15T19:00:00+09:00,200,https://www.city.tomakomai.hokkaido.jp/,北海道苫小牧市,ja,,,true,true,true,dropdown,true,header,false,false,false,,true,true,true,true,icon,true,true,https://www.city.tomakomai.hokkaido.jp/accessibility.html,true,false,,false,false,false,,fair,medium,medium,"[skip_link] #gnavi,#tmp_honbun; [global_nav] dropdown くらし・手続き等; [search] Google Custom Search; [news_list] 新着情報10件; [pickup] 3 banners; [carousel] slideshow 3 items; [hub_cards] 11 icon cards; [footer_policies] 著作権,個人情報,免責,アクセシビリティ; [contact_info] 0144-32-6111",,
S0054,北海道,苫小牧市,municipality,C,contact,https://www.city.tomakomai.hokkaido.jp/contact.html,2026-02-15T19:00:00+09:00,200,https://www.city.tomakomai.hokkaido.jp/contact.html,お問い合わせ｜北海道苫小牧市,ja,,,false,true,true,dropdown,false,,true,false,false,,false,false,false,false,,true,true,https://www.city.tomakomai.hokkaido.jp/accessibility.html,true,true,,false,false,false,,fair,medium,medium,[breadcrumb] shown; [footer_policies] links present; [accessibility_link] ウェブアクセシビリティ方針; [contact_info] address+phone; [contact_form] multiple forms linked,,
S0054,北海道,苫小牧市,municipality,C,service,https://www.city.tomakomai.hokkaido.jp/kenko/kosodate/jidoteate/seido-tetsuzuki.html,2026-02-15T19:00:00+09:00,200,https://www.city.tomakomai.hokkaido.jp/kenko/kosodate/jidoteate/seido-tetsuzuki.html,児童手当について｜北海道苫小牧市,ja,,,false,true,true,dropdown,false,,true,true,false,,false,false,false,false,,true,true,https://www.city.tomakomai.hokkaido.jp/accessibility.html,true,true,,false,true,true,pdf,good,low,low,"[breadcrumb] 苫小牧市役所>健康・福祉>子育て; [local_nav] sidebar; [footer_policies] リンク・著作権,個人情報,免責; [accessibility_link] ウェブアクセシビリティ方針; [contact_info] こども支援課 0144-32-6416; [contact_form] form link; [toc] 10 sections; [attachments] multiple PDF forms",,
S0054,北海道,苫小牧市,municipality,C,hub,https://www.city.tomakomai.hokkaido.jp/kurashi/,2026-02-15T19:00:00+09:00,200,https://www.city.tomakomai.hokkaido.jp/kurashi/,くらし・手続き｜北海道苫小牧市,ja,,,false,true,true,dropdown,false,,true,true,false,,true,false,false,true,icon,true,true,https://www.city.tomakomai.hokkaido.jp/accessibility.html,true,false,,true,false,false,,fair,medium,medium,[breadcrumb] shown; [local_nav] sidebar; [news_list] recent items; [hub_cards] category cards; [footer_policies] links; [accessibility_link] ウェブアクセシビリティ方針; [contact_info] address+phone; [article_meta] page date,,
S0054,北海道,苫小牧市,municipality,C,article,https://www.city.tomakomai.hokkaido.jp/calendar/64271.html,2026-02-15T19:00:00+09:00,200,https://www.city.tomakomai.hokkaido.jp/calendar/64271.html,えがおの花咲く写真展in苫小牧｜北海道苫小牧市,ja,,,false,true,true,dropdown,false,,true,true,false,,false,false,false,false,,true,true,https://www.city.tomakomai.hokkaido.jp/accessibility.html,true,false,,false,false,true,pdf,fair,medium,medium,[breadcrumb] shown; [local_nav] sidebar; [footer_policies] links; [accessibility_link] ウェブアクセシビリティ方針; [contact_info] department; [attachments] linked files,,
S0055,北海道,江別市,municipality,C,top,https://www.city.ebetsu.hokkaido.jp/,2026-02-15T19:00:00+09:00,200,https://www.city.ebetsu.hokkaido.jp/,北海道江別市公式ホームページ,ja,,,true,true,true,horizontal,true,header,false,true,false,,true,true,false,true,icon,true,true,https://www.city.ebetsu.hokkaido.jp/soshiki/koucho/7271.html,true,false,,false,false,false,,fair,medium,low,[skip_link] #skip メニューを飛ばして本文へ; [global_nav] horizontal くらし/産業/観光/市政; [search] keyword+category; [local_nav] topic navigation; [news_list] 新着更新情報12件; [pickup] featured banners; [hub_cards] facility banners; [footer_policies] privacy/copyright/accessibility; [accessibility_link] アクセシビリティ; [contact_info] 011-382-4141,,
S0055,北海道,江別市,municipality,C,contact,https://www.city.ebetsu.hokkaido.jp/soshiki/koucho/13388.html,2026-02-15T19:00:00+09:00,200,https://www.city.ebetsu.hokkaido.jp/soshiki/koucho/13388.html,お問い合わせ、ご意見・ご提案はこちらです | 北海道江別市,ja,,,true,true,true,horizontal,true,header,true,false,false,,false,false,false,false,,true,true,https://www.city.ebetsu.hokkaido.jp/soshiki/koucho/7271.html,true,false,,true,false,false,,fair,medium,medium,[skip_link] #skip; [breadcrumb] shown; [footer_policies] links; [accessibility_link] アクセシビリティ; [contact_info] address+phone; [article_meta] page dates,,
S0055,北海道,江別市,municipality,C,service,https://www.city.ebetsu.hokkaido.jp/site/kosodate/266.html,2026-02-15T19:00:00+09:00,200,https://www.city.ebetsu.hokkaido.jp/site/kosodate/266.html,児童手当 | 北海道江別市,ja,,,true,true,true,horizontal,true,header,true,true,false,,false,false,false,false,,true,true,https://www.city.ebetsu.hokkaido.jp/soshiki/koucho/7271.html,true,true,,true,false,true,pdf,good,low,low,[skip_link] #skip; [breadcrumb] multiple trails; [local_nav] sidebar menus; [footer_policies] links; [accessibility_link] アクセシビリティ; [contact_info] department; [contact_form] link; [article_meta] 掲載日2025-12-11更新; [attachments] 9 PDF forms,,
S0055,北海道,江別市,municipality,C,hub,https://www.city.ebetsu.hokkaido.jp/life/1/,2026-02-15T19:00:00+09:00,200,https://www.city.ebetsu.hokkaido.jp/life/1/,くらしの情報 | 北海道江別市,ja,,,true,true,true,horizontal,true,header,true,true,false,,true,false,false,true,icon,true,true,https://www.city.ebetsu.hokkaido.jp/soshiki/koucho/7271.html,true,false,,false,false,false,,fair,medium,medium,"[skip_link] #skip; [breadcrumb] トップ>分類>くらし; [local_nav] 20 category sections; [news_list] 新着更新情報5件; [hub_cards] 20 category link cards; [footer_policies] privacy,copyright,accessibility; [accessibility_link] アクセシビリティ; [contact_info] address+phone+hours",,
S0055,北海道,江別市,municipality,C,article,https://www.city.ebetsu.hokkaido.jp/soshiki/sports/148109.html,2026-02-15T19:00:00+09:00,200,https://www.city.ebetsu.hokkaido.jp/soshiki/sports/148109.html,二階堂蓮選手銅メダルおめでとう | 北海道江別市,ja,,,true,true,true,horizontal,true,header,true,false,false,,false,false,false,false,,true,true,https://www.city.ebetsu.hokkaido.jp/soshiki/koucho/7271.html,true,true,,true,false,false,,fair,low,low,[skip_link] #skip; [breadcrumb] shown; [footer_policies] links; [accessibility_link] アクセシビリティ; [contact_info] department; [contact_form] link; [article_meta] page dates,,
S0056,北海道,小樽市,municipality,C,top,https://www.city.otaru.lg.jp/,2026-02-15T19:00:00+09:00,200,https://www.city.otaru.lg.jp/,小樽市公式ホームページ,ja,,,true,true,true,icon,true,header,false,true,false,,true,true,true,true,icon,true,true,https://www.city.otaru.lg.jp/docs/2020093000204/,true,false,,false,false,false,,fair,medium,low,"[skip_link] top of page; [global_nav] 6-item icon+text; [search] header+sidebar; [local_nav] tab groups; [news_list] お知らせ10+; [pickup] #keyvisual 6 items; [carousel] slick autoplay; [hub_cards] 6 category icons; [footer_policies] 個人情報,著作権; [accessibility_link] ウェブアクセシビリティ; [contact_info] 0134-32-4111",,
S0056,北海道,小樽市,municipality,C,contact,https://www.city.otaru.lg.jp/contact/goiken_otoiawase/,2026-02-15T19:00:00+09:00,200,https://www.city.otaru.lg.jp/contact/goiken_otoiawase/,ご意見・お問い合わせ | 小樽市,ja,,,true,true,true,icon,true,header,true,false,false,,false,false,true,false,,true,true,https://www.city.otaru.lg.jp/docs/2020093000204/,true,true,,false,false,true,pdf,fair,medium,low,[skip_link] present; [breadcrumb] shown; [carousel] persistent; [footer_policies] links; [accessibility_link] ウェブアクセシビリティ; [contact_info] address+phone; [contact_form] complex form with captcha; [attachments] file upload,,
S0056,北海道,小樽市,municipality,C,service,https://www.city.otaru.lg.jp/docs/2020111000506/,2026-02-15T19:00:00+09:00,200,https://www.city.otaru.lg.jp/docs/2020111000506/,児童手当 | 小樽市,ja,,,true,true,true,icon,true,header,true,false,false,,false,false,false,false,,true,true,https://www.city.otaru.lg.jp/docs/2020093000204/,true,false,,true,false,true,pdf,fair,low,low,[skip_link] present; [breadcrumb] shown; [footer_policies] links; [accessibility_link] ウェブアクセシビリティ; [contact_info] こども福祉課; [article_meta] page dates; [attachments] PDF forms,,
S0056,北海道,小樽市,municipality,C,hub,https://www.city.otaru.lg.jp/navi/kurashi/,2026-02-15T19:00:00+09:00,200,https://www.city.otaru.lg.jp/navi/kurashi/,くらし・手続き | 小樽市,ja,,,true,true,true,icon,true,header,true,true,false,,true,true,false,true,icon,true,true,https://www.city.otaru.lg.jp/docs/2020093000204/,true,true,,false,false,false,,fair,medium,low,[skip_link] present; [breadcrumb] shown; [local_nav] category sidebar; [news_list] recent updates; [pickup] featured items; [hub_cards] category cards; [footer_policies] links; [accessibility_link] ウェブアクセシビリティ; [contact_info] address+phone; [contact_form] form link,,
S0056,北海道,小樽市,municipality,C,article,https://www.city.otaru.lg.jp/docs/2025030300072/,2026-02-15T19:00:00+09:00,200,https://www.city.otaru.lg.jp/docs/2025030300072/,感染症の集団発生について | 小樽市,ja,,,true,true,true,icon,true,header,true,false,false,,false,false,false,false,,true,true,https://www.city.otaru.lg.jp/docs/2020093000204/,true,false,,true,false,false,,fair,low,low,[skip_link] present; [breadcrumb] shown; [footer_policies] links; [accessibility_link] ウェブアクセシビリティ; [contact_info] 健康増進課; [article_meta] dates shown,,
S0057,北海道,千歳市,municipality,C,top,https://www.city.chitose.lg.jp/,2026-02-15T19:00:00+09:00,200,https://www.city.chitose.lg.jp/,北海道千歳市公式ホームページ,ja,,,true,true,true,dropdown,true,header,false,true,false,,true,true,true,true,icon,true,true,https://www.city.chitose.lg.jp/docs/1-17068-1-1.html,true,false,,false,false,false,,fair,low,medium,"[skip_link] #menu,#contents; [global_nav] dropdown 市民向け等; [search] keyword; [local_nav] sub-menus; [news_list] 新着情報; [pickup] トピックス; [carousel] image banners; [hub_cards] 子育て・半導体・ふるさと納税 icons; [footer_policies] 個人情報,アクセシビリティ; [accessibility_link] ウェブアクセシビリティ方針; [contact_info] 0123-24-3131",,
S0057,北海道,千歳市,municipality,C,contact,https://www.city.chitose.lg.jp/docs/doc78572.html,2026-02-15T19:00:00+09:00,200,https://www.city.chitose.lg.jp/docs/doc78572.html,各課の情報及びお問い合わせ先,ja,,,true,true,true,dropdown,true,header,true,false,false,,false,false,false,false,,true,true,https://www.city.chitose.lg.jp/docs/1-17068-1-1.html,true,true,,true,false,false,,fair,low,low,[skip_link] present; [breadcrumb] shown; [footer_policies] links; [accessibility_link] ウェブアクセシビリティ方針; [contact_info] multiple departments; [contact_form] department forms; [article_meta] page date,,
S0057,北海道,千歳市,municipality,C,service,https://www.city.chitose.lg.jp/docs/34908.html,2026-02-15T19:00:00+09:00,200,https://www.city.chitose.lg.jp/docs/34908.html,児童手当 | 北海道千歳市,ja,,,true,true,true,dropdown,true,header,true,false,false,,true,true,false,false,,true,true,https://www.city.chitose.lg.jp/docs/1-17068-1-1.html,true,false,,true,false,true,pdf,fair,low,low,[skip_link] present; [breadcrumb] shown; [news_list] related; [pickup] featured; [footer_policies] links; [accessibility_link] ウェブアクセシビリティ方針; [contact_info] department; [article_meta] page date; [attachments] PDF forms,,
S0057,北海道,千歳市,municipality,C,hub,https://www.city.chitose.lg.jp/95/,2026-02-15T19:00:00+09:00,200,https://www.city.chitose.lg.jp/95/,市民向け | 北海道千歳市,ja,,,true,true,true,dropdown,true,header,true,true,false,,true,true,false,true,icon,true,true,https://www.city.chitose.lg.jp/docs/1-17068-1-1.html,true,false,,true,false,false,,fair,low,medium,[skip_link] present; [breadcrumb] shown; [local_nav] sidebar; [news_list] recent items; [pickup] featured; [hub_cards] category cards; [footer_policies] links; [accessibility_link] ウェブアクセシビリティ方針; [contact_info] address+phone; [article_meta] page date,,
S0057,北海道,千歳市,municipality,C,article,https://www.city.chitose.lg.jp/docs/41357.html,2026-02-15T19:00:00+09:00,200,https://www.city.chitose.lg.jp/docs/41357.html,会計年度任用職員の募集について | 北海道千歳市,ja,,,true,true,true,dropdown,true,header,true,true,false,,false,true,false,false,,true,true,https://www.city.chitose.lg.jp/docs/1-17068-1-1.html,true,false,,true,false,true,pdf,fair,low,low,[skip_link] present; [breadcrumb] shown; [local_nav] sidebar; [pickup] featured; [footer_policies] links; [accessibility_link] ウェブアクセシビリティ方針; [contact_info] department; [article_meta] page date; [attachments] PDF docs,,
S0058,北海道,岩見沢市,municipality,C,top,https://www.city.iwamizawa.hokkaido.jp/,2026-02-15T20:56:17+09:00,200,https://www.city.iwamizawa.hokkaido.jp/,ホーム／岩見沢市ホームページ,ja,SMART CMS,SmartValue,true,true,true,dropdown,true,header,false,false,false,,false,true,false,true,icon,true,true,,true,false,,false,false,false,,good,low,low,[skip_link] a href=#container 本文へ; [header_brand] logo img; [global_nav] dropdown くらし・手続き/子育て・教育/観光/産業・ビジネス/市政情報; [search] Google-integrated form; [pickup] PICK UP 5 items; [hub_cards] 9 life scene cards icon grid; [footer_policies] プライバシーポリシー/ウェブアクセシビリティ; [accessibility_link] ウェブアクセシビリティ; [contact_info] 〒068-8686 0126-23-4111,,
S0058,北海道,岩見沢市,municipality,C,contact,https://www.city.iwamizawa.hokkaido.jp/soshiki/shomuka/iwamizawashi_shokai/3872.html,2026-02-15T20:56:17+09:00,200,https://www.city.iwamizawa.hokkaido.jp/soshiki/shomuka/iwamizawashi_shokai/3872.html,市役所／岩見沢市ホームページ,ja,SMART CMS,SmartValue,true,true,true,dropdown,true,header,true,false,false,,false,false,false,false,,true,true,,true,false,,false,false,false,,good,low,low,[skip_link] a href=#container; [breadcrumb] implied; [contact_info] 〒068-8686 0126-23-4111 FAX 0126-23-9977 9:00-17:30; [footer_policies] プライバシー/アクセシビリティ; [accessibility_link] ウェブアクセシビリティ,,
S0058,北海道,岩見沢市,municipality,C,service,https://www.city.iwamizawa.hokkaido.jp/soshiki/kodomoka/kosodate/4/2426.html,2026-02-15T20:56:17+09:00,404,,,,,,false,false,false,,false,,false,false,false,,false,false,false,false,,false,false,,false,false,,false,false,false,,,,,404 at time of access; WebSearch indexed as 児童手当／岩見沢市ホームページ but page returns 404,,
S0058,北海道,岩見沢市,municipality,C,hub,https://www.city.iwamizawa.hokkaido.jp/lifescene/index.html,2026-02-15T20:56:17+09:00,200,https://www.city.iwamizawa.hokkaido.jp/lifescene/index.html,ライフシーン／岩見沢市ホームページ,ja,SMART CMS,SmartValue,true,true,true,dropdown,true,header,true,false,false,,false,false,false,true,icon,true,true,,true,false,,false,false,false,,good,low,low,[skip_link] a href=#container; [breadcrumb] present; [hub_cards] 8 life stage categories icon grid (出産・子育て/教育/就職・退職/結婚・離婚/引越し・住まい/健康・医療/福祉・介護/お悔やみ・ごみ出し); [footer_policies] プライバシー/アクセシビリティ; [accessibility_link] ウェブアクセシビリティ,,
S0058,北海道,岩見沢市,municipality,C,article,https://www.city.iwamizawa.hokkaido.jp/soshiki/johoseisakuka/internet/9242.html,2026-02-15T20:56:17+09:00,200,https://www.city.iwamizawa.hokkaido.jp/soshiki/johoseisakuka/internet/9242.html,地域BWAサービス／岩見沢市ホームページ,ja,SMART CMS,SmartValue,true,true,true,dropdown,true,header,true,false,false,,false,false,false,false,,true,true,,true,false,,false,false,false,,good,low,low,[skip_link] a href=#container; [breadcrumb] present; [contact_info] はまなす情報 0126-35-7170; [footer_policies] プライバシー/アクセシビリティ; [accessibility_link] ウェブアクセシビリティ,,
S0059,北海道,夕張市,municipality,D,top,https://www.city.yubari.lg.jp/,2026-02-15T20:56:17+09:00,200,https://www.city.yubari.lg.jp/,メロンのまち 北海道夕張市ホームページ,ja,,,true,true,true,dropdown,true,header,false,false,false,,true,false,true,false,,true,true,https://www.city.yubari.lg.jp/site/userguide/list10-31.html,true,false,,false,false,false,,good,low,low,[skip_link] a href=#skip 本文へ; [header_brand] logo img_top_logo.png; [global_nav] dropdown くらし・手続き/子育て・教育/健康・福祉/しごと・産業/行政情報/観光情報; [search] role=search keyword input; [news_list] dated entries 2026-02-12; [carousel] promotional banners ふるさと納税/スキー場; [footer_policies] 個人情報保護/アクセシビリティ/サイトマップ; [accessibility_link] アクセシビリティ; [contact_info] 0123-52-3131 〒068-0492,,
S0059,北海道,夕張市,municipality,D,contact,https://www.city.yubari.lg.jp/soshiki/2/5017.html,2026-02-15T20:56:17+09:00,200,https://www.city.yubari.lg.jp/soshiki/2/5017.html,お問い合わせ - 北海道夕張市ホームページ,ja,,,true,true,true,dropdown,true,header,true,false,false,,false,false,false,false,,true,true,https://www.city.yubari.lg.jp/site/userguide/list10-31.html,true,true,simple,false,false,false,,good,low,low,[skip_link] a href=#skip; [breadcrumb] present; [contact_info] 0123-52-3131 8:45-17:30; [contact_form] ~30 department inquiry forms; [footer_policies] 個人情報/アクセシビリティ; [accessibility_link] アクセシビリティ,,
S0059,北海道,夕張市,municipality,D,service,https://www.city.yubari.lg.jp/soshiki/11/1658.html,2026-02-15T20:56:17+09:00,200,https://www.city.yubari.lg.jp/soshiki/11/1658.html,児童手当 - 北海道夕張市ホームページ,ja,,,true,true,true,dropdown,true,header,true,false,false,,false,false,false,false,,true,true,https://www.city.yubari.lg.jp/site/userguide/list10-31.html,true,false,,false,false,false,,good,low,low,[skip_link] a href=#skip; [breadcrumb] present; [contact_info] 生活福祉課 0123-57-7582; [footer_policies] 個人情報/アクセシビリティ; [accessibility_link] アクセシビリティ,,
S0059,北海道,夕張市,municipality,D,hub,https://www.city.yubari.lg.jp/life/1/,2026-02-15T20:56:17+09:00,200,https://www.city.yubari.lg.jp/life/1/,くらし・手続き - 北海道夕張市ホームページ,ja,,,true,true,true,dropdown,true,header,true,false,false,,true,false,false,true,text,true,true,https://www.city.yubari.lg.jp/site/userguide/list10-31.html,true,false,,false,false,false,,good,low,low,[skip_link] a href=#skip; [breadcrumb] present; [hub_cards] 9 category text links (届出届/税/保険年金/環境衛生/住宅引越/水道/交通/安全安心/法律相談); [news_list] 5 dated entries; [footer_policies] 個人情報/アクセシビリティ; [accessibility_link] アクセシビリティ,,
S0059,北海道,夕張市,municipality,D,article,https://www.city.yubari.lg.jp/site/mayor/7289.html,2026-02-15T20:56:17+09:00,200,https://www.city.yubari.lg.jp/site/mayor/7289.html,市長コラム(令和7年度) - 市長の部屋 - 北海道夕張市ホームページ,ja,,,true,true,true,dropdown,true,header,true,false,false,,false,false,false,false,,true,true,https://www.city.yubari.lg.jp/site/userguide/list10-31.html,false,false,,true,false,false,,good,low,low,[skip_link] a href=#skip; [breadcrumb] present; [article_meta] monthly columns Apr-Feb with dates; [footer_policies] 個人情報/アクセシビリティ; [accessibility_link] アクセシビリティ,,
S0060,北海道,歌志内市,municipality,D,top,https://www.city.utashinai.hokkaido.jp/,2026-02-15T20:56:17+09:00,200,https://www.city.utashinai.hokkaido.jp/,北海道歌志内市,ja,,GTM-5FGDBCX,true,true,true,dropdown,true,header,false,false,true,banner,true,false,true,true,icon,true,false,,true,false,,false,false,false,,good,low,medium,[skip_link] #gnavi/#tmp_honbun; [header_brand] logo images/logo.png; [global_nav] dropdown 歌志内市の紹介/暮らし/健康・福祉/移住・定住/観光/市政; [search] search toggle; [emergency_notice] インフルエンザ注意報/水痘警報 2026-02-06; [news_list] dated entries 2026-02-09; [carousel] 4 slides; [hub_cards] こんなときには icon grid 8 items; [footer_policies] 個人情報/免責事項/リンク/PDF閲覧,,
S0060,北海道,歌志内市,municipality,D,contact,https://www.city.utashinai.hokkaido.jp/hotnews/detail/00000317.html,2026-02-15T20:56:17+09:00,200,https://www.city.utashinai.hokkaido.jp/hotnews/detail/00000317.html,お問い合わせ - 北海道歌志内市,ja,,GTM-5FGDBCX,true,true,true,dropdown,true,header,true,false,false,,false,false,false,false,,true,false,,true,true,simple,false,false,false,,good,low,medium,[skip_link] #gnavi/#tmp_honbun; [breadcrumb] present; [contact_info] 0125-42-3214 〒073-0492 8:30-17:15; [contact_form] online form available; [footer_policies] 個人情報/免責事項,,
S0060,北海道,歌志内市,municipality,D,service,https://www.city.utashinai.hokkaido.jp/kosodate/detail/00001994.html,2026-02-15T20:56:17+09:00,200,https://www.city.utashinai.hokkaido.jp/kosodate/detail/00001994.html,各種手当 - うたしない子育て応援サイト,ja,,GTM-5FGDBCX,true,true,true,dropdown,true,header,true,false,false,,false,false,false,false,,true,false,,true,false,,false,false,false,,good,low,medium,[skip_link] #gnavi/#tmp_honbun; [breadcrumb] present; [contact_info] 福祉事業課 0125-42-3213; [footer_policies] 個人情報/免責事項; 児童手当/児童扶養手当/特別児童扶養手当の3制度を掲載,,
S0060,北海道,歌志内市,municipality,D,hub,https://www.city.utashinai.hokkaido.jp/hotnews/category/3.html,2026-02-15T20:56:17+09:00,200,https://www.city.utashinai.hokkaido.jp/hotnews/category/3.html,暮らし - 北海道歌志内市,ja,,GTM-5FGDBCX,true,true,true,dropdown,true,header,true,false,false,,false,false,false,true,text,true,false,,true,false,,false,false,false,,good,low,medium,[skip_link] #gnavi/#tmp_honbun; [breadcrumb] ホーム>暮らし; [hub_cards] 16 subcategory text links (相談・人権/教育・スポーツ/市税/戸籍/印鑑/ごみ/国民年金/水道/鳥獣害/防災/消防/住宅・霊園/公共施設); [footer_policies] 個人情報/免責事項,,
S0060,北海道,歌志内市,municipality,D,article,https://www.city.utashinai.hokkaido.jp/hotnews/detail/00000127.html,2026-02-15T20:56:17+09:00,200,https://www.city.utashinai.hokkaido.jp/hotnews/detail/00000127.html,救急（異物除去法） - 北海道歌志内市,ja,,GTM-5FGDBCX,true,true,true,dropdown,true,header,true,false,false,,false,false,false,false,,true,false,,true,false,,false,false,false,,good,low,medium,[skip_link] #gnavi/#tmp_honbun; [breadcrumb] present; [contact_info] 消防署 0125-42-3255; [footer_policies] 個人情報/免責事項,,
S0061,北海道,奥尻町,municipality,D,top,https://www.town.okushiri.lg.jp/,2026-02-15T20:56:17+09:00,200,https://www.town.okushiri.lg.jp/,北海道奥尻町,ja,,GA G-2QQGXW1SRH,true,true,true,dropdown,true,header,false,false,false,,true,false,true,true,icon,true,false,,true,false,,false,false,false,,good,low,medium,[skip_link] #gnavi/#tmp_honbun; [header_brand] logo images/logo.png; [global_nav] dropdown 防災・救急/暮らし/文化・教育/観光/産業/行政; [search] search form; [news_list] dated entries Feb 2026; [carousel] 3 landscape images; [hub_cards] テーマから探す icon grid (出産・子育て/戸籍/ごみ/引越し/健康福祉/高齢者); [footer_policies] リンク・著作権/個人情報/免責事項; [contact_info] 01397-2-3111,,
S0061,北海道,奥尻町,municipality,D,contact,https://www.town.okushiri.lg.jp/hotnews/detail/00000001.html,2026-02-15T20:56:17+09:00,200,https://www.town.okushiri.lg.jp/hotnews/detail/00000001.html,お問い合わせ - 北海道奥尻町,ja,,GA G-2QQGXW1SRH,true,true,true,dropdown,true,header,true,false,false,,false,false,false,false,,true,false,,true,false,,false,false,false,,good,low,medium,[skip_link] #gnavi/#tmp_honbun; [breadcrumb] present; [contact_info] 01397-2-3111/01397-2-3406 〒043-1498 8:30-17:15; [footer_policies] 個人情報/免責事項,,
S0061,北海道,奥尻町,municipality,D,service,https://www.town.okushiri.lg.jp/hotnews/detail/00004892.html,2026-02-15T20:56:17+09:00,200,https://www.town.okushiri.lg.jp/hotnews/detail/00004892.html,幼児教育・保育の無償化について - 奥尻町,ja,,GA G-2QQGXW1SRH,true,true,true,dropdown,true,header,true,false,false,,false,false,false,false,,true,false,,true,false,,false,false,true,pdf,good,low,medium,[skip_link] #gnavi/#tmp_honbun; [breadcrumb] present; [contact_info] 教育委員会 01397-2-3890; [attachments] application forms PDF; [footer_policies] 個人情報/免責事項,,
S0061,北海道,奥尻町,municipality,D,hub,https://www.town.okushiri.lg.jp/hotnews/category/3.html,2026-02-15T20:56:17+09:00,200,https://www.town.okushiri.lg.jp/hotnews/category/3.html,暮らし - 北海道奥尻町,ja,,GA G-2QQGXW1SRH,true,true,true,dropdown,true,header,true,true,false,,false,false,false,true,text,true,false,,true,false,,false,false,false,,good,low,medium,[skip_link] #gnavi/#tmp_honbun; [breadcrumb] ホーム>暮らし; [local_nav] 25 subcategory links; [hub_cards] 24 category text links (戸籍/印鑑/マイナンバー/水道/ごみ/税/年金/保険/医療/福祉/子育て/交通安全/住宅/就職/暮らし情報); [footer_policies] 個人情報/免責事項,,
S0061,北海道,奥尻町,municipality,D,article,https://www.town.okushiri.lg.jp/hotnews/detail/00001296.html,2026-02-15T20:56:17+09:00,200,https://www.town.okushiri.lg.jp/hotnews/detail/00001296.html,耐震改修促進計画を策定しました - 北海道奥尻町,ja,,GA G-2QQGXW1SRH,true,true,true,dropdown,true,header,true,false,false,,false,false,false,false,,true,false,,true,false,,false,false,true,pdf,good,low,medium,[skip_link] #gnavi/#tmp_honbun; [breadcrumb] present; [contact_info] 建設水道課 01397-2-3405; [attachments] 奥尻町耐震改修促進計画 PDF; [footer_policies] 個人情報/免責事項,,
S0062,北海道,利尻町,municipality,D,top,https://rishiri-town.jp/,2026-02-15T20:56:17+09:00,200,https://rishiri-town.jp/,利尻町公式サイト,ja,WordPress 6.6.4,,true,true,true,dropdown,true,header,false,false,false,,true,false,false,true,icon,true,false,,true,false,,false,false,false,,good,low,low,[skip_link] #primary Skip to content; [header_brand] 利尻町公式サイト; [global_nav] dropdown ホーム/町の紹介/観光・イベント/くらし・各種手続き/健康・子育て・福祉/教育/防災・天気/町議会/事業者; [search] header search; [news_list] お知らせ section dated entries; [hub_cards] 便利ナビ icon grid (119番/戸籍届出/入園入学/ごみ収集/公共施設/広報); [footer_policies] privacy-policy/link(著作権)/視覚的に閲覧が難しい方へ; [contact_info] 0163-84-2345 〒097-0401; 301 redirect from www.town.rishiri.hokkaido.jp,,
S0062,北海道,利尻町,municipality,D,contact,https://rishiri-town.jp/%e5%88%a9%e5%b0%bb%e7%94%ba%e5%bd%b9%e5%a0%b4%e3%81%b8%e3%81%ae%e5%95%8f%e5%90%88%e3%81%9b/,2026-02-15T20:56:17+09:00,200,https://rishiri-town.jp/%e5%88%a9%e5%b0%bb%e7%94%ba%e5%bd%b9%e5%a0%b4%e3%81%b8%e3%81%ae%e5%95%8f%e5%90%88%e3%81%9b/,利尻町役場への問合せ - 利尻町公式サイト,ja,WordPress 6.6.4,,true,true,true,dropdown,true,header,true,false,false,,false,false,false,false,,true,false,,false,true,simple,false,false,false,,good,low,low,[skip_link] #primary; [breadcrumb] present; [contact_form] email inquiry form soumu@town.rishiri.hokkaido.jp; [footer_policies] privacy/著作権/視覚的に閲覧が難しい方へ,,
S0062,北海道,利尻町,municipality,D,service,https://rishiri-town.jp/%e5%81%a5%e5%ba%b7%e3%83%bb%e5%ad%90%e8%82%b2%e3%81%a6%e3%83%bb%e7%a6%8f%e7%a5%89/%e5%ad%90%e8%82%b2%e3%81%a6%e6%94%af%e6%8f%b4/,2026-02-15T20:56:17+09:00,200,https://rishiri-town.jp/%e5%81%a5%e5%ba%b7%e3%83%bb%e5%ad%90%e8%82%b2%e3%81%a6%e3%83%bb%e7%a6%8f%e7%a5%89/%e5%ad%90%e8%82%b2%e3%81%a6%e6%94%af%e6%8f%b4/,子育て支援 - 利尻町公式サイト,ja,WordPress 6.6.4,,true,true,true,dropdown,true,header,true,false,false,,false,false,false,false,,true,false,,false,false,,false,false,false,,good,low,low,[skip_link] #primary; [breadcrumb] ホーム>健康・子育て・福祉>子育て支援; 5 child support links (健診/予防接種/げんきっこサークル/のびこルーム/保育); [footer_policies] privacy/著作権/視覚的に閲覧が難しい方へ,,
S0062,北海道,利尻町,municipality,D,hub,https://rishiri-town.jp/%e3%81%8f%e3%82%89%e3%81%97%e3%83%bb%e5%90%84%e7%a8%ae%e6%89%8b%e7%b6%9a%e3%81%8d/,2026-02-15T20:56:17+09:00,200,https://rishiri-town.jp/%e3%81%8f%e3%82%89%e3%81%97%e3%83%bb%e5%90%84%e7%a8%ae%e6%89%8b%e7%b6%9a%e3%81%8d/,くらし・各種手続き - 利尻町公式サイト,ja,WordPress 6.6.4,,true,true,true,dropdown,true,header,true,false,false,,false,false,false,true,text,true,false,,true,false,,false,false,false,,good,low,low,[skip_link] #primary; [breadcrumb] ホーム>くらし・各種手続き; [hub_cards] 24 service categories text (戸籍/住宅/農林業/水道/求人/消防/ごみ/税/公共施設/年金/空き家/町民会議/ネットワーク/動物愛護/漁業/除雪/定住促進/地域おこし); [contact_info] footer; [footer_policies] privacy/著作権,,
S0063,北海道,美瑛町,municipality,D,top,https://town.biei.hokkaido.jp/,2026-02-15T20:56:17+09:00,200,https://town.biei.hokkaido.jp/,北海道美瑛町,ja,,GTM-KQK9TTX,true,true,true,dropdown,true,header,false,false,false,,true,false,true,true,icon,true,true,https://town.biei.hokkaido.jp/accessibility.html,true,false,,false,false,false,,good,low,low,[skip_link] #gnavi/#tmp_honbun; [header_brand] 北海道美瑛町; [global_nav] dropdown くらしの情報/産業・仕事/健康・医療・福祉/子育て・教育/文化・スポーツ/町政情報/組織一覧/観光情報; [search] header search; [news_list] dated お知らせ entries; [carousel] 5 landscape images; [hub_cards] 8 life event icon cards (引越/ごみ/道路除雪/結婚子育て/医療/高齢者/お悔やみ/救急); [footer_policies] サイトマップ/プライバシー/免責事項/アクセシビリティ; [accessibility_link] アクセシビリティ /accessibility.html; [contact_info] 0166-92-1111 〒071-0292,,
S0063,北海道,美瑛町,municipality,D,contact,https://town.biei.hokkaido.jp/administration/town/contact.html,2026-02-15T20:56:17+09:00,200,https://town.biei.hokkaido.jp/administration/town/contact.html,お問い合わせ - 北海道美瑛町,ja,,GTM-KQK9TTX,true,true,true,dropdown,true,header,true,false,false,,false,false,false,false,,true,true,https://town.biei.hokkaido.jp/accessibility.html,true,true,simple,false,false,false,,good,low,low,[skip_link] #gnavi/#tmp_honbun; [breadcrumb] present; [contact_info] 0166-92-1111 〒071-0292 8:30-17:15; [contact_form] 19 department email inquiry links; [footer_policies] プライバシー/免責/アクセシビリティ; [accessibility_link] アクセシビリティ,,
S0063,北海道,美瑛町,municipality,D,service,https://town.biei.hokkaido.jp/child/child-rearing/support.html,2026-02-15T20:56:17+09:00,200,https://town.biei.hokkaido.jp/child/child-rearing/support.html,子育て助成事業 - 北海道美瑛町,ja,,GTM-KQK9TTX,true,true,true,dropdown,true,header,true,false,false,,false,false,false,false,,true,true,https://town.biei.hokkaido.jp/accessibility.html,true,false,,false,false,false,,good,low,low,[skip_link] #gnavi/#tmp_honbun; [breadcrumb] present; [contact_info] 保健福祉課 0166-92-4262; すくすくサポート/高校通学支援/ひとり親医療/乳幼児医療/ごみ袋支給; [footer_policies] プライバシー/免責/アクセシビリティ; [accessibility_link] アクセシビリティ,,
S0063,北海道,美瑛町,municipality,D,hub,https://town.biei.hokkaido.jp/life/,2026-02-15T20:56:17+09:00,200,https://town.biei.hokkaido.jp/life/,くらしの情報 - 北海道美瑛町,ja,,GTM-KQK9TTX,true,true,true,dropdown,true,header,true,false,false,,false,false,false,true,text,true,true,https://town.biei.hokkaido.jp/accessibility.html,true,false,,false,false,false,,good,low,low,[skip_link] #gnavi/#tmp_honbun; [breadcrumb] present; [hub_cards] 14 category text links (届出証明/税/保険/ごみ環境/相談/消防/道路河川/建築開発/結婚祝金/マイナンバー/町営住宅/地域通貨/NPO/会計); [contact_info] footer 0166-92-1111; [footer_policies] プライバシー/免責/アクセシビリティ; [accessibility_link] アクセシビリティ,,
S0063,北海道,美瑛町,municipality,D,article,https://town.biei.hokkaido.jp/administration/election/result/r80208.html,2026-02-15T20:56:17+09:00,200,https://town.biei.hokkaido.jp/administration/election/result/r80208.html,衆議院議員総選挙結果 - 北海道美瑛町,ja,,GTM-KQK9TTX,true,true,true,dropdown,true,header,true,false,false,,false,false,false,false,,true,true,https://town.biei.hokkaido.jp/accessibility.html,true,false,,true,false,false,,good,low,low,[skip_link] #gnavi/#tmp_honbun; [breadcrumb] present; [article_meta] 令和8年2月8日執行; [contact_info] 選挙管理委員会 0166-92-4316; [footer_policies] プライバシー/免責/アクセシビリティ; [accessibility_link] アクセシビリティ,,
S0064,北海道,ニセコ町,municipality,D,top,https://www.town.niseko.lg.jp/,2026-02-15T20:56:17+09:00,200,https://www.town.niseko.lg.jp/,北海道 ニセコ町,ja,Custom jQuery/Leaflet,,false,true,true,dropdown,true,header,false,false,false,,true,false,true,true,icon,true,true,,true,false,,false,false,false,,good,low,low,[header_brand] logo variants; [global_nav] dropdown 暮らし/観光・イベント/移住・定住/国際交流/町政・まちづくり; [search] site-wide search; [news_list] 最新5件 dated; [carousel] 9 slides Niseko landmarks; [hub_cards] lifestyle guidance icon grid (防災/届出/税/ごみ); [footer_policies] ウェブアクセシビリティ方針/SNSポリシー/個人情報保護/著作権; [accessibility_link] ウェブアクセシビリティ方針; [contact_info] 0136-44-2121 〒048-1595,,
S0064,北海道,ニセコ町,municipality,D,contact,https://www.town.niseko.lg.jp/kokyo_shisetsu/shisetsu/yakuba/,2026-02-15T20:56:17+09:00,200,https://www.town.niseko.lg.jp/kokyo_shisetsu/shisetsu/yakuba/,ニセコ町役場 - 北海道ニセコ町,ja,Custom jQuery/Leaflet,,false,true,true,dropdown,true,header,true,false,false,,false,false,false,false,,true,true,,true,false,,false,false,false,,good,low,low,[breadcrumb] present; [contact_info] 0136-44-2121 0136-56-8834 〒048-1595 8:30-17:15; [footer_policies] アクセシビリティ/SNSポリシー/個人情報; [accessibility_link] ウェブアクセシビリティ方針,,
S0064,北海道,ニセコ町,municipality,D,service,https://www.town.niseko.lg.jp/kurashi/kosodate/kodomo_teate_josei/jidou_teate/,2026-02-15T20:56:17+09:00,200,https://www.town.niseko.lg.jp/kurashi/kosodate/kodomo_teate_josei/jidou_teate/,児童手当 - 北海道ニセコ町,ja,Custom jQuery/Leaflet,,false,true,true,dropdown,true,header,true,false,false,,false,false,false,false,,true,true,,true,false,,false,false,false,,good,low,low,[breadcrumb] present; [contact_info] 保健福祉課 0136-56-8840; 支給額/支給時期/届出事項を掲載; [footer_policies] アクセシビリティ/SNSポリシー/個人情報; [accessibility_link] ウェブアクセシビリティ方針,,
S0064,北海道,ニセコ町,municipality,D,hub,https://www.town.niseko.lg.jp/kurashi/,2026-02-15T20:56:17+09:00,200,https://www.town.niseko.lg.jp/kurashi/,暮らし - 北海道ニセコ町,ja,Custom jQuery/Leaflet,,false,true,true,dropdown,true,header,true,false,false,,false,false,false,true,text,true,true,,true,false,,false,false,false,,good,low,low,[breadcrumb] present; [hub_cards] 12 category text links (防災・安全/届出・証明/税/ごみ・リサイクル/生活環境/しごと・産業/保険・年金/子育て・教育/健康・福祉・介護/外国人住民/公共施設予約/様式DL); [contact_info] footer; [footer_policies] アクセシビリティ/SNSポリシー/個人情報; [accessibility_link] ウェブアクセシビリティ方針,,
S0064,北海道,ニセコ町,municipality,D,article,https://www.town.niseko.lg.jp/information/11647/,2026-02-15T20:56:17+09:00,200,https://www.town.niseko.lg.jp/information/11647/,しりべしジョブフェア2026 - 北海道ニセコ町,ja,Custom jQuery/Leaflet,,false,true,true,dropdown,true,header,true,false,false,,false,false,false,false,,true,true,,true,false,,true,false,false,,good,low,low,[breadcrumb] present; [article_meta] 2026年2月19日-20日開催; [contact_info] 後志総合振興局 0136-23-1362; [footer_policies] アクセシビリティ/SNSポリシー/個人情報; [accessibility_link] ウェブアクセシビリティ方針,,
S0002,青森県,青森県,prefecture,unknown,top,https://www.pref.aomori.lg.jp/,2026-02-15T21:10:07+09:00,200,https://www.pref.aomori.lg.jp/,青森県庁ウェブサイト,ja,GTM-5FVF7TW;slick,,false,true,true,horizontal,true,header,false,false,true,banner,true,true,true,true,image,true,true,,true,false,,false,false,false,,good,low,low,[emergency] 豪雪対策本部+地震対策本部; [news_list] 新着情報2026-02-15; [pickup] 注目情報; [carousel] .slick 5items; [hub_cards] もっと知りたい青森県 8cards; [footer] 個人情報/著作権/アクセシビリティ,,
S0002,青森県,青森県,prefecture,unknown,contact,https://www.pref.aomori.lg.jp/contents/contact.html,2026-02-15T21:10:07+09:00,200,https://www.pref.aomori.lg.jp/contents/contact.html,お問い合わせ,ja,GTM-5FVF7TW;slick,,false,true,true,horizontal,false,,true,false,false,,false,false,false,false,,true,true,,true,false,,true,false,false,,good,low,low,[breadcrumb] ホーム>このサイトについて>お問い合わせ; [contact_info] 017-722-1111; [article_meta] 更新日2020-10-31,,
S0002,青森県,青森県,prefecture,unknown,service,https://www.pref.aomori.lg.jp/soshiki/kodomo/kodomo/test.html,2026-02-15T21:10:07+09:00,200,https://www.pref.aomori.lg.jp/soshiki/kodomo/kodomo/test.html,児童手当について（令和６年10月１日から）,ja,GTM-5FVF7TW;slick,,false,true,true,horizontal,false,,true,true,false,,false,false,false,false,,true,true,,true,false,,true,false,false,,good,low,low,[breadcrumb] ホーム>組織>こどもみらい課>児童手当; [local_nav] 関連分野くらし/こども; [article_meta] 更新日2024-12-10; [contact_info] こどもみらい課,,
S0002,青森県,青森県,prefecture,unknown,hub,https://www.pref.aomori.lg.jp/life/,2026-02-15T21:10:07+09:00,200,https://www.pref.aomori.lg.jp/life/,くらし・防災・環境,ja,GTM-5FVF7TW;slick,,false,true,true,horizontal,false,,true,false,false,,true,false,false,true,text,true,true,,true,false,,false,false,false,,good,low,low,[breadcrumb] ホーム>くらし・防災・環境; [hub_cards] 12topic cards(防災/県税/環境等); [news_list] 2026-02-06~02-13,,
S0002,青森県,青森県,prefecture,unknown,article,https://www.pref.aomori.lg.jp/koho/r8gousetutaisakuhonbu.html,2026-02-15T21:10:07+09:00,200,https://www.pref.aomori.lg.jp/koho/r8gousetutaisakuhonbu.html,令和8年青森県豪雪対策本部,ja,GTM-5FVF7TW;slick,,false,true,true,horizontal,false,,true,false,false,,false,false,false,false,,true,true,,true,false,,true,true,true,pdf,good,low,low,[breadcrumb] ホーム>広報>豪雪対策本部; [article_meta] 更新日2026-02-13; [toc] section anchors; [attachments] 11 PDF damage reports; [contact_info] 017-734-9180,,
S0003,岩手県,岩手県,prefecture,unknown,top,https://www.pref.iwate.jp/,2026-02-15T21:10:07+09:00,200,https://www.pref.iwate.jp/,岩手県公式ホームページ,ja,GA-1QKGX40YQK;jQuery,,true,true,true,mega,false,,false,false,true,banner,true,true,true,true,icon,true,true,https://www.pref.iwate.jp/about/accessibility/accessibility.html,true,false,,false,false,false,,good,low,low,[skip_link] #HONBUN; [emergency] クマ被害+林野火災+岩手山噴火警戒Lv2; [news_list] dated items; [pickup] 注目情報5items; [carousel] 6photos; [hub_cards] 6category grids,,
S0003,岩手県,岩手県,prefecture,unknown,contact,https://www.pref.iwate.jp/about/1016265.html,2026-02-15T21:10:07+09:00,200,https://www.pref.iwate.jp/about/1016265.html,お問い合わせについて,ja,GA-1QKGX40YQK;jQuery,,true,true,true,mega,true,header,true,true,false,,false,false,false,false,,true,true,https://www.pref.iwate.jp/about/accessibility/accessibility.html,true,true,simple,true,false,false,,fair,low,low,[skip_link] #HONBUN; [breadcrumb] トップ>サイトについて>お問い合わせ; [contact_form] 専用フォーム; [article_meta] 更新日H31.2.21; [local_nav] サイトについて関連,,
S0003,岩手県,岩手県,prefecture,unknown,service,https://www.pref.iwate.jp/kurashikankyou/kosodate/shoushika/1003476.html,2026-02-15T21:10:07+09:00,200,https://www.pref.iwate.jp/kurashikankyou/kosodate/shoushika/1003476.html,児童手当,ja,GA-1QKGX40YQK;jQuery,,true,true,true,mega,true,header,true,true,false,,false,false,false,false,,true,true,https://www.pref.iwate.jp/about/accessibility/accessibility.html,true,false,,true,false,true,pdf,good,low,low,[skip_link] #HONBUN; [breadcrumb] トップ>くらし>子育て>少子化対策>児童手当; [article_meta] 更新日R7.6.5; [attachments] 第3子カウントPDF 376KB,,
S0003,岩手県,岩手県,prefecture,unknown,hub,https://www.pref.iwate.jp/kurashikankyou/index.html,2026-02-15T21:10:07+09:00,200,https://www.pref.iwate.jp/kurashikankyou/index.html,くらし・環境,ja,GA-1QKGX40YQK;jQuery,,true,true,true,mega,false,,true,false,false,,false,false,false,true,text,true,true,https://www.pref.iwate.jp/about/accessibility/accessibility.html,false,false,,false,false,false,,good,low,low,[skip_link] #HONBUN; [breadcrumb] トップ>くらし・環境; [hub_cards] 13category sections with link lists,,
S0003,岩手県,岩手県,prefecture,unknown,article,https://www.pref.iwate.jp/governor/yotei/1082674/1094560.html,2026-02-15T21:10:07+09:00,200,https://www.pref.iwate.jp/governor/yotei/1082674/1094560.html,岩手県知事の動き 令和8年2月2日から2月8日,ja,GA-1QKGX40YQK;jQuery,,true,true,true,mega,true,header,true,true,false,,false,false,false,false,,true,true,https://www.pref.iwate.jp/about/accessibility/accessibility.html,true,false,,true,false,false,,good,low,low,[skip_link] #HONBUN; [breadcrumb] トップ>知事室>知事の動き; [article_meta] 更新日R8.2.12 page1094560; [local_nav] 知事活動アーカイブ,,
S0005,秋田県,秋田県,prefecture,unknown,top,https://www.pref.akita.lg.jp/,2026-02-15T21:10:07+09:00,200,https://www.pref.akita.lg.jp/,美の国あきたネット,ja,GTM-KRTP4TR;Google_CSE,,false,true,true,mega,true,header,false,false,true,banner,true,false,true,false,,true,true,https://www.pref.akita.lg.jp/pages/accessibility,true,false,,false,false,false,,good,low,low,[emergency] 大雪+大雨被災支援+類似URL注意; [news_list] dated items; [carousel] 秋田を知る4cards; [footer] 個人情報/著作権/ウェブアクセシビリティ,,
S0005,秋田県,秋田県,prefecture,unknown,contact,https://www.pref.akita.lg.jp/pages/genre/14880,2026-02-15T21:10:07+09:00,200,https://www.pref.akita.lg.jp/pages/genre/14880,お問い合わせ,ja,GTM-KRTP4TR;Google_CSE,,false,true,true,mega,true,header,true,true,false,,false,false,false,false,,true,true,https://www.pref.akita.lg.jp/pages/accessibility,true,false,,true,false,false,,good,low,low,[breadcrumb] 5 levels; [contact_info] 018-860-1111; [article_meta] 2016-12-22; [local_nav] regional bureau links,,
S0005,秋田県,秋田県,prefecture,unknown,service,https://www.pref.akita.lg.jp/pages/archive/84626,2026-02-15T21:10:07+09:00,200,https://www.pref.akita.lg.jp/pages/archive/84626,児童手当について（令和６年１０月１日以降）,ja,GTM-KRTP4TR;Google_CSE,,false,true,true,mega,true,header,true,true,false,,false,false,false,false,,true,true,https://www.pref.akita.lg.jp/pages/accessibility,true,false,,true,false,false,,good,low,low,[breadcrumb] ホーム>部署別>健康福祉部>地域・家庭福祉課; [article_meta] 更新日2024-10-01; [contact_info] TEL:018-860-1344,,
S0005,秋田県,秋田県,prefecture,unknown,hub,https://www.pref.akita.lg.jp/pages/genre/category-life,2026-02-15T21:10:07+09:00,200,https://www.pref.akita.lg.jp/pages/genre/category-life,暮らし・環境,ja,GTM-KRTP4TR;Google_CSE,,false,true,true,mega,true,header,true,false,false,,true,false,false,true,text,true,true,https://www.pref.akita.lg.jp/pages/accessibility,false,false,,false,false,false,,good,low,low,[breadcrumb] ホーム>分野別一覧>暮らし・環境; [hub_cards] subcategories(住まい/税金/安全安心/リサイクル等); [news_list] dated entries,,
S0005,秋田県,秋田県,prefecture,unknown,article,https://www.pref.akita.lg.jp/pages/archive/9910,2026-02-15T21:10:07+09:00,200,https://www.pref.akita.lg.jp/pages/archive/9910,秋田県の人口と世帯(月報)：2026(令和8)年1月1日現在,ja,GTM-KRTP4TR;Google_CSE,,false,true,true,mega,true,header,true,true,false,,false,false,false,false,,true,true,https://www.pref.akita.lg.jp/pages/accessibility,true,false,,true,false,true,pdf,good,low,low,[breadcrumb] ホーム>県政情報>統計>人口; [article_meta] 更新日2026-01-26; [attachments] PDF 317KB; [local_nav] よく見ているページ,,
S0006,山形県,山形県,prefecture,unknown,top,https://www.pref.yamagata.jp/,2026-02-15T21:10:07+09:00,200,https://www.pref.yamagata.jp/,山形県ホームページ,ja,ReadSpeaker;custom,,true,true,true,dropdown,true,header,false,false,false,,true,true,true,true,image,true,true,https://www.pref.yamagata.jp/kensei/shoukai/aboutthissite/webaccessibility.html,true,false,,false,false,false,,good,low,low,[skip_link] #tmp_honbun; [news_list] 新着情報+報道発表; [pickup] 山形を知る7items; [carousel] hero蔵王の樹氷; [hub_cards] 山形の魅力5cards(住/行/触/食/使),,
S0006,山形県,山形県,prefecture,unknown,contact,https://www.pref.yamagata.jp/020026/kensei/joho/kocho/kenminsoudanmadoguti/jssan000/index.html,2026-02-15T21:10:07+09:00,200,https://www.pref.yamagata.jp/020026/kensei/joho/kocho/kenminsoudanmadoguti/jssan000/index.html,ご意見・お問合せの総合窓口,ja,ReadSpeaker;custom,,true,true,true,dropdown,true,header,true,true,false,,false,false,false,false,,true,true,https://www.pref.yamagata.jp/kensei/shoukai/aboutthissite/webaccessibility.html,true,false,,true,false,false,,good,low,low,[skip_link] #tmp_honbun; [breadcrumb] ホーム>県政情報>広報>県民相談窓口; [contact_info] 複数窓口電話番号; [article_meta] 更新日2025-06-20; [local_nav] 県民相談窓口,,
S0006,山形県,山形県,prefecture,unknown,service,https://www.pref.yamagata.jp/010001/kenfuku/kosodate/shien/teatejosei/jidouteate.html,2026-02-15T21:10:07+09:00,200,https://www.pref.yamagata.jp/010001/kenfuku/kosodate/shien/teatejosei/jidouteate.html,児童手当について,ja,ReadSpeaker;custom,,true,true,true,dropdown,true,header,true,true,false,,false,false,false,false,,true,true,https://www.pref.yamagata.jp/kensei/shoukai/aboutthissite/webaccessibility.html,true,false,,true,true,true,pdf,good,low,low,[skip_link] #tmp_honbun; [breadcrumb] ホーム>健康・福祉・子育て>子育て支援>手当・助成>児童手当; [toc] 6sections; [attachments] 市町村担当一覧PDF 95KB; [article_meta] 更新日2025-05-28,,
S0006,山形県,山形県,prefecture,unknown,hub,https://www.pref.yamagata.jp/kurashi/index.html,2026-02-15T21:10:07+09:00,200,https://www.pref.yamagata.jp/kurashi/index.html,くらし・環境,ja,ReadSpeaker;custom,,true,true,true,dropdown,true,header,true,false,false,,true,false,false,true,text,true,true,https://www.pref.yamagata.jp/kensei/shoukai/aboutthissite/webaccessibility.html,false,false,,false,false,false,,good,low,low,[skip_link] #tmp_honbun; [breadcrumb] ホーム>くらし・環境; [hub_cards] 9categories(食品安全/衛生/消費/住まい/税/環境等); [news_list] 2026-02-02~02-13+RSS,,
S0006,山形県,山形県,prefecture,unknown,article,https://www.pref.yamagata.jp/314001/kensei/joho/koho/houdouhappyou/2026/r080213-1.html,2026-02-15T21:10:07+09:00,200,https://www.pref.yamagata.jp/314001/kensei/joho/koho/houdouhappyou/2026/r080213-1.html,「第10回最上小国川写真コンテスト」入賞作品の決定について,ja,ReadSpeaker;custom,,true,true,true,dropdown,true,header,true,false,false,,false,false,false,false,,true,true,https://www.pref.yamagata.jp/kensei/shoukai/aboutthissite/webaccessibility.html,true,false,,true,false,true,pdf,good,low,low,[skip_link] #tmp_honbun; [breadcrumb] ホーム>県政情報>広報>報道発表>2026>2月; [article_meta] 発表日+更新日2026-02-13; [attachments] 報道資料128KB+入賞作品393KB,,
S0007,福島県,福島県,prefecture,unknown,top,https://www.pref.fukushima.lg.jp/,2026-02-15T21:10:07+09:00,200,https://www.pref.fukushima.lg.jp/,福島県ホームページ,ja,GA-UA-156518850-1;Google_CSE;Facebook_SDK,,true,true,true,horizontal,true,header,false,false,true,banner,true,true,true,true,icon,true,false,,true,false,,false,false,false,,good,low,low,[skip_link] #skip メニューを飛ばして本文へ; [emergency] 鳥インフルエンザ(野鳥); [news_list] dated items; [pickup] 復興の動き+オモシロ県; [carousel] pause button visible; [hub_cards] 目的でさがす10categories,,
S0007,福島県,福島県,prefecture,unknown,contact,https://www.pref.fukushima.lg.jp/life/7/33/121/,2026-02-15T21:10:07+09:00,200,https://www.pref.fukushima.lg.jp/life/7/33/121/,県庁案内,ja,GA-UA-156518850-1;Google_CSE;Facebook_SDK,,true,true,true,horizontal,true,header,true,true,false,,false,false,false,false,,true,false,,true,false,,false,false,false,,good,low,low,[skip_link] #skip; [breadcrumb] ホーム>県政情報>福島県のすがた>県庁案内; [contact_info] 024-521-1111 杉妻町2-16; [local_nav] 組織でさがす+カレンダー,,
S0007,福島県,福島県,prefecture,unknown,service,https://www.pref.fukushima.lg.jp/sec/21035a/kosodate-jidouteate.html,2026-02-15T21:10:07+09:00,200,https://www.pref.fukushima.lg.jp/sec/21035a/kosodate-jidouteate.html,児童手当について,ja,GA-UA-156518850-1;Google_CSE;Facebook_SDK,,true,true,true,horizontal,true,header,true,false,false,,false,false,false,false,,true,false,,true,false,,true,false,false,,good,low,low,[skip_link] #skip; [breadcrumb] ホーム>組織>児童家庭課>児童手当; [article_meta] 掲載日2021-08-19更新; [contact_info] 024-521-7176,,
S0007,福島県,福島県,prefecture,unknown,hub,https://www.pref.fukushima.lg.jp/life/1/,2026-02-15T21:10:07+09:00,200,https://www.pref.fukushima.lg.jp/life/1/,くらし・環境,ja,GA-UA-156518850-1;Google_CSE;Facebook_SDK,,true,true,true,horizontal,true,header,true,true,false,,true,false,false,true,text,true,false,,false,false,,false,false,false,,good,low,low,[skip_link] #skip; [breadcrumb] ホーム>分類でさがす>くらし・環境; [hub_cards] 6categories+subcategories; [news_list] 5 dated entries+RSS; [local_nav] 目的でさがす12links,,
S0007,福島県,福島県,prefecture,unknown,article,https://www.pref.fukushima.lg.jp/sec/36005b/digitalpromotion.html,2026-02-15T21:10:07+09:00,200,https://www.pref.fukushima.lg.jp/sec/36005b/digitalpromotion.html,令和８年度農林水産業デジタルプロモーション事業公募型プロポーザルの実施について,ja,GA-UA-156518850-1;Google_CSE;Facebook_SDK,,true,true,true,horizontal,true,header,true,false,false,,false,false,false,false,,true,false,,true,false,,true,false,true,mixed,good,low,low,[skip_link] #skip; [breadcrumb] ホーム>組織>農林企画課; [article_meta] 掲載日2026-02-13更新; [attachments] PDF+Word multiple docs,,
S0065,宮城県,仙台市,municipality,A,top,https://www.city.sendai.jp/,2026-02-15T21:10:07+09:00,200,https://www.city.sendai.jp/,仙台市公式ホームページ,ja,ReadSpeaker;custom,,true,true,true,dropdown,true,header,false,false,false,,true,true,true,true,icon,true,true,,true,false,,false,false,false,,good,low,low,[skip_link] #tmp_honbun; [news_list] 新着情報dated; [pickup] 取り組みを知る; [carousel] 15+program cards; [hub_cards] 区役所/カテゴリ/組織検索+よく利用されている情報,,
S0065,宮城県,仙台市,municipality,A,contact,https://www.city.sendai.jp/kochotoke-kocho/callcenter/morinomiyakooshiete.html,2026-02-15T21:10:07+09:00,200,https://www.city.sendai.jp/kochotoke-kocho/callcenter/morinomiyakooshiete.html,仙台市総合コールセンター「杜の都おしえてコール」,ja,ReadSpeaker;custom,,true,true,true,dropdown,true,header,true,true,false,,false,false,false,false,,true,true,,true,true,simple,true,false,true,pdf,good,low,low,[skip_link] #tmp_honbun; [breadcrumb] ホーム>市政情報>広聴; [contact_info] 022-398-4894; [contact_form] email+chat; [article_meta] 更新日2025-11-07; [attachments] リーフレットPDF; [local_nav] 広聴7subcategories,,
S0065,宮城県,仙台市,municipality,A,service,https://www.city.sendai.jp/kodomo-jigyo/kurashi/kenkotofukushi/kosodate/teate/jidoteate.html,2026-02-15T21:10:07+09:00,200,https://www.city.sendai.jp/kodomo-jigyo/kurashi/kenkotofukushi/kosodate/teate/jidoteate.html,児童手当,ja,ReadSpeaker;custom,,true,true,true,dropdown,true,header,true,true,false,,false,false,false,false,,true,true,,true,false,,true,true,true,pdf,good,low,low,[skip_link] #tmp_honbun; [breadcrumb] ホーム>くらし>健康と福祉>子育て>手当>児童手当; [toc] 8sections linked; [attachments] 認定請求書等PDF multiple; [article_meta] 更新日2025-12-02; [local_nav] 子ども医療費等,,
S0065,宮城県,仙台市,municipality,A,hub,https://www.city.sendai.jp/kurashi/index.html,2026-02-15T21:10:07+09:00,200,https://www.city.sendai.jp/kurashi/index.html,くらしの情報,ja,ReadSpeaker;custom,,true,true,true,dropdown,true,header,true,false,false,,true,false,false,true,text,true,true,,false,false,,false,false,false,,good,low,low,[skip_link] #tmp_honbun; [breadcrumb] ホーム>くらしの情報; [hub_cards] 8sections(安全安心/手続き/住みよい街/健康福祉等); [news_list] 4 dated announcements,,
S0065,宮城県,仙台市,municipality,A,article,https://www.city.sendai.jp/jigyosuishin/wakamono/wakamonoteiantop.html,2026-02-15T21:10:07+09:00,200,https://www.city.sendai.jp/jigyosuishin/wakamono/wakamonoteiantop.html,ユースチャレンジ！コラボプロジェクト,ja,ReadSpeaker;custom,,true,true,true,dropdown,true,header,true,true,false,,false,false,false,false,,true,true,,true,false,,true,false,true,mixed,good,low,low,[skip_link] #tmp_honbun; [breadcrumb] ホーム>くらし>市民活動>ユースチャレンジ; [article_meta] 更新日2026-02-09 pageID53071; [attachments] Word/Excel templates; [local_nav] 若者まちづくり関連,,
S0066,宮城県,石巻市,municipality,C,top,https://www.city.ishinomaki.lg.jp/,2026-02-15T21:10:07+09:00,200,https://www.city.ishinomaki.lg.jp/,石巻市,ja,GA-G-15P4HYCH0X;responsive_JS,,true,true,true,horizontal,true,header,false,false,false,,true,true,true,false,,true,true,,true,false,,false,false,false,,good,low,low,[skip_link] #main+#main_menu; [news_list] 3streams(新着/お知らせ/募集)dated; [pickup] 観光スポット(マンガアイランド/日和山/金華山); [carousel] 5items play/pause; [emergency] 現在緊急情報はありません→false,,
S0066,宮城県,石巻市,municipality,C,contact,https://www.city.ishinomaki.lg.jp/cont/10105000/7821/7821.html,2026-02-15T21:10:07+09:00,200,https://www.city.ishinomaki.lg.jp/cont/10105000/7821/7821.html,本庁舎案内（各階のご案内）,ja,GA-G-15P4HYCH0X;responsive_JS,,true,true,true,horizontal,true,header,true,false,false,,false,false,false,false,,true,true,,true,false,,true,false,false,,good,low,low,[skip_link] #main; [breadcrumb] トップ>市のプロフィール>庁舎案内>本庁舎案内; [contact_info] 0225-95-1111 穀町14-1; [article_meta] 更新日2025-10-20,,
S0066,宮城県,石巻市,municipality,C,service,https://www.city.ishinomaki.lg.jp/kosodate/li/010/020/02/index.html,2026-02-15T21:10:07+09:00,200,https://www.city.ishinomaki.lg.jp/kosodate/li/010/020/02/index.html,こどもの手当・助成,ja,GA-G-15P4HYCH0X;responsive_JS,,true,true,true,horizontal,true,header,true,true,false,,false,false,false,false,,true,true,,true,false,,false,false,false,,good,low,low,[skip_link] #main; [breadcrumb] hierarchical path; [local_nav] 母子の健康/あずける等; [contact_info] 0225-95-1111; 原URL /cont/10405000/6337/6337.html→404のため代替URL使用,,
S0066,宮城県,石巻市,municipality,C,hub,https://www.city.ishinomaki.lg.jp/d0010/index.html,2026-02-15T21:10:07+09:00,200,https://www.city.ishinomaki.lg.jp/d0010/index.html,市民の方へ,ja,GA-G-15P4HYCH0X;responsive_JS,,true,true,true,horizontal,true,header,true,false,false,,true,false,false,true,text,true,true,,true,false,,false,false,false,,good,low,low,[skip_link] #main; [breadcrumb] トップ>市民の方へ; [hub_cards] 8categories+ライフイベント9icons; [news_list] 6 dated items 2026-02+RSS,,
S0066,宮城県,石巻市,municipality,C,article,https://www.city.ishinomaki.lg.jp/cont/10184000/8600/kokoronohukkou07.html,2026-02-15T21:10:07+09:00,200,https://www.city.ishinomaki.lg.jp/cont/10184000/8600/kokoronohukkou07.html,令和7年度石巻市心の復興事業,ja,GA-G-15P4HYCH0X;responsive_JS,,true,true,true,horizontal,true,header,true,false,false,,false,false,false,false,,true,true,,true,false,,true,false,true,mixed,good,low,low,[skip_link] #main; [breadcrumb] トップ>市政情報>助成金>心の復興事業; [article_meta] 更新日2025-06-06; [attachments] 5PDF+1PowerPoint; [contact_info] 復興推進課 ext5519,,
S0067,宮城県,大崎市,municipality,C,top,https://www.city.osaki.miyagi.jp/,2026-02-15T21:24:01+09:00,200,https://www.city.osaki.miyagi.jp/,ホーム／大崎市,,SMART_CMS(lg-api2nd);GTM-W97D62S,SMART_CMS_base,true,true,true,horizontal,true,header,false,false,false,,true,false,true,true,image,true,true,https://www.city.osaki.miyagi.jp/shisei/soshikikarasagasu/somubu/hishokohoka/osakiwebsite/3152.html,true,false,,false,false,false,,fair,low,low,[skip] 本文へ#container; [brand] 宝の都・大崎 logo; [nav] くらし・市政・観光・世界農業遺産; [search] header keyword; [news] 重要なお知らせ 2026/01/26; [carousel] 立春教育; [hub_cards] 6 image tiles; [footer] サイトポリシー+個人情報+セキュリティ; [a11y] ウェブアクセシビリティ; [contact] 0229-23-2111,,
S0067,宮城県,大崎市,municipality,C,contact,https://www.city.osaki.miyagi.jp/otoiawase/index.html,2026-02-15T21:24:01+09:00,200,https://www.city.osaki.miyagi.jp/otoiawase/index.html,お問い合わせ／大崎市,,SMART_CMS(lg-api2nd);GTM-W97D62S,SMART_CMS_base,true,true,true,horizontal,true,header,true,true,false,,false,false,false,false,,true,true,https://www.city.osaki.miyagi.jp/shisei/soshikikarasagasu/somubu/hishokohoka/osakiwebsite/3152.html,true,true,simple,false,false,false,,good,low,low,[skip] 本文へ#container; [brand] 宝の都・大崎 logo; [bread] ホーム>お問い合わせ; [local_nav] 12 departments; [contact] 〒989-6188 0229-23-2111 8:30-17:15; [form] inquiry.php per dept; [a11y] ウェブアクセシビリティ,,
S0067,宮城県,大崎市,municipality,C,service,https://www.city.osaki.miyagi.jp/shisei/soshikikarasagasu/minseibu/kosodateshienka/3/3/2602.html,2026-02-15T21:24:01+09:00,200,https://www.city.osaki.miyagi.jp/shisei/soshikikarasagasu/minseibu/kosodateshienka/3/3/2602.html,児童扶養手当／大崎市,,SMART_CMS(lg-api2nd),SMART_CMS_base,true,true,true,horizontal,true,header,true,true,false,,false,false,false,false,,true,true,https://www.city.osaki.miyagi.jp/shisei/soshikikarasagasu/somubu/hishokohoka/osakiwebsite/3152.html,true,true,simple,true,true,true,pdf,good,low,low,[skip] 本文へ; [bread] ホーム>市政>組織>民生部>子育て支援課>助成・手当>児童扶養手当; [local_nav] 助成・手当て; [contact] 0229-23-6045+支所6か所; [form] inquiry.php; [meta] 更新日2026-01-16; [toc] 制度案内+支給要件+支給額+手続き; [pdf] jidouhuyou_20260115.pdf+syougaikiso.pdf; [a11y] ウェブアクセシビリティ,,
S0067,宮城県,大崎市,municipality,C,hub,https://www.city.osaki.miyagi.jp/shisei/kurashinojoho/index.html,2026-02-15T21:24:01+09:00,200,https://www.city.osaki.miyagi.jp/shisei/kurashinojoho/index.html,くらしの情報／大崎市,,SMART_CMS(lg-api2nd),SMART_CMS_base,true,true,true,horizontal,true,header,true,false,false,,false,false,false,true,text,true,true,https://www.city.osaki.miyagi.jp/shisei/soshikikarasagasu/somubu/hishokohoka/osakiwebsite/3152.html,false,false,,false,false,false,,good,low,low,[skip] 本文へ; [bread] ホーム>市政サイト>くらしの情報; [hub_cards] 18 text categories vertical list; [footer] サイトポリシー+個人情報+セキュリティ; [a11y] ウェブアクセシビリティ,,
S0067,宮城県,大崎市,municipality,C,article,https://www.city.osaki.miyagi.jp/shisei/soshikikarasagasu/somubu/hishokohoka/3/koho_2026/21910.html,2026-02-15T21:24:01+09:00,200,https://www.city.osaki.miyagi.jp/shisei/soshikikarasagasu/somubu/hishokohoka/3/koho_2026/21910.html,広報おおさき2026年2月号／大崎市,,SMART_CMS(lg-api2nd);GTM-W97D62S,SMART_CMS_base,true,true,true,horizontal,true,header,true,true,false,,false,false,false,false,,true,true,https://www.city.osaki.miyagi.jp/shisei/soshikikarasagasu/somubu/hishokohoka/osakiwebsite/3152.html,true,true,simple,true,false,true,pdf,good,low,low,[skip] 本文へ; [bread] ホーム>市政>組織>総務部>秘書広報課>広報紙>2026年>2月号; [meta] 更新日2026-01-30; [pdf] 24 files(ebook+pages); [contact] 秘書広報課 0229-23-5023; [form] inquiry.php; [a11y] ウェブアクセシビリティ,,
S0068,宮城県,七ヶ宿町,municipality,D,top,https://town.shichikashuku.miyagi.jp/,2026-02-15T21:24:01+09:00,200,https://town.shichikashuku.miyagi.jp/,宮城県七ヶ宿町WEBサイト,,GA(G-B3EXB0DNW9),,false,true,true,horizontal,false,,false,false,false,,true,false,true,true,icon,false,false,,true,false,,false,false,false,,fair,medium,medium,[brand] site_logo.png; [nav] Home+お知らせ+町民の方へ+事業者+七ヶ宿町について; [news] 2026.02.13+02.02+01.31; [carousel] livecam image; [hub_cards] 8 life milestone icons; [contact] 0224-37-2111 mailto; [no_search]; [no_skip]; [no_a11y],,
S0068,宮城県,七ヶ宿町,municipality,D,hub,https://town.shichikashuku.miyagi.jp/life/,2026-02-15T21:24:01+09:00,200,https://town.shichikashuku.miyagi.jp/life/,町民の方へ | 宮城県七ヶ宿町WEBサイト,,GA(G-B3EXB0DNW9),,false,true,true,horizontal,false,,true,true,false,,false,false,false,true,icon,false,false,,true,false,,false,false,false,,fair,medium,medium,[brand] site_logo.png; [bread] トップ>町民の方へ; [hub_cards] 16 icon categories grid; [local_nav] sidebar expandable; [contact] 〒989-0592 0224-37-2111; [no_search]; [no_skip]; [no_a11y],,
S0068,宮城県,七ヶ宿町,municipality,D,article,https://town.shichikashuku.miyagi.jp/town/kouhou/2026/01/no781.html,2026-02-15T21:24:01+09:00,200,https://town.shichikashuku.miyagi.jp/town/kouhou/2026/01/no781.html,広報しちかしゅく２月号（No.781）,,GA(G-B3EXB0DNW9),,false,true,true,horizontal,false,,true,true,false,,false,false,false,false,,false,false,,true,false,,false,false,true,pdf,fair,medium,medium,[brand] site_logo.png; [bread] トップ>七ヶ宿町について>広報>No.781; [local_nav] sidebar; [pdf] full issue+13 page PDFs; [contact] ふるさと振興課 0224-37-2194; [no_search]; [no_skip]; [no_a11y]; [no_article_meta],,
S0069,青森県,青森市,municipality,B,top,https://www.city.aomori.aomori.jp/,2026-02-15T21:24:01+09:00,200,https://www.city.aomori.aomori.jp/,青森市総合トップページ │ 青森市,,GA(G-3XJMV2DH4B),,true,true,true,dropdown,true,header,false,false,true,banner,true,true,true,true,image,true,false,,true,false,,false,false,false,,good,low,low,[skip] エンターキーでスキップ#HONBUN; [brand] tlogo.png 青森市; [nav] くらし・安全・福祉・子ども・産業・文化・市政(dropdown); [search] サイト内検索+広報ID; [emergency] 緊急情報があります banner; [news] お知らせ 2月13日; [pickup] Pick Up 除排雪+インフルエンザ+マイナンバー+400年; [carousel] 6-image slider; [hub_cards] ライフイベントicons; [footer] FAQ+お問合せ+市役所案内; [contact] 017-734-1111,,
S0069,青森県,青森市,municipality,B,contact,https://www.city.aomori.aomori.jp/shisei/kouchou/1008273.html,2026-02-15T21:24:01+09:00,200,https://www.city.aomori.aomori.jp/shisei/kouchou/1008273.html,市民の声 ご意見応募フォーム │ 青森市,,GA(G-3XJMV2DH4B),,true,true,true,dropdown,true,header,true,true,false,,false,false,false,false,,true,false,,true,true,simple,true,false,false,,good,low,low,[skip] エンターキーでスキップ; [bread] 市政情報>広聴>市民の声; [local_nav] 広聴section; [contact] 〒030-8555 017-734-1111; [form] 意見応募フォーム(同意→入力); [meta] published:2025-01-23 modified:2026-01-30; [no_a11y] 閲覧支援はアクセシビリティではない,,
S0069,青森県,青森市,municipality,B,service,https://www.city.aomori.aomori.jp/kodomo_kyoiku/kodomo_teate_josei/1003560/1003561.html,2026-02-15T21:24:01+09:00,200,https://www.city.aomori.aomori.jp/kodomo_kyoiku/kodomo_teate_josei/1003560/1003561.html,児童手当の概要 │ 青森市,,GA(G-3XJMV2DH4B),,true,true,true,dropdown,true,header,true,true,false,,false,false,false,false,,true,false,,true,false,,true,false,true,pdf,good,low,low,[skip] エンターキーでスキップ; [bread] Home>子ども・教育>手当・助成>児童手当>概要; [local_nav] 子ども・教育; [contact] こども未来部 017-734-5334; [meta] published:2024-12-23 modified:2025-08-01; [pdf] 13 documents(申請書+記入例); [no_a11y] 閲覧支援のみ,,
S0069,青森県,青森市,municipality,B,hub,https://www.city.aomori.aomori.jp/kurashi_kankyo/index.html,2026-02-15T21:24:01+09:00,200,https://www.city.aomori.aomori.jp/kurashi_kankyo/index.html,くらし・環境 │ 青森市,,GA(G-3XJMV2DH4B),,true,true,true,dropdown,true,header,true,true,false,,true,false,false,true,text,true,false,,false,false,,false,false,false,,good,low,low,[skip] エンターキーでスキップ; [bread] トップ>くらし・環境; [local_nav] 13 categories expandable; [hub_cards] 13 text categories; [news] 5 items 2026-02-12~15; [no_a11y] 閲覧支援のみ,,
S0069,青森県,青森市,municipality,B,article,https://www.city.aomori.aomori.jp/shisei/senkyo/1009349.html,2026-02-15T21:24:01+09:00,200,https://www.city.aomori.aomori.jp/shisei/senkyo/1009349.html,【速報】令和8年2月8日執行 第51回衆議院議員総選挙投開票速報 │ 青森市,,GA(G-3XJMV2DH4B),,true,true,true,dropdown,true,header,true,true,false,,false,false,false,false,,true,false,,true,false,,true,true,true,pdf,good,low,low,[skip] エンターキーでスキップ; [bread] 市政情報>選挙>速報; [local_nav] 選挙9 links; [meta] published:2025-07-20 modified:2026-02-09; [toc] 投票率+開票速報+確定; [pdf] 確定投票者数+小選挙区+比例代表; [contact] 選挙管理委員会 017-734-5822; [no_a11y],,
S0070,青森県,八戸市,municipality,B,top,https://www.city.hachinohe.aomori.jp/,2026-02-15T21:24:01+09:00,200,https://www.city.hachinohe.aomori.jp/,ひと・産業・文化が輝く北の創造都市|八戸市,,SMART_CMS(lg-api4th),SMART_CMS_base,true,true,true,dropdown,false,,false,false,true,banner,false,false,true,true,image,true,false,,true,false,,false,false,false,,fair,low,low,[skip] 本文へ#container; [brand] pc_header_logo.png 八戸市; [nav] くらし・健康・子育て・文化・事業者・施設・行政(dropdown); [emergency] 令和7年青森県東方沖地震 multiple alerts; [hub_cards] life scene cards(ninshin/gakko/syusyoku); [carousel] autoplay with pause; [footer] サイトマップ+FAQ+サイトについて; [contact] 0178-43-2111; [no_search] nav-based discovery,,
S0070,青森県,八戸市,municipality,B,contact,https://www.city.hachinohe.aomori.jp/soshikikarasagasu/gyoseikanrika/1/6359.html,2026-02-15T21:24:01+09:00,200,https://www.city.hachinohe.aomori.jp/soshikikarasagasu/gyoseikanrika/1/6359.html,庁内各課連絡先一覧／八戸市,,SMART_CMS(lg-api4th),SMART_CMS_base,true,true,true,dropdown,false,,true,true,false,,false,false,false,false,,true,false,,true,true,simple,true,false,false,,fair,low,low,[skip] 本文へ; [bread] Home>組織>行政管理課>市の組織>連絡先一覧; [local_nav] 関連links; [contact] 〒031-8686 0178-43-2111 8:15-17:00; [form] inquiry.php per dept; [meta] 更新日2025-04-24; [no_a11y] 音声読み上げのみ(ReadSpeaker),,
S0070,青森県,八戸市,municipality,B,service,https://www.city.hachinohe.aomori.jp/soshikikarasagasu/kosodateshienka/kosodate/2/4004.html,2026-02-15T21:24:01+09:00,200,https://www.city.hachinohe.aomori.jp/soshikikarasagasu/kosodateshienka/kosodate/2/4004.html,児童手当／八戸市,,SMART_CMS(lg-api4th),SMART_CMS_base,true,true,true,dropdown,false,,true,true,false,,false,false,false,false,,true,false,,true,true,simple,true,true,true,pdf,good,low,low,[skip] 本文へ; [bread] Home>組織>子育て支援課>子育て>助成・手当>児童手当; [local_nav] expandable; [contact] 0178-43-9428; [form] inquiry.php; [meta] 更新日2025-05-07; [toc] 制度改正+目的+支給対象+支給時期+要件; [pdf] 認定請求書+額改定+消滅届+委任状; [no_a11y] 音声読み上げのみ,,
S0070,青森県,八戸市,municipality,B,hub,https://www.city.hachinohe.aomori.jp/kurashi_tetsuzuki/index.html,2026-02-15T21:24:01+09:00,200,https://www.city.hachinohe.aomori.jp/kurashi_tetsuzuki/index.html,暮らし・手続き／八戸市,,SMART_CMS(lg-api4th),SMART_CMS_base,true,true,true,dropdown,false,,true,false,false,,false,false,false,true,text,true,false,,false,false,,false,false,false,,good,low,low,[skip] 本文へ; [bread] Home>暮らし・手続き; [hub_cards] 11 accordion text categories; [footer] 施設探す+組織+サイトマップ+FAQ; [no_a11y] 音声読み上げのみ,,
S0070,青森県,八戸市,municipality,B,article,https://www.city.hachinohe.aomori.jp/R071208jisin/index.html,2026-02-15T21:24:01+09:00,200,https://www.city.hachinohe.aomori.jp/R071208jisin/index.html,令和7年青森県東方沖地震の支援制度一覧／八戸市,,SMART_CMS(lg-api4th),SMART_CMS_base,true,true,true,dropdown,false,,true,false,false,,false,false,false,true,text,true,false,,true,false,,false,true,false,,good,low,low,[skip] 本文へ; [bread] Home>支援制度一覧; [hub_cards] 35+ support links organized by category; [toc] 罹災証明+個人向け+事業者向け+関連ページ; [contact] 0178-43-2111; [no_a11y] 音声読み上げのみ; [no_article_meta] date not shown,,
S0071,青森県,弘前市,municipality,C,top,https://www.city.hirosaki.aomori.jp/,2026-02-15T21:24:01+09:00,200,https://www.city.hirosaki.aomori.jp/,青森県弘前市｜Hirosaki City,,GA(G-EHVR33NTFE);GTM;Google_CSE,,true,true,true,horizontal,true,header,false,false,true,banner,false,true,true,false,,true,true,https://www.city.hirosaki.aomori.jp/jouhou/koho/accessibility.html,true,false,,false,false,false,,fair,low,low,[skip] メニュースキップ#navigation; [brand] logo.png 弘前市; [nav] 市政くらし+観光+ふるさと納税+移住(horizontal); [search] Google CSE; [emergency] 雪関連+災害救助法+除排雪 banners; [pickup] 複数items; [carousel] 6-slide bg images; [footer] アクセス+お問合せ+著作権+個人情報+アクセシビリティ; [a11y] アクセシビリティ方針; [contact] 0172-35-1111,,
S0071,青森県,弘前市,municipality,C,contact,https://www.city.hirosaki.aomori.jp/jouhou/toiawase.html,2026-02-15T21:24:01+09:00,200,https://www.city.hirosaki.aomori.jp/jouhou/toiawase.html,各課へのお問い合わせ - 弘前市,,GA(G-EHVR33NTFE);Google_CSE,,true,true,true,horizontal,true,header,true,false,false,,false,false,false,false,,true,true,https://www.city.hirosaki.aomori.jp/jouhou/koho/accessibility.html,true,true,simple,false,false,false,,good,low,low,[skip] メニュースキップ; [bread] Home>市政情報>お問合せ; [search] Google CSE; [contact] 〒036-8551 0172-35-1111 8:30-17:00; [form] web form(dept+subject+message+name+phone+email); [footer] アクセス+著作権+個人情報+アクセシビリティ; [a11y] アクセシビリティ方針,,
S0071,青森県,弘前市,municipality,C,service,https://www.city.hirosaki.aomori.jp/kyouiku/kosodate/jidouteate.html,2026-02-15T21:24:01+09:00,200,https://www.city.hirosaki.aomori.jp/kyouiku/kosodate/jidouteate.html,児童手当 - 弘前市,,GA(G-EHVR33NTFE);Google_CSE,,true,true,true,horizontal,true,header,true,true,false,,false,false,false,false,,true,true,https://www.city.hirosaki.aomori.jp/jouhou/koho/accessibility.html,true,false,,false,false,true,pdf,fair,low,low,[skip] メニュースキップ; [bread] Home>子ども・教育>子育て>児童手当; [local_nav] 子ども教育menu; [search] Google CSE; [contact] こども家庭課 0172-40-7039; [pdf] 14 files(申請書+記入例); [footer] アクセシビリティ方針; [a11y] アクセシビリティ方針; [no_article_meta],,
S0071,青森県,弘前市,municipality,C,hub,https://www.city.hirosaki.aomori.jp/kurashi/,2026-02-15T21:24:01+09:00,200,https://www.city.hirosaki.aomori.jp/kurashi/,くらし - 弘前市,,GA(G-EHVR33NTFE);Google_CSE,,true,true,true,horizontal,true,header,true,true,true,banner,true,false,false,true,text,true,true,https://www.city.hirosaki.aomori.jp/jouhou/koho/accessibility.html,false,false,,false,false,false,,good,low,low,[skip] メニュースキップ; [bread] Home>くらし; [local_nav] 19 items+ライフメニュー8; [search] Google CSE; [emergency] 自主避難所 2026-02-05; [hub_cards] 19 text categories list; [news] 5 items 2026-02-05~12; [footer] アクセシビリティ方針; [a11y] アクセシビリティ方針,,
S0071,青森県,弘前市,municipality,C,article,https://www.city.hirosaki.aomori.jp/kurashi/kinkyu/2026-0130-1722-414.html,2026-02-15T21:24:01+09:00,200,https://www.city.hirosaki.aomori.jp/kurashi/kinkyu/2026-0130-1722-414.html,災害救助法における『障害物の除去（屋根の雪下ろし）』について - 弘前市,,GA(G-EHVR33NTFE);Google_CSE,,true,true,true,horizontal,true,header,true,true,false,,false,false,false,false,,true,true,https://www.city.hirosaki.aomori.jp/jouhou/koho/accessibility.html,true,false,,false,false,false,,fair,low,low,[skip] メニュースキップ; [bread] Home>くらし>防災・消防団>記事; [local_nav] 13 items くらしのメニュー; [search] Google CSE; [contact] 雪窓口 0172-40-0048; [footer] アクセシビリティ方針; [a11y] アクセシビリティ方針; [no_article_meta] 受付終了 2026-01-29,,
S0072,青森県,西目屋村,municipality,D,top,https://www.nishimeya.jp/,2026-02-15T21:24:01+09:00,200,https://www.nishimeya.jp/,西目屋村,,SMART_CMS(api3rd);221340,SMART_CMS_base,true,true,true,horizontal,false,,false,false,false,,true,false,true,true,icon,true,false,,true,false,,false,false,false,,fair,low,medium,[skip] 本文へ#container; [brand] 西目屋村にしめやむら logo; [nav] くらし+子育て+健康+白神+文化+仕事+村政(horizontal); [news] 2026-02-04+02-13; [carousel] 白神area images; [hub_cards] 10 life event icons; [footer] リンク集+お問合せ+個人情報+ソーシャルメディア; [contact] 0172-85-2111; [no_search]; [no_a11y],,
S0072,青森県,西目屋村,municipality,D,contact,https://www.nishimeya.jp/19.html,2026-02-15T21:24:01+09:00,200,https://www.nishimeya.jp/19.html,お問い合わせ／西目屋村,,SMART_CMS(api3rd);221340,SMART_CMS_base,true,true,true,horizontal,false,,true,true,false,,false,false,false,false,,true,false,,true,true,simple,true,false,false,,fair,low,medium,[skip] 本文へ; [bread] Home>お問い合わせ; [local_nav] department contacts; [contact] 〒036-1492 0172-85-2111; [form] inquiry.php; [meta] 更新日2023-09-04; [footer] リンク集+個人情報; [no_a11y]; [no_search],,
S0072,青森県,西目屋村,municipality,D,service,https://www.nishimeya.jp/kosodate_kyoiku/jidofukushi_hitorioyafukushi/135.html,2026-02-15T21:24:01+09:00,200,https://www.nishimeya.jp/kosodate_kyoiku/jidofukushi_hitorioyafukushi/135.html,児童手当／西目屋村,,SMART_CMS(api3rd);221340,SMART_CMS_base,true,true,true,horizontal,false,,true,true,false,,false,false,false,false,,true,false,,true,false,,true,false,true,xls,fair,low,medium,[skip] 本文へ; [bread] Home>子育て・教育>児童福祉>児童手当; [local_nav] 子育て・教育; [contact] 住民課 0172-85-2803; [meta] 更新日2025-01-20; [attachments] 2 xlsx files(確認書+認定請求書); [no_a11y]; [no_search],,
S0072,青森県,西目屋村,municipality,D,hub,https://www.nishimeya.jp/kurashi_tetsuzuki/index.html,2026-02-15T21:24:01+09:00,200,https://www.nishimeya.jp/kurashi_tetsuzuki/index.html,くらし・手続き／西目屋村,,SMART_CMS(api3rd);221340,SMART_CMS_base,true,true,true,horizontal,true,header,true,true,false,,false,false,false,true,text,true,false,,false,false,,false,false,false,,good,low,medium,[skip] 本文へ; [bread] Home>くらし・手続き; [local_nav] expandable categories; [search] キーワード検索; [hub_cards] 10 text categories; [footer] リンク集+個人情報; [no_a11y],,
S0072,青森県,西目屋村,municipality,D,article,https://www.nishimeya.jp/event/820.html,2026-02-15T21:24:01+09:00,200,https://www.nishimeya.jp/event/820.html,令和8年乳穂ヶ滝結氷状況／西目屋村,,SMART_CMS(api3rd);221340,SMART_CMS_base,true,true,true,horizontal,false,,true,true,false,,false,false,false,false,,true,false,,true,false,,true,false,true,pdf,fair,low,medium,[skip] 本文へ; [bread] Home>イベント>乳穂ヶ滝結氷状況; [local_nav] categories; [contact] 産業課 0172-85-2800; [meta] 更新日2026-02-13; [pdf] 2 files(結氷状況 6.2MB+5.2MB); [no_a11y]; [no_search],,
S0073,岩手県,盛岡市,municipality,B,top,https://www.city.morioka.iwate.jp/,2026-02-15T21:24:01+09:00,200,https://www.city.morioka.iwate.jp/,盛岡市総合トップページ｜盛岡市公式ホームページ,,GA(G-QLXFZ43MVQ);ReadSpeaker,,true,true,true,horizontal,true,header,false,false,false,,false,false,true,true,icon,true,false,,true,false,,false,false,false,,fair,low,low,[skip] エンターキーでスキップ#HONBUN; [brand] portal/logo.png; [nav] くらし+観光+事業者+市長室+議会(horizontal); [search] keyword+広報ID; [carousel] 3 rotating(わかさぎ+岩手山+白鳥); [hub_cards] 15 life event icons; [footer] 携帯+リンク集+プライバシー+著作権; [contact] 019-651-4111; [no_emergency] 緊急情報link=permanent,,
S0073,岩手県,盛岡市,municipality,B,contact,https://www.city.morioka.iwate.jp/shisei/soshiki/annai/index.html,2026-02-15T21:24:01+09:00,200,https://www.city.morioka.iwate.jp/shisei/soshiki/annai/index.html,市役所のご案内｜盛岡市公式ホームページ,,GA(G-QLXFZ43MVQ);ReadSpeaker;Facebook_SDK,,true,true,true,horizontal,true,header,true,false,false,,false,false,false,false,,true,false,,true,false,,false,false,false,,good,low,low,[skip] エンターキーでスキップ; [bread] トップ>市政情報>組織と職員>市役所のご案内; [search] keyword; [contact] 〒020-8530 019-651-4111; [footer] プライバシー+著作権; [no_a11y] 音声読み上げ+文字サイズ変更のみ,,
S0073,岩手県,盛岡市,municipality,B,service,https://www.city.morioka.iwate.jp/kosodate/kosodateteate/1002493.html,2026-02-15T21:24:01+09:00,200,https://www.city.morioka.iwate.jp/kosodate/kosodateteate/1002493.html,児童手当｜盛岡市公式ホームページ,,GA(G-QLXFZ43MVQ);ReadSpeaker,,true,true,true,horizontal,true,header,true,true,false,,false,false,false,false,,true,false,,true,false,,true,true,false,,good,low,low,[skip] エンターキーでスキップ; [bread] トップ>子育て・教育>手当・助成>児童手当; [local_nav] 24+ items; [search] keyword; [contact] 子ども青少年課 019-613-8354; [meta] 更新日 令和7年4月1日; [toc] 制度改正+支給要件+月額+時期+現況届; [no_a11y] 音声読み上げ+文字サイズのみ,,
S0073,岩手県,盛岡市,municipality,B,hub,https://www.city.morioka.iwate.jp/kurashi/index.html,2026-02-15T21:24:01+09:00,200,https://www.city.morioka.iwate.jp/kurashi/index.html,暮らし・届け出｜盛岡市公式ホームページ,,GA(G-QLXFZ43MVQ);ReadSpeaker,,true,true,true,horizontal,true,header,true,true,false,,false,false,false,true,text,true,false,,false,false,,false,false,false,,good,low,low,[skip] エンターキーでスキップ; [bread] トップ>暮らし・届け出; [local_nav] 17 sections expandable; [search] keyword; [hub_cards] 16 text categories accordion; [footer] プライバシー+著作権; [no_a11y] 音声読み上げ+文字サイズのみ,,
S0073,岩手県,盛岡市,municipality,B,article,https://www.city.morioka.iwate.jp/kurashi/anzen_anshin/shinsai/shinsaiinfo/1018707.html,2026-02-15T21:24:01+09:00,200,https://www.city.morioka.iwate.jp/kurashi/anzen_anshin/shinsai/shinsaiinfo/1018707.html,東日本大震災15周年追悼行事「祈りの灯火2026～おもいを未来へ～」｜盛岡市公式ホームページ,,GA(G-QLXFZ43MVQ);ReadSpeaker,,true,true,true,horizontal,true,header,true,true,false,,false,false,false,false,,true,false,,true,false,,true,false,true,pdf,good,low,low,[skip] エンターキーでスキップ; [bread] トップ>暮らし>安全>震災情報>お知らせ>追悼行事; [local_nav] 関連情報; [search] keyword; [contact] 危機管理防災課 019-613-8386; [meta] 更新日 令和7年12月17日; [pdf] チラシ2.7MB; [no_a11y] 音声読み上げ+文字サイズのみ,,
S0074,岩手県,一関市,municipality,C,top,https://www.city.ichinoseki.iwate.jp/,2026-02-15T21:38:58+09:00,200,https://www.city.ichinoseki.iwate.jp/,一関市,,ColdFusion;GA(UA-1350482-1);GTM(GTM-TT3ZP43T),ColdFusion_custom,true,true,true,horizontal,true,header,false,false,false,,true,false,false,false,,true,false,,true,false,,false,false,false,,fair,low,low,[nav] 9 categories(生活・環境+健康福祉+教育+産業+観光+消防防災+施設+市政); [search] header; [news] top news; [footer] サイトマップ+検索のヒント; [contact] 0191-21-2111; ColdFusion CMS; JS-heavy rendering,,
S0074,岩手県,一関市,municipality,C,contact,"https://www.city.ichinoseki.iwate.jp/index.cfm/7,136493,2,html",2026-02-15T21:38:58+09:00,200,"https://www.city.ichinoseki.iwate.jp/index.cfm/7,136493,2,html",ご意見・お問い合わせ - 一関市,,ColdFusion;GA(UA-1350482-1);GTM(GTM-TT3ZP43T),ColdFusion_custom,true,true,true,horizontal,true,header,true,true,false,,false,false,false,false,,true,false,,true,true,simple,false,false,false,,good,low,low,[skip] 本文へ; [bread] 市政情報>サイト情報>お問い合わせ; [local_nav] FAQ+組織; [contact] 0191-21-8182 kouhou@city.ichinoseki.iwate.jp 8:30-17:15(月19:00延長); [form] name+email+content; [faq] 市政Q&A,,
S0074,岩手県,一関市,municipality,C,service,"https://www.city.ichinoseki.iwate.jp/index.cfm/28,173963,135,740,html",2026-02-15T21:38:58+09:00,200,"https://www.city.ichinoseki.iwate.jp/index.cfm/28,173963,135,740,html",各種児童手当について - 一関市,,ColdFusion;GA(UA-1350482-1);GTM(GTM-TT3ZP43T),ColdFusion_custom,true,true,true,horizontal,true,header,true,true,false,,false,false,false,false,,true,false,,true,false,,true,false,true,pdf,good,low,low,[bread] 健康福祉>妊娠出産子育て>給付>各種児童手当; [local_nav] sidebar 妊娠・出産subcategories; [meta] Published:2019-10-09 Updated:2023-11-27; [attach] 所得制限PDF+書類案内PDF; [contact] 児童保育課 0191-21-2172,,
S0074,岩手県,一関市,municipality,C,hub,"https://www.city.ichinoseki.iwate.jp/index.cfm/8,html",2026-02-15T21:38:58+09:00,200,"https://www.city.ichinoseki.iwate.jp/index.cfm/8,html",生活・環境 - 一関市,,ColdFusion;GA(UA-1350482-1);GTM(GTM-TT3ZP43T),ColdFusion_custom,true,true,true,horizontal,true,header,true,false,false,,true,false,false,true,text,true,false,,true,false,,false,false,false,,fair,low,low,[bread] ホーム>生活・環境; [hub_cards] 25 text categories(届出・証明+消費生活+ごみ+税金+水道+住宅+道路etc.); [news] 4 recent updates(2026-02-09 除染土壌); [contact] 0191-21-2111,,
S0074,岩手県,一関市,municipality,C,article,"https://www.city.ichinoseki.iwate.jp/index.cfm/18,191481,275,html",2026-02-15T21:38:58+09:00,200,"https://www.city.ichinoseki.iwate.jp/index.cfm/18,191481,275,html",広報いちのせき「I-style」2026年2月号,,ColdFusion;GA(UA-1350482-1);GTM(GTM-TT3ZP43T),ColdFusion_custom,true,true,true,horizontal,true,header,true,false,false,,false,false,false,false,,true,false,,true,false,,true,false,true,pdf,fair,low,low,[bread] 広報いちのせき>令和7年度>2026年2月号; [meta] Registered:2026-01-25; [attach] A3横版PDF+A4版PDF; cover image displayed,,
S0075,岩手県,田野畑村,municipality,D,top,https://www.vill.tanohata.iwate.jp/,2026-02-15T21:38:58+09:00,200,https://www.vill.tanohata.iwate.jp/,田野畑村,,Joruri;GA(UA-64689874-1);GA4(G-PZ064QVQ0Z),Joruri_base,false,true,true,simple_horizontal,false,none,false,false,false,,false,false,false,false,,true,false,,true,false,,false,false,false,,fair,low,medium,[brand] 田野畑村; [nav] 暮らし+観光(2 items); [header_links] ご意見箱+アクセス+リンク; [footer] サイトマップ+プライバシー; [contact] 0194-34-2111; simple gateway page,,
S0075,岩手県,田野畑村,municipality,D,contact,https://www.vill.tanohata.iwate.jp/inquiry/1/,2026-02-15T21:38:58+09:00,200,https://www.vill.tanohata.iwate.jp/inquiry/1/,田野畑村へのお問い合わせ | 田野畑村,,Joruri;GA(UA-64689874-1);GA4(G-PZ064QVQ0Z),Joruri_base,true,true,true,horizontal,false,none,true,false,false,,false,false,false,false,,true,false,,true,true,simple,false,false,false,,good,low,low,[skip] 本文へ移動; [bread] ホーム>inquiry; [nav] 7 items(ホーム+村の概要+生活情報+ライフイベント+行政情報+観光+防災); [form] name+company+address+email+content+CAPTCHA; [contact] 0194-34-2111,,
S0075,岩手県,田野畑村,municipality,D,service,https://www.vill.tanohata.iwate.jp/docs/2024030100019/,2026-02-15T21:38:58+09:00,200,https://www.vill.tanohata.iwate.jp/docs/2024030100019/,児童手当制度について(更新) | 田野畑村,,Joruri;GA(UA-64689874-1);GA4(G-PZ064QVQ0Z),Joruri_base,true,true,true,horizontal,false,none,true,false,false,,false,false,false,false,,true,false,,true,false,,true,false,true,pdf,fair,low,low,[skip] 本文へ移動; [bread] 組織>住民生活課 / 分野>くらしの情報; [meta] Updated:2025-01-31; [attach] leaflet.pdf; [contact] 住民生活課 0194-34-2114; font size+色変更+ふりがな+翻訳,,
S0075,岩手県,田野畑村,municipality,D,hub,https://www.vill.tanohata.iwate.jp/top.html,2026-02-15T21:38:58+09:00,200,https://www.vill.tanohata.iwate.jp/top.html,田野畑村 行政サイト | 田野畑村,,Joruri;GA(UA-64689874-1);GA4(G-PZ064QVQ0Z),Joruri_base,true,true,true,horizontal,false,none,true,false,false,,true,false,true,true,text,true,false,,true,false,,false,false,false,,fair,low,low,[skip] 本文へ移動; [bread] ホーム; [nav] 7 items; [carousel] 三陸復興国立公園北山崎 hero; [hub_cards] 5 categories(村の概要+生活情報+行政情報+観光+防災)+quick links; [news] 広報たのはた2026年2月おしらせ版,,
S0075,岩手県,田野畑村,municipality,D,article,https://www.vill.tanohata.iwate.jp/docs/2019022600011/,2026-02-15T21:38:58+09:00,200,https://www.vill.tanohata.iwate.jp/docs/2019022600011/,広報たのはた2026年2月おしらせ版を掲載しました。,,Joruri;GA(UA-64689874-1);GA4(G-PZ064QVQ0Z),Joruri_base,true,true,true,horizontal,false,none,true,false,false,,false,false,false,false,,true,false,,true,false,,true,false,true,pdf,fair,low,low,[bread] 分野>広報たのはた / 組織>企画観光課; [meta] 2026-02-13 newsletter posted; [attach] 4 PDFs(Jan regular+oshirase + Feb regular+oshirase); annual newsletter index page,,
S0076,秋田県,秋田市,municipality,B,top,https://www.city.akita.lg.jp/,2026-02-15T21:38:58+09:00,200,https://www.city.akita.lg.jp/,秋田市公式サイト,,custom;GA(UA-121342641-1);FI.jQuery,custom_municipal,false,true,true,horizontal,true,site_search,false,false,true,banner,true,false,false,false,,true,false,,true,false,,false,false,false,,fair,low,low,[nav] 6 items(窓口案内+くらしの情報+観光+施設+事業者+市政); [search] site search+FAQ+ID search; [emergency] クマ被害防止緊急対策(市長コメント)+なりすまし注意喚起; [news] 新着情報(動物園etc.); [contact] 018-863-2222,,
S0076,秋田県,秋田市,municipality,B,contact,https://www.city.akita.lg.jp/madoguchi/index.html,2026-02-15T21:38:58+09:00,200,https://www.city.akita.lg.jp/madoguchi/index.html,窓口案内｜秋田市公式サイト,,custom;GA(UA-121342641-1);FI.jQuery,custom_municipal,false,true,true,horizontal,true,site_search,true,false,false,,false,false,false,false,,true,false,,true,false,,false,false,false,,good,low,low,[bread] トップ>窓口案内; [contact] 018-863-2222 窓口案内電話; floor-by-floor dept listing(1F-6F); no direct form(各課へ問い合わせ); [footer] Copyright+Privacy+Site Usage,,
S0076,秋田県,秋田市,municipality,B,service,https://www.city.akita.lg.jp/kurashi/kosodate/1005863/1005955.html,2026-02-15T21:38:58+09:00,200,https://www.city.akita.lg.jp/kurashi/kosodate/1005863/1005955.html,児童手当｜秋田市公式サイト,,custom;GA(UA-121342641-1);FI.jQuery,custom_municipal,false,true,true,horizontal,true,site_search,true,true,false,,false,false,false,false,,true,false,,true,false,,true,false,true,pdf,good,low,low,[bread] トップ>くらしの情報>子育て>各種手当>児童手当; [local_nav] sidebar related pages; [meta] Updated:R8.2.10; [attach] Q&A PDF; [contact] 子ども福祉課 018-888-5689; 電子申請(Graffer)対応; 多言語+文字サイズ+配色変更,,
S0076,秋田県,秋田市,municipality,B,hub,https://www.city.akita.lg.jp/kurashi/index.html,2026-02-15T21:38:58+09:00,200,https://www.city.akita.lg.jp/kurashi/index.html,くらしの情報｜秋田市公式サイト,,custom;GA(UA-121342641-1);FI.jQuery,custom_municipal,true,true,true,horizontal,true,site_search,true,false,false,,false,true,false,true,text,true,false,,true,false,,false,false,false,,fair,low,low,[skip] エンターキーでナビスキップ; [bread] トップ>くらしの情報; [hub_cards] 40+ expandable categories 200+ links; [pickup] COVID-19+AkiCA+混雑状況+マイナンバー+ごみカレンダー; [footer] 広告バナー5件,,
S0076,秋田県,秋田市,municipality,B,article,https://www.city.akita.lg.jp/zoo/news/1008854/1049698.html,2026-02-15T21:38:58+09:00,200,https://www.city.akita.lg.jp/zoo/news/1008854/1049698.html,新企画「みんなで選ぶ！年パスデザイン」,,custom;GA(UA-121342641-1);FI.jQuery,custom_municipal,false,true,true,horizontal,true,site_search,true,true,false,,false,false,false,false,,true,false,,true,false,,true,false,false,,good,low,low,[bread] トップ>大森山動物園>News>Recent>年パスデザイン; [local_nav] related zoo articles(自然塾+バレンタイン+雪のZOO); [meta] Updated:R8.2.13; [share] Twitter+Facebook; アメリカビーバー488票で1位,,
S0077,秋田県,横手市,municipality,C,top,https://www.city.yokote.lg.jp/,2026-02-15T21:38:58+09:00,200,https://www.city.yokote.lg.jp/,横手市公式サイト,,custom;FI.jQuery;analytics,custom_municipal,true,true,true,horizontal,true,site_search,false,false,false,,true,false,false,false,,true,false,,true,false,,false,false,false,,fair,low,low,[skip] エンターキーでナビスキップ; [nav] 6 items(くらし+福祉+子育て+しごと+市政+観光); [search] site+FAQ+ID search; [news] 新着更新情報; [footer] サイトマップ+プライバシー; [contact] 0182-35-2111; 文字サイズ+配色変更+多言語,,
S0077,秋田県,横手市,municipality,C,contact,https://www.city.yokote.lg.jp/shisei/1001171/1005237.html,2026-02-15T21:38:58+09:00,200,https://www.city.yokote.lg.jp/shisei/1001171/1005237.html,横手市役所へのアクセス｜横手市公式サイト,,custom;FI.jQuery;analytics,custom_municipal,true,true,true,horizontal,true,site_search,true,false,false,,false,false,false,false,,true,false,,true,true,link,false,false,false,,good,low,low,[skip] エンターキー; [bread] トップ>市政・広報>組織別>アクセス; [contact] 0182-35-2111 〒013-8601 8:30-17:15(水曜19時延長); [form] link to /cgi-bin/contacts/; 地図掲載,,
S0077,秋田県,横手市,municipality,C,service,https://www.city.yokote.lg.jp/kosodate/1001158/1001327/1003360.html,2026-02-15T21:38:58+09:00,200,https://www.city.yokote.lg.jp/kosodate/1001158/1001327/1003360.html,児童手当｜横手市公式サイト,,custom;FI.jQuery;analytics,custom_municipal,true,true,true,horizontal,true,site_search,true,true,false,,false,false,false,false,,true,false,,true,false,,true,false,true,pdf,good,low,low,[skip] エンターキー; [bread] トップ>子育て・教育>育児・保育>子育て支援・手当>児童手当; [local_nav] sidebar(児童扶養手当+特別児童扶養手当+物価高手当etc.); [meta] Updated:2024-12-26; [attach] 別居監護申立書PDF; [contact] 子育て支援課 0182-35-2133; R6.10制度改正対応,,
S0077,秋田県,横手市,municipality,C,hub,https://www.city.yokote.lg.jp/kurashi/index.html,2026-02-15T21:38:58+09:00,200,https://www.city.yokote.lg.jp/kurashi/index.html,くらし・手続き｜横手市公式サイト,,custom;FI.jQuery;analytics,custom_municipal,true,true,true,horizontal,true,site_search,true,false,false,,true,false,false,true,text,true,false,,true,false,,false,false,false,,fair,low,low,[skip] エンターキー; [bread] トップ>くらし・手続き; [hub_cards] 16 text categories(防災+戸籍+税金+保険+助成+環境+学習+消費+住宅+水道+交通+結婚+おくやみ+ペット+公売); [news] recent updates 2026-02; [contact] 0182-35-2111,,
S0077,秋田県,横手市,municipality,C,article,https://www.city.yokote.lg.jp/kanko/1004035/1004590.html,2026-02-15T21:38:58+09:00,200,https://www.city.yokote.lg.jp/kanko/1004035/1004590.html,（冬）横手のかまくら,,custom;FI.jQuery;analytics,custom_municipal,true,true,true,horizontal,true,site_search,true,true,false,,false,false,false,false,,true,false,,true,false,,true,false,false,,good,low,low,[skip] エンターキー; [bread] トップ>観光・文化>四季のまつり>冬 かまくら; [local_nav] related winter festivals(梵天+火振り+裸まいり); [meta] Updated:2026-02-13; 約450年の伝統行事; 外部link yokotekamakura.com,,
S0078,秋田県,大館市,municipality,C,top,https://www.city.odate.lg.jp/,2026-02-15T21:38:58+09:00,200,https://www.city.odate.lg.jp/,大館市公式サイト,,"custom;GA(UA-36771102-6,G-LC2NRDH82M);Facebook_SDK",custom_Vegas,false,true,true,horizontal,true,header,false,false,false,,true,false,true,false,,true,false,,true,false,,false,false,false,,fair,low,low,[nav] 9 items(ホーム+新着+市民便利帳+組織+観光+報道+市の紹介+DL+公共施設); [search] header keyword; [carousel] Vegas slideshow; [news] 新着情報link; [footer] サイトマップ+Copyright+Privacy; ReadSpeaker読み上げ+Google翻訳,,
S0078,秋田県,大館市,municipality,C,contact,https://www.city.odate.lg.jp/city/koukyoushisetsu/annai/shisho,2026-02-15T21:38:58+09:00,200,https://www.city.odate.lg.jp/city/koukyoushisetsu/annai/shisho,市役所・総合支所,,"custom;GA(UA-36771102-6,G-LC2NRDH82M);Facebook_SDK",custom_Vegas,false,true,true,horizontal,true,header,true,false,false,,false,false,false,false,,true,false,,true,false,,false,false,false,,good,low,low,[bread] ホーム>公共施設>施設案内>市役所・総合支所; [contact] 本庁 0186-49-1198/0186-43-7025 〒017-8555; 比内支所 0186-55-1018; 田代支所 0186-54-6304; 施設一覧ページ,,
S0078,秋田県,大館市,municipality,C,service,https://www.city.odate.lg.jp/kosodate/guide/birth/teate/teate-2,2026-02-15T21:38:58+09:00,200,https://www.city.odate.lg.jp/kosodate/guide/birth/teate/teate-2,児童手当 | 大館市公式サイト,,"custom;GA(UA-36771102-6,G-LC2NRDH82M);Facebook_SDK",custom_Vegas,false,true,true,horizontal,true,header,true,true,false,,false,false,false,false,,true,false,,true,false,,false,false,false,,good,low,low,[bread] Home>子育てねっと>子育てガイド>出産・育児>手当・助成>児童手当; [local_nav] sidebar(子育てねっと+高齢者支援+IJU暮らし+博物館); [contact] 子ども課 0186-43-7054; R6.10所得制限撤廃; 電子申請対応; ReadSpeaker,,
S0078,秋田県,大館市,municipality,C,hub,https://www.city.odate.lg.jp/city/handbook/,2026-02-15T21:38:58+09:00,200,https://www.city.odate.lg.jp/city/handbook/,市民便利帳 | 大館市公式サイト,,"custom;GA(UA-36771102-6,G-LC2NRDH82M);Facebook_SDK",custom_Vegas,false,true,true,horizontal,true,header,true,false,false,,false,false,false,true,text,true,false,,true,false,,false,false,false,,fair,low,low,[bread] ホーム>市民便利帳; [hub_cards] 13 text categories(登録・証明+税金+保険年金+福祉介護+健康+市民生活+農林+地域振興+まちづくり+安心安全+議会+職員広報+教育); ReadSpeaker; Google翻訳,,
S0078,秋田県,大館市,municipality,C,article,https://www.city.odate.lg.jp/city/soshiki/koutsu/p12683,2026-02-15T21:38:58+09:00,200,https://www.city.odate.lg.jp/city/soshiki/koutsu/p12683,大雪に伴うR8.2.16一般路線バス、mobiの一部迂回運行について,,"custom;GA(UA-36771102-6,G-LC2NRDH82M);Facebook_SDK",custom_Vegas,false,true,true,horizontal,true,header,true,false,false,,false,false,false,false,,true,false,,true,false,,true,false,false,,good,low,low,[bread] ホーム>組織>建設部都市計画課交通政策係; [meta] R8.2.16(2026-02-16); 陣馬・矢立峠線 迂回運行; 外部link 秋北バスHP; [share] Twitter; AJAX viewcount tracking,,
S0079,秋田県,東成瀬村,municipality,D,top,https://vill.higashinaruse.lg.jp/,2026-02-15T21:38:58+09:00,200,https://vill.higashinaruse.lg.jp/,東成瀬村役場,,WordPress(6.5.7);CF7;Miibo;GA4,higanaru(custom),true,true,true,horizontal,false,none,false,false,false,,true,false,false,false,,true,false,,true,false,,false,false,false,,fair,low,low,[skip] 本文へ移動; [nav] 6 items(村政+暮らし+結婚出産子育て+健康福祉+村の概要+防災); [news] 村の情報 recent posts; [footer] About+Sitemap+Contact+Privacy; [contact] (0182)47-3401; 301 redirect higashinaruse.com→vill.higashinaruse.lg.jp; chatbot 仙人に質問(Miibo); WordPress+reCAPTCHA; SNS(X+LINE+Instagram),,
S0079,秋田県,東成瀬村,municipality,D,contact,https://vill.higashinaruse.lg.jp/contact,2026-02-15T21:38:58+09:00,200,https://vill.higashinaruse.lg.jp/contact,お問い合わせ | 東成瀬村役場,,WordPress(6.5.7);CF7;Miibo;GA4,higanaru(custom),true,true,true,horizontal,false,none,true,false,false,,false,false,false,false,,true,false,,true,true,wpcf7,false,false,false,,good,low,low,[skip] 本文へ移動; [bread] Home>お問い合わせ; [form] WP Contact Form 7(name+email+phone+content+reCAPTCHA); [contact] (0182)47-3401 FAX(0182)47-3260; chatbot Miibo(仙人に質問),,
S0079,秋田県,東成瀬村,municipality,D,hub,https://vill.higashinaruse.lg.jp/sonmin/page-24971/,2026-02-15T21:38:58+09:00,200,https://vill.higashinaruse.lg.jp/sonmin/page-24971/,暮らし・手続き | 東成瀬村役場,,WordPress(6.5.7);CF7;Miibo;GA4,higanaru(custom),true,true,true,horizontal,false,none,true,false,false,,false,false,false,true,text,true,false,,true,false,,false,false,false,,fair,low,low,[skip] 本文へ移動; [bread] Home>村の情報>暮らし・手続き; [hub_cards] 8 text categories(ごみ+環境+戸籍住民票+国民年金+水道+税金+農林+地域公共交通); chatbot Miibo; 背景色変更(白/黒/青),,
S0079,秋田県,東成瀬村,municipality,D,article,https://vill.higashinaruse.lg.jp/villager/post-35910/,2026-02-15T21:38:58+09:00,200,https://vill.higashinaruse.lg.jp/villager/post-35910/,東成瀬村食生活改善推進員を募集します | 東成瀬村役場,,WordPress(6.5.7);CF7;Miibo;GA4,higanaru(custom),true,true,true,horizontal,false,none,true,false,false,,false,false,false,false,,true,false,,true,false,,true,false,false,,good,low,low,[skip] 本文へ移動; [bread] Home>村の情報>健康・福祉>保健・健康; [meta] 2026-02-13; 食生活改善推進員募集(~3/6 電話or申込フォーム); [contact] 健康福祉課 0182-47-3410; Schema.org Article markup; chatbot Miibo,,
S0080,山形県,山形市,municipality,B,top,https://www.city.yamagata-yamagata.lg.jp/,2026-02-15T21:38:58+09:00,200,https://www.city.yamagata-yamagata.lg.jp/,山形市公式ホームページ,,"custom;GA(G-M31353HP4S,UA-3011924-4)",custom_municipal,true,true,true,horizontal,true,site_search,false,false,false,,true,true,false,false,,true,true,https://www.city.yamagata-yamagata.lg.jp/about/accessibility/index.html,true,false,,false,false,false,,fair,low,low,[skip] 閲覧支援ツール; [nav] 6 items(暮らし+子育て+健康+文化+産業+市政); [search] site search; [news] 新着情報; [pickup] 注目ワード; [a11y] ウェブアクセシビリティ; [footer] サイトマップ+Usability+Foreign; [contact] 023-641-1212; 文字サイズ+配色変更,,
S0080,山形県,山形市,municipality,B,contact,https://www.city.yamagata-yamagata.lg.jp/about/1003701.html,2026-02-15T21:38:58+09:00,200,https://www.city.yamagata-yamagata.lg.jp/about/1003701.html,みんなの意見・提言｜山形市公式ホームページ,,"custom;GA(G-M31353HP4S,UA-3011924-4)",custom_municipal,true,true,true,horizontal,true,site_search,true,false,false,,false,false,false,false,,true,true,https://www.city.yamagata-yamagata.lg.jp/about/accessibility/index.html,true,false,,false,false,false,,good,low,low,[skip] 閲覧支援; [bread] トップ>ホームページ利用案内>みんなの意見・提言; [a11y] ウェブアクセシビリティ; [contact] 023-641-1212(内線230-231) FAX 023-641-2535 広報課; form closed 2024-12-31→new URL /shiseijoho/koho/1007030/1017652.html,,
S0080,山形県,山形市,municipality,B,service,https://www.city.yamagata-yamagata.lg.jp/kosodatekyoiku/kosodate/1006612/1002171.html,2026-02-15T21:38:58+09:00,200,https://www.city.yamagata-yamagata.lg.jp/kosodatekyoiku/kosodate/1006612/1002171.html,児童手当｜山形市公式ホームページ,,"custom;GA(G-M31353HP4S,UA-3011924-4)",custom_municipal,true,true,true,horizontal,true,site_search,true,true,false,,false,false,false,false,,true,true,https://www.city.yamagata-yamagata.lg.jp/about/accessibility/index.html,true,false,,true,false,true,pdf,good,low,low,[skip] 閲覧支援; [bread] トップ>子育て・教育>子育て>子育て支援手当>児童手当; [local_nav] sidebar(制度改正+公金受取口座+コミュニティバスpass); [meta] Updated:R7.8.1; [attach] 申請書PDF+Excel; [a11y] ウェブアクセシビリティ; [contact] こども家庭支援課 023-641-1212 ext558/575; マイナポータル電子申請対応,,
S0080,山形県,山形市,municipality,B,hub,https://www.city.yamagata-yamagata.lg.jp/kurashi/index.html,2026-02-15T21:38:58+09:00,200,https://www.city.yamagata-yamagata.lg.jp/kurashi/index.html,暮らし・手続き｜山形市公式ホームページ,,"custom;GA(G-M31353HP4S,UA-3011924-4)",custom_municipal,true,true,true,horizontal,true,site_search,true,false,false,,false,false,false,true,text,true,true,https://www.city.yamagata-yamagata.lg.jp/about/accessibility/1003695.html,true,false,,false,false,false,,fair,low,low,[skip] 閲覧支援; [bread] トップ>暮らし・手続き; [hub_cards] 14 text categories(防災+届出+税金+公売+保険年金+ごみ+環境+公園+動物+相談+土地住宅+交通+市民活動+移住); [a11y] ウェブアクセシビリティ; [contact] 023-641-1212,,
S0080,山形県,山形市,municipality,B,article,https://www.city.yamagata-yamagata.lg.jp/shiseijoho/it/1012826/1017461.html,2026-02-15T21:38:58+09:00,200,https://www.city.yamagata-yamagata.lg.jp/shiseijoho/it/1012826/1017461.html,施設予約システムが新しくなりました（2月1日から）｜山形市公式ホームページ,,"custom;GA(G-M31353HP4S,UA-3011924-4)",custom_municipal,true,true,true,horizontal,true,site_search,true,true,false,,false,false,false,false,,true,true,https://www.city.yamagata-yamagata.lg.jp/about/accessibility/index.html,true,false,,true,false,false,,good,low,low,[skip] 閲覧支援; [bread] トップ>市政情報>情報政策・ICT>電子申請; [local_nav] 申請サービス+スマート申請+e申請; [meta] Updated:R8.2.1; [a11y] ウェブアクセシビリティ; [contact] 情報企画課DX推進係 023-641-1212 ext876-877; 新予約システム k6.p-kashikan.jp,,
S0081,山形県,鶴岡市,municipality,C,top,https://www.city.tsuruoka.lg.jp/,2026-02-15T21:55:40+09:00,200,https://www.city.tsuruoka.lg.jp/,鶴岡市公式ホームページ,,GTM-TT7WGJ7,custom_municipal,false,true,true,horizontal,true,header,false,false,true,banner_text,true,false,true,true,life_event,true,false,,true,false,,false,false,false,,fair,low,low,[nav] 暮らし;子育て・教育;健康・福祉・医療等11項目; [emergency] 熊が市街地で目撃; [carousel] 市制20周年; [hub_cards] 8 life-event tiles; [sns] X;FB;YT;IG,,
S0081,山形県,鶴岡市,municipality,C,contact,https://www.city.tsuruoka.lg.jp/shisei/shiyakusyo/infomation/dial_in.html,2026-02-15T21:55:40+09:00,200,https://www.city.tsuruoka.lg.jp/shisei/shiyakusyo/infomation/dial_in.html,本庁舎ダイヤルイン番号表 鶴岡市,,GTM-TT7WGJ7,custom_municipal,false,true,true,horizontal,true,header,true,true,false,,false,false,false,false,,true,false,,true,false,,false,false,false,,good,low,low,[bread] Top>市政情報>市役所>施設案内>ダイヤルイン; [contact] 0235-25-2111 〒997-8601 8:30-17:15; [dept_list] dial-in per dept,,
S0081,山形県,鶴岡市,municipality,C,service,https://www.city.tsuruoka.lg.jp/kyoiku/kosodate/kodomo/kosodate01zidouteate.html,2026-02-15T21:55:40+09:00,200,https://www.city.tsuruoka.lg.jp/kyoiku/kosodate/kodomo/kosodate01zidouteate.html,児童手当の制度について 鶴岡市,,GTM-TT7WGJ7,custom_municipal,false,true,true,horizontal,true,header,true,true,false,,false,false,false,false,,true,false,,true,false,,true,false,false,,good,low,low,[bread] 鶴岡市>子育て>手当; [date] 2025-06-25; [contact] 子育て推進課 0235-26-0176; [content] 15000/10000/30000,,
S0081,山形県,鶴岡市,municipality,C,hub,https://www.city.tsuruoka.lg.jp/kurashi/index.html,2026-02-15T21:55:40+09:00,200,https://www.city.tsuruoka.lg.jp/kurashi/index.html,暮らし 鶴岡市,,GTM-TT7WGJ7,custom_municipal,false,true,true,horizontal,true,header,true,true,false,,false,false,false,true,category_list,true,false,,true,false,,false,false,false,,fair,low,low,[bread] Top>暮らし; [hub_cards] 18 sub-sections; [sidebar] 18 categories,,
S0081,山形県,鶴岡市,municipality,C,article,https://www.city.tsuruoka.lg.jp/shisei/kohojigyou/koho/kohor7/koho202602.html,2026-02-15T21:55:40+09:00,200,https://www.city.tsuruoka.lg.jp/shisei/kohojigyou/koho/kohor7/koho202602.html,広報つるおか2026年2月号 鶴岡市,,GTM-TT7WGJ7,custom_municipal,false,true,true,horizontal,true,header,true,true,false,,false,false,false,false,,true,false,,true,false,,true,false,true,pdf,good,low,low,[bread] ホーム>市政情報>広報>R7>2月号; [date] 2026-01-28; [attach] PDF sections; [content] 特集:総合型地域スポーツクラブ,,
S0082,山形県,大蔵村,municipality,D,top,https://www.vill.ohkura.yamagata.jp/,2026-02-15T21:55:40+09:00,200,https://www.vill.ohkura.yamagata.jp/,ホーム／大蔵村,,SMART_CMS(smart-lgov),SMART_CMS_base,false,true,true,horizontal,false,,false,false,false,,true,false,true,true,life_nav_12,true,false,,true,false,,false,false,false,,fair,low,low,[nav] くらし・手続き;医療・健康・福祉等6項目; [a11y_tool] 文字サイズ+背景色+Foreign Language; [carousel] 温泉/蕎麦畑; [hub_cards] 12 icon tiles; [sns] X(@ohkura_mura),,
S0082,山形県,大蔵村,municipality,D,contact,https://www.vill.ohkura.yamagata.jp/soshikikarasagasu/somuka/gyomuannai/19/670.html,2026-02-15T21:55:40+09:00,200,https://www.vill.ohkura.yamagata.jp/soshikikarasagasu/somuka/gyomuannai/19/670.html,組織一覧／大蔵村,,SMART_CMS(smart-lgov),SMART_CMS_base,false,true,true,horizontal,false,,true,true,false,,false,false,false,false,,true,false,,true,false,,false,false,false,,good,low,low,[bread] ホーム>組織>総務課>組織一覧; [contact] 0233-75-2111 〒996-0212; [dept] 5 divisions,,
S0082,山形県,大蔵村,municipality,D,service,https://www.vill.ohkura.yamagata.jp/soshikikarasagasu/kenkofukushika/gyomuannai/9/1/590.html,2026-02-15T21:55:40+09:00,200,https://www.vill.ohkura.yamagata.jp/soshikikarasagasu/kenkofukushika/gyomuannai/9/1/590.html,児童手当・児童扶養手当・特別児童扶養手当|大蔵村,,SMART_CMS(smart-lgov),SMART_CMS_base,false,true,true,horizontal,false,,true,true,false,,false,false,false,false,,true,false,,true,false,,true,false,false,,good,low,low,[bread] ホーム>健康福祉課>児童手当; [date] 2024-11-25; [contact] 健康福祉課 0233-75-2104; [content] 偶数月10日支給,,
S0082,山形県,大蔵村,municipality,D,hub,https://www.vill.ohkura.yamagata.jp/,2026-02-15T21:55:40+09:00,200,https://www.vill.ohkura.yamagata.jp/,ホーム／大蔵村,,SMART_CMS(smart-lgov),SMART_CMS_base,false,true,true,horizontal,false,,false,false,false,,true,false,true,true,life_nav_12,true,false,,true,false,,false,false,false,,fair,low,low,[hub=top] くらしのナビゲーション 12 icon cards; top doubles as hub for small village,,
S0082,山形県,大蔵村,municipality,D,article,https://www.vill.ohkura.yamagata.jp/gyoseijoho/koho_kocho/koho/1/2221.html,2026-02-15T21:55:40+09:00,200,https://www.vill.ohkura.yamagata.jp/gyoseijoho/koho_kocho/koho/1/2221.html,令和7年度広報おおくら／大蔵村,,SMART_CMS(smart-lgov),SMART_CMS_base,false,true,true,horizontal,false,,true,true,false,,false,false,false,false,,true,false,,true,false,,true,false,true,pdf,good,low,low,[bread] ホーム>行政情報>広報>広報おおくら; [date] 2026-01-22; [attach] 月刊PDF R8年1月号最新 9.4MB,,
S0083,福島県,福島市,municipality,B,top,https://www.city.fukushima.fukushima.jp/,2026-02-15T21:55:40+09:00,200,https://www.city.fukushima.fukushima.jp/,福島市公式ホームページ,,SMART_CMS(api5th),SMART_CMS_base,false,true,true,horizontal,true,header_pageid_facility,false,false,false,,true,true,true,true,user_segment,true,false,,true,false,,false,false,false,,fair,low,low,[nav] 防災・安全;くらし;健康・福祉;子育て・教育;観光等8項目; [search] keyword+pageID+facility; [faq] よくある質問; [carousel] ゴッホ展/DC/東口再開発; [hub_cards] 3segments:市民14/事業者10/観光7; [sns] YT;LINE;X;FB; [a11y_tool] full suite 17lang+読み上げ+ふりがな,,
S0083,福島県,福島市,municipality,B,contact,https://www.city.fukushima.fukushima.jp/soshiki/2/1001/390.html,2026-02-15T21:55:40+09:00,200,https://www.city.fukushima.fukushima.jp/soshiki/2/1001/390.html,お問い合わせ先一覧／福島市,,SMART_CMS(api5th),SMART_CMS_base,false,true,true,horizontal,true,header_pageid_facility,true,true,false,,false,false,false,false,,true,false,,true,false,,false,false,false,,good,low,low,[bread] ホーム>組織>広聴広報課>お問い合わせ先一覧; [contact] 024-535-1111 〒960-8601 8:30-17:15; [dept] 21 divisions,,
S0083,福島県,福島市,municipality,B,service,https://www.city.fukushima.fukushima.jp/kosodate-portal/mokuteki/seido_teate/ninshinsyussanzyosei/4515.html,2026-02-15T21:55:40+09:00,200,https://www.city.fukushima.fukushima.jp/kosodate-portal/mokuteki/seido_teate/ninshinsyussanzyosei/4515.html,児童手当について／福島市,,SMART_CMS(api5th),SMART_CMS_base,false,true,true,horizontal,true,header_pageid_facility,true,true,false,,false,false,false,false,,true,false,,true,false,,true,false,true,pdf,good,low,low,[bread] ホーム>子育て>制度・手当>児童手当; [date] 2025-11-28; [contact] こども未来政策課 024-572-7103; [attach] PDF申請書; [content] マイナポータル電子申請,,
S0083,福島県,福島市,municipality,B,hub,https://www.city.fukushima.fukushima.jp/kurashi/index.html,2026-02-15T21:55:40+09:00,200,https://www.city.fukushima.fukushima.jp/kurashi/index.html,くらし／福島市,,SMART_CMS(api5th),SMART_CMS_base,false,true,true,horizontal,true,header_pageid_facility,true,true,false,,false,false,false,true,category_list,true,false,,true,false,,false,false,false,,fair,low,low,[bread] ホーム>くらし; [hub_cards] 13 categories; [a11y_tool] full suite,,
S0083,福島県,福島市,municipality,B,article,https://www.city.fukushima.fukushima.jp/soshiki/2/1001/1/2/shiseidayorisaishin.html,2026-02-15T21:55:40+09:00,200,https://www.city.fukushima.fukushima.jp/soshiki/2/1001/1/2/shiseidayorisaishin.html,市政だより2月号を発行しました／福島市,,SMART_CMS(api5th),SMART_CMS_base,false,true,true,horizontal,true,header_pageid_facility,true,true,false,,false,false,false,false,,true,false,,true,false,,true,false,true,pdf,good,low,low,[bread] ホーム>組織>広聴広報課>市政だより>最新号; [date] 2026-02-01; [attach] PDF 5.4MB; [content] マチイロ/マイ広報紙/Catalog Pocket対応,,
S0085,福島県,いわき市,municipality,B,top,https://www.city.iwaki.lg.jp/,2026-02-15T21:55:40+09:00,200,https://www.city.iwaki.lg.jp/,トップページ｜いわき市役所,,GTM-T5WGPKJ,custom_municipal,false,true,true,horizontal,true,header,false,false,true,banner_text,true,false,true,true,life_event,true,true,,true,false,,false,false,false,,fair,low,low,[nav] くらし・手続き;子育て・教育等6項目; [emergency] インフルエンザ警報+林野火災注意報; [faq] FAQ; [chatbot] AIチャットボット; [carousel] sunrise; [hub_cards] life-scene+genre; [sns] LINE;X;FB;YT; [a11y] ReadSpeaker+アクセシビリティ方針,,
S0085,福島県,いわき市,municipality,B,contact,https://www.city.iwaki.lg.jp/www/genre/1455082817827/index.html,2026-02-15T21:55:40+09:00,200,https://www.city.iwaki.lg.jp/www/genre/1455082817827/index.html,窓口(案内)｜いわき市役所,,GTM-T5WGPKJ,custom_municipal,false,true,true,horizontal,true,header,true,true,false,,false,false,false,false,,true,true,,true,false,,false,false,false,,good,low,low,[bread] Top>くらし>届出>窓口案内; [contact] 0246-22-1111 〒970-8686; [a11y] アクセシビリティ方針,,
S0085,福島県,いわき市,municipality,B,service,https://www.city.iwaki.lg.jp/www/contents/1653785969704/index.html,2026-02-15T21:55:40+09:00,200,https://www.city.iwaki.lg.jp/www/contents/1653785969704/index.html,児童手当制度について｜いわき市役所,,GTM-T5WGPKJ,custom_municipal,false,true,true,horizontal,true,header,true,true,false,,false,false,false,false,,true,true,,true,false,,true,false,false,,good,low,low,[bread] Top>くらし>児童福祉>手当; [date] 2025-04-01; [contact] こども家庭支援課 0246-27-8563; [a11y] アクセシビリティ方針,,
S0085,福島県,いわき市,municipality,B,hub,https://www.city.iwaki.lg.jp/www/genre/1000100000001/index.html,2026-02-15T21:55:40+09:00,200,https://www.city.iwaki.lg.jp/www/genre/1000100000001/index.html,くらし・手続き｜いわき市役所,,GTM-T5WGPKJ,custom_municipal,false,true,true,horizontal,true,header,true,true,false,,false,false,false,true,category_list,true,true,,true,false,,false,false,false,,fair,low,low,[bread] Top>くらし・手続き; [hub_cards] life-scene+popular+online; [a11y] アクセシビリティ方針,,
S0085,福島県,いわき市,municipality,B,article,https://www.city.iwaki.lg.jp/www/contents/1767902974430/index.html,2026-02-15T21:55:40+09:00,200,https://www.city.iwaki.lg.jp/www/contents/1767902974430/index.html,林野火災注意報発令｜いわき市消防本部,,GTM-T5WGPKJ,custom_municipal,false,true,true,horizontal,true,header,true,true,false,,false,false,false,false,,true,true,,true,false,,true,false,false,,good,low,low,[bread] Top>くらし>緊急>消防>注意報; [date] 2026-02-15; [contact] 消防予防課 0246-24-3941; [a11y] アクセシビリティ方針,,
S0087,福島県,須賀川市,municipality,C,top,https://www.city.sukagawa.fukushima.jp/,2026-02-15T21:55:40+09:00,200,https://www.city.sukagawa.fukushima.jp/,須賀川市総合トップページ｜須賀川市,,custom_template,custom_municipal,false,true,true,horizontal,true,header,false,false,false,,true,false,true,true,user_segment,true,false,,true,false,,false,false,false,,fair,low,low,[nav] 市民の方;観光の方;移住情報;事業者の方;須賀川の魅力; [search] header+使い方; [faq] よくある質問; [carousel] 翠ヶ丘/特撮/アートロード; [hub_cards] 5 icon cards; [sns] YT;X;LINE;FB,,
S0087,福島県,須賀川市,municipality,C,contact,https://www.city.sukagawa.fukushima.jp/about/1004754.html,2026-02-15T21:55:40+09:00,200,https://www.city.sukagawa.fukushima.jp/about/1004754.html,市へのお問い合わせ｜須賀川市,,custom_template,custom_municipal,false,true,true,horizontal,true,header,true,true,false,,false,false,false,false,,true,false,,true,true,general,false,false,false,,good,low,low,[bread] ホーム>サイト情報>お問い合わせ; [contact] 0248-75-1111 〒962-8601 8:30-17:15; [form] お問い合わせフォーム,,
S0087,福島県,須賀川市,municipality,C,service,https://www.city.sukagawa.fukushima.jp/kosodate_kyoiku/kosodate_teate/1018515.html,2026-02-15T21:55:40+09:00,200,https://www.city.sukagawa.fukushima.jp/kosodate_kyoiku/kosodate_teate/1018515.html,児童手当 / 須賀川市,,custom_template,custom_municipal,false,true,true,horizontal,true,header,true,true,false,,false,false,false,false,,true,false,,true,false,,true,false,true,pdf,good,low,low,[bread] ホーム>子育て>手当>児童手当; [date] 2025-11-19; [contact] こども課 0248-88-8114; [attach] PDF申請書; [content] 所得制限なし 偶数月支給,,
S0087,福島県,須賀川市,municipality,C,hub,https://www.city.sukagawa.fukushima.jp/kurashi/,2026-02-15T21:55:40+09:00,200,https://www.city.sukagawa.fukushima.jp/kurashi/,くらし・手続き / 須賀川市,,custom_template,custom_municipal,false,true,true,horizontal,true,header,true,true,false,,true,false,false,true,category_list,true,false,,true,false,,false,false,false,,fair,low,low,[bread] ホーム>くらし・手続き; [hub_cards] 15+ categories; [news] 更新2026年2月; [quick] life-events,,
S0087,福島県,須賀川市,municipality,C,article,https://www.city.sukagawa.fukushima.jp/kurashi/anshin/bosai/1007066/1017398/1018808.html,2026-02-15T21:55:40+09:00,200,https://www.city.sukagawa.fukushima.jp/kurashi/anshin/bosai/1007066/1017398/1018808.html,林野火災警報（市内全域）｜須賀川市,,custom_template,custom_municipal,false,true,true,horizontal,true,header,true,true,false,,false,false,false,false,,true,false,,true,false,,true,false,false,,good,low,low,[bread] ホーム>くらし>安全>防災>放送; [date] 2026-02-12; [contact] 市民安全課 0248-88-9128,,
S0088,福島県,白河市,municipality,C,top,https://www.city.shirakawa.fukushima.jp/,2026-02-15T21:55:40+09:00,200,https://www.city.shirakawa.fukushima.jp/,トップページ | 白河市,,GTM-N3NBZFS,custom_municipal,false,true,true,horizontal,true,header_dual,false,false,true,banner_prominent,true,true,true,true,purpose_list,true,false,,true,false,,false,false,false,,fair,low,low,[nav] 暮らし・手続き;子育て・健康・福祉等6項目; [search] Google+site dual; [emergency] ツキノワグマ出没警報; [faq] よくあるご質問; [carousel] 採用/子育て/城復元; [hub_cards] 目的13+役立ち12; [sns] Twitter;FB;IG;YT;LINE,,
S0088,福島県,白河市,municipality,C,contact,https://www.city.shirakawa.fukushima.jp/page/page001402.html,2026-02-15T21:55:40+09:00,200,https://www.city.shirakawa.fukushima.jp/page/page001402.html,ご意見・お問い合わせ | 白河市,,GTM-N3NBZFS,custom_municipal,false,true,true,horizontal,true,header_dual,true,true,false,,false,false,false,false,,true,false,,true,true,general,false,false,false,,good,low,low,[bread] ホーム>市政>ご意見; [contact] 0248-28-5501 〒961-8602; [form] 問い合わせフォーム; [mayor_letter] 市長への手紙,,
S0088,福島県,白河市,municipality,C,service,https://www.city.shirakawa.fukushima.jp/page/page009274.html,2026-02-15T21:55:40+09:00,200,https://www.city.shirakawa.fukushima.jp/page/page009274.html,児童手当制度が変わりました | 白河市,,GTM-N3NBZFS,custom_municipal,false,true,true,horizontal,true,header_dual,true,true,false,,false,false,false,false,,true,false,,true,false,,true,false,true,pdf,good,low,low,[bread] ホーム>子育て>児童手当改正; [date] 2025-03-03; [contact] こども支援課 0248-28-5521; [attach] PDF; [content] R6.10改正 所得制限撤廃,,
S0088,福島県,白河市,municipality,C,hub,https://www.city.shirakawa.fukushima.jp/page/dir000002.html,2026-02-15T21:55:40+09:00,200,https://www.city.shirakawa.fukushima.jp/page/dir000002.html,暮らし・手続き | 白河市,,GTM-N3NBZFS,custom_municipal,false,true,true,horizontal,true,header_dual,true,true,false,,false,false,false,true,category_list,true,false,,true,false,,false,false,false,,fair,low,low,[bread] ホーム>暮らし・手続き; [hub_cards] 13 categories: デジタル/届出/マイナンバー/保険/税/安全/環境/交通/住まい/水道/移住/動物,,
S0088,福島県,白河市,municipality,C,article,https://www.city.shirakawa.fukushima.jp/page/page009119.html,2026-02-15T21:55:40+09:00,200,https://www.city.shirakawa.fukushima.jp/page/page009119.html,清水門復元整備事業の現在 | 白河市,,GTM-N3NBZFS,custom_municipal,false,true,true,horizontal,true,header_dual,true,true,false,,false,false,false,false,,true,false,,true,false,,true,false,true,pdf_video,good,low,low,[bread] ホーム>教育>歴史>清水門; [date] 2026-02-10; [attach] 写真+YT+かわらばん; [contact] 文化財課 0248-28-5535; [content] 鯱設置完了2026/02/05,,
S0089,福島県,檜枝岐村,municipality,D,top,https://www.vill.hinoemata.lg.jp/,2026-02-15T21:55:40+09:00,200,https://www.vill.hinoemata.lg.jp/,福島県檜枝岐村役場,,,basic_municipal,false,true,true,department,false,,false,false,false,,true,false,true,true,life_menu,true,false,,true,false,,false,false,false,,fair,medium,medium,[nav] department-based 7課+2事業所; [a11y_tool] ふりがな+色合い3+文字サイズ; [carousel] tourism photo; [hub_cards] 目的別ライフメニュー; [news] スキーカップ/職員募集,,
S0089,福島県,檜枝岐村,municipality,D,contact,https://www.vill.hinoemata.lg.jp/contactlist.html,2026-02-15T21:55:40+09:00,200,https://www.vill.hinoemata.lg.jp/contactlist.html,問い合わせ先一覧|檜枝岐村役場,,,basic_municipal,false,true,true,department,false,,true,false,false,,false,false,false,false,,true,false,,true,false,,false,false,false,,good,medium,medium,[bread] ホーム>問い合わせ先一覧; [contact] 〒967-0525; [dept] 7 depts with phone,,
S0089,福島県,檜枝岐村,municipality,D,hub,https://www.vill.hinoemata.lg.jp/jyumin/,2026-02-15T21:55:40+09:00,200,https://www.vill.hinoemata.lg.jp/jyumin/,住民課|檜枝岐村役場,,,basic_municipal,false,true,true,department,false,,true,false,false,,false,false,false,true,category_list,true,false,,true,false,,false,false,false,,fair,medium,medium,[bread] ホーム>住民課; [hub_cards] 5 categories: 届出/くらし/保険/福祉/安全; [sidebar] dept links,,
S0089,福島県,檜枝岐村,municipality,D,article,https://www.vill.hinoemata.lg.jp/information/new/000311.html,2026-02-15T21:55:40+09:00,200,https://www.vill.hinoemata.lg.jp/information/new/000311.html,移住ガイドブック作成しました|檜枝岐村,,,basic_municipal,false,true,true,department,false,,true,false,false,,false,false,false,false,,true,false,,true,false,,true,false,false,,fair,medium,medium,[bread] トップ>新着>移住ガイドブック; [contact] 総務課 0241-75-2500; [content] hinoemata.info/iju/ 作成,,
S0090,福島県,三島町,municipality,D,top,https://www.town.mishima.fukushima.jp/,2026-02-15T22:00:00+09:00,200,https://www.town.mishima.fukushima.jp/,三島町ホームページ トップページ,ja,custom;Google_CSE;Slick_carousel,custom_municipal,false,true,true,horizontal,true,google_cse,false,false,false,,true,false,true,false,,true,false,,true,false,,false,false,false,,fair,medium,low,[nav] 6 categories(くらしの情報+健康・福祉+子育て・教育+町政情報+しごと・産業+観光情報); [search] Google CSE with keyword suggestions; [carousel] Slick; [sns] Facebook(三島町地域おこし協力隊+観光協会)+Twitter(@karancoron23); [lang] foreign language page; [footer] 個人情報+免責+RSS+サイトマップ; [contact] 0241-48-5511; 過疎地域,,
S0090,福島県,三島町,municipality,D,contact,https://www.town.mishima.fukushima.jp/soshiki/choumin/,2026-02-15T22:00:00+09:00,200,https://www.town.mishima.fukushima.jp/soshiki/choumin/,町民課 - 三島町ホームページ,ja,custom;Google_CSE;Slick_carousel,custom_municipal,false,true,true,horizontal,true,google_cse,true,true,false,,false,false,false,false,,true,false,,true,true,email_form,false,false,false,,fair,medium,low,[bread] 組織でさがす>三島町役場>町民課; [contact] 町民係:0241-48-5555 保健福祉係:0241-48-5565 地域包括:0241-48-5045; [local_nav] 新着情報+町民係+保健福祉係+地域包括; [form] email inquiry link; department overview as contact,,
S0090,福島県,三島町,municipality,D,hub,https://www.town.mishima.fukushima.jp/life/,2026-02-15T22:00:00+09:00,200,https://www.town.mishima.fukushima.jp/life/,分類でさがす - 三島町ホームページ,ja,custom;Google_CSE;Slick_carousel,custom_municipal,false,true,true,horizontal,true,google_cse,true,true,false,,false,false,false,false,,true,false,,true,false,,false,false,false,,fair,medium,low,[bread] トップページ>分類でさがす; [layout] 5 main categories with 28 subcategories; [categories] くらしの情報(8)+健康・福祉(2)+子育て・教育(3)+町政情報(12)+しごと・産業(3); hierarchical text list; no card grid,,
S0090,福島県,三島町,municipality,D,article,https://www.town.mishima.fukushima.jp/site/koho/7101.html,2026-02-15T22:00:00+09:00,200,https://www.town.mishima.fukushima.jp/site/koho/7101.html,広報みしま 令和7年度2月号について - 三島町ホームページ,ja,custom;Google_CSE;Slick_carousel,custom_municipal,false,true,true,horizontal,true,google_cse,true,true,false,,false,false,false,false,,true,false,,true,false,,true,false,true,pdf,good,low,low,[bread] 広報みしま; [article] No.396 令和7年度2月号 2026-02-06更新; [attachments] PDF 17.47MB; [sns] Twitter+Facebook+LINE sharing; [meta] 地域政策課 0241-48-5533; [back_issues] 令和7-3年度 + おしらせ版; Adobe Reader案内あり,,
S0091,福島県,金山町,municipality,D,top,https://www.town.kaneyama.fukushima.jp/,2026-02-15T22:00:00+09:00,200,https://www.town.kaneyama.fukushima.jp/,福島県金山町公式ホームページ 自然の恵みと笑顔あふれる かねやま,ja,custom;GA(GA4+UA),custom_municipal,false,true,true,horizontal_simple,false,,false,false,false,,true,false,true,false,,true,false,,true,false,,false,false,false,,fair,medium,low,[nav] 4 items(くらしの情報+観光情報+移住定住+公営住宅情報); [carousel] banner with prev/stop/play/next; [lang] en+zh-cn+zh-tw+ko via external translation; [GA] GA4+UA dual tracking; [footer] 〒968-0011 0241-54-5111; minimal navigation; 過疎地域,,
S0091,福島県,金山町,municipality,D,contact,https://www.town.kaneyama.fukushima.jp/,2026-02-15T22:00:00+09:00,200,https://www.town.kaneyama.fukushima.jp/,福島県金山町公式ホームページ 自然の恵みと笑顔あふれる かねやま,ja,custom;GA(GA4+UA),custom_municipal,false,true,true,horizontal_simple,false,,false,false,false,,true,false,true,false,,true,false,,true,false,,false,false,false,,fair,medium,low,[contact] footer only: 〒968-0011 福島県大沼郡金山町大字川口字谷地393 TEL:0241-54-5111 FAX:0241-54-2117; no dedicated contact page; top page used as contact reference; D-category small municipality,,
S0091,福島県,金山町,municipality,D,hub,https://www.town.kaneyama.fukushima.jp/life/1/,2026-02-15T22:00:00+09:00,200,https://www.town.kaneyama.fukushima.jp/life/1/,くらし・手続き - 福島県金山町公式ホームページ,ja,custom;GA(GA4+UA),custom_municipal,false,true,true,horizontal_simple,false,,true,true,false,,false,false,false,false,,true,false,,true,false,,false,false,false,,fair,medium,low,[bread] トップページ>分類でさがす>くらし・手続き; [layout] 7 main categories 48 subcategories; [categories] 目的で探す(10)+戸籍(3)+証明(3)+年金税金(9)+住まい(6)+防災(2)+ゴミ(5); [life_events] 10 events(妊娠+就職+子育て+引越+結婚+高齢+死亡+税+住民+ゴミ); hierarchical text list,,
S0091,福島県,金山町,municipality,D,article,https://www.town.kaneyama.fukushima.jp/soshiki/list1-1.html,2026-02-15T22:00:00+09:00,200,https://www.town.kaneyama.fukushima.jp/soshiki/list1-1.html,新着更新情報 - 福島県金山町公式ホームページ,ja,custom;GA(GA4+UA),custom_municipal,false,true,true,horizontal_simple,false,,true,false,false,,true,false,false,false,,true,false,,true,false,,false,false,false,,fair,medium,low,[bread] トップページ>新着更新情報; [news] chronological list with pagination; latest: 2026-02-12 広報かねやま令和8年2月号; 2026-02-10 ごみ収集業務委託入札; 2026-01-27 福祉手当2件; news aggregation page used as article,,
S0092,福島県,飯舘村,municipality,D,top,https://www.vill.iitate.fukushima.jp/,2026-02-15T22:00:00+09:00,200,https://www.vill.iitate.fukushima.jp/,飯舘村ホームページ トップページ,ja,custom;Google_CSE,custom_municipal,false,true,true,horizontal,true,google_cse,false,false,false,,true,false,true,true,icon_grid,true,true,/site/hajimete/accessibility.html,true,false,,false,false,false,,fair,low,low,[nav] 6 categories(くらし・環境+健康・福祉+子育て・教育+観光・文化+しごと・産業+村政・まちづくり); [search] Google CSE; [carousel] banner; [hub_cards] icon-based life event grid; [sns] LINE+Instagram+Facebook+YouTube; [a11y] footer アクセシビリティ link; [footer] 災害用メール配信サービス+privacy+site guide; 原発事故避難地域; sp-common2022.css responsive,,
S0092,福島県,飯舘村,municipality,D,contact,https://www.vill.iitate.fukushima.jp/soshiki/1/47.html,2026-02-15T22:00:00+09:00,200,https://www.vill.iitate.fukushima.jp/soshiki/1/47.html,村主要機関一覧 - 飯舘村ホームページ,ja,custom;Google_CSE,custom_municipal,false,true,true,horizontal,true,google_cse,true,true,false,,false,false,false,false,,true,true,/site/hajimete/accessibility.html,true,false,,false,false,false,,good,low,low,[bread] 組織でさがす>飯舘村役場>総務課>村主要機関一覧; [contact] ~30 institutions with phone numbers; [layout] tabular directory; main office: 〒960-1892 飯舘村伊丹沢 TEL:0244-42-1611; departments+schools+welfare+commercial,,
S0092,福島県,飯舘村,municipality,D,hub,https://www.vill.iitate.fukushima.jp/life/1/,2026-02-15T22:00:00+09:00,200,https://www.vill.iitate.fukushima.jp/life/1/,くらし・環境 - 飯舘村ホームページ,ja,custom;Google_CSE,custom_municipal,false,true,true,horizontal,true,google_cse,true,true,false,,false,false,false,false,,true,true,/site/hajimete/accessibility.html,true,false,,false,false,false,,fair,low,low,[bread] 分類でさがす>くらし・環境; [layout] 7 categories 25+ subcategories; [categories] ライフイベント+届出証明+税金+防災+土地住宅+ごみ環境+水道下水道; [life_events] 妊娠出産+育児+入学+結婚+引越+健康+高齢介護+死亡; [local_nav] icon pictogram 6 sections; [sns] LINE+Instagram+Facebook+YouTube,,
S0092,福島県,飯舘村,municipality,D,article,https://www.vill.iitate.fukushima.jp/site/kouhou/14182.html,2026-02-15T22:00:00+09:00,200,https://www.vill.iitate.fukushima.jp/site/kouhou/14182.html,広報いいたて お知らせ版 令和8年2月 - 飯舘村ホームページ,ja,custom;Google_CSE,custom_municipal,false,true,true,horizontal,true,google_cse,true,true,false,,false,false,false,false,,true,true,/site/hajimete/accessibility.html,true,false,,true,false,true,pdf,good,low,low,[bread] 村政・まちづくり>広報・広聴・広報誌>広報お知らせ版; [article] 第1077号 令和8年2月5日発行; topics: 空き家管理+EV充電器設置+物価高子育て応援手当; [attachments] PDF 563KB + tablet image versions; [meta] 村づくり推進課 TEL:0244-42-1613; [a11y] font+color adjustment,,
S0008,茨城県,茨城県,prefecture,unknown,top,https://www.pref.ibaraki.jp/,2026-02-15T22:30:00+09:00,200,https://www.pref.ibaraki.jp/,茨城県ホームページ,ja,custom,pref_standard,false,true,true,horizontal,true,keyword+page_number,false,false,false,,true,false,true,true,card_grid,true,false,,true,false,,false,false,false,,fair,low,low,[nav] 7 categories(防災+くらし+健康+子育て+観光+しごと+県政); [search] dual(keyword+page_number); [sns] LINE+X+TikTok+Facebook; [lang] Foreign Language; [carousel] portal cards; [hub_cards] card_grid for portal sites; [emergency] 情報なし; 9言語災害情報ポータル,,
S0008,茨城県,茨城県,prefecture,unknown,contact,https://www.pref.ibaraki.jp/bugai/koho/kenmin/misc/contact.html,2026-02-15T22:30:00+09:00,200,https://www.pref.ibaraki.jp/bugai/koho/kenmin/misc/contact.html,お問い合わせ／茨城県,ja,custom,pref_standard,true,true,true,horizontal,true,keyword+page_number,true,false,false,,false,false,false,false,,true,false,,true,true,feedback_survey,false,false,false,,good,low,low,[bread] 県政情報>広報>サイトについて>お問い合わせ; [skip] #tmp_honbun; [contact] 029-301-1111; [form] page helpfulness survey(3-point); decentralized routing to dept pages,,
S0008,茨城県,茨城県,prefecture,unknown,service,https://www.pref.ibaraki.jp/bugai/koho/kenmin/life/hoken/jifuku/jifuku-028.html,2026-02-15T22:30:00+09:00,200,https://www.pref.ibaraki.jp/bugai/koho/kenmin/life/hoken/jifuku/jifuku-028.html,児童手当とは／茨城県,ja,custom,pref_standard,true,true,true,horizontal,true,keyword+page_number,true,true,false,,false,false,false,false,,true,false,,true,false,,false,false,false,,good,low,low,[bread] くらし>児童手当; service info page; prefecture-level overview of child allowance system,,
S0008,茨城県,茨城県,prefecture,unknown,hub,https://www.pref.ibaraki.jp/kurashi/index.html,2026-02-15T22:30:00+09:00,200,https://www.pref.ibaraki.jp/kurashi/index.html,くらし・環境／茨城県,ja,custom,pref_standard,true,true,true,horizontal,true,keyword+page_number,true,true,false,,false,false,false,true,category_list,true,false,,true,false,,false,false,false,,fair,low,low,[bread] くらし・環境; [hub] category landing page; [local_nav] subcategories; prefecture hub for daily life services,,
S0008,茨城県,茨城県,prefecture,unknown,article,https://www.pref.ibaraki.jp/bugai/koho/kenmin/hibari/backnumber/2026-2.html,2026-02-15T22:30:00+09:00,200,https://www.pref.ibaraki.jp/bugai/koho/kenmin/hibari/backnumber/2026-2.html,ひばり2026年2月号／茨城県,ja,custom,pref_standard,true,true,true,horizontal,true,keyword+page_number,true,false,false,,false,false,false,false,,true,false,,true,false,,true,false,true,pdf+mp3,good,low,low,[bread] 県政>広報>ひばり>令和7年度>2月号; [article] 2026-02-01更新; [attachments] PDF 8.7MB + MP3 16.5MB + e-book; [meta] 営業戦略部プロモーション; cover: 偕楽園好文亭; 点字版・音声版あり,,
S0009,栃木県,栃木県,prefecture,unknown,top,https://www.pref.tochigi.lg.jp/,2026-02-15T22:30:00+09:00,200,https://www.pref.tochigi.lg.jp/,栃木県公式ホームページ,ja,custom,pref_standard,false,true,true,horizontal,true,keyword,false,false,false,,true,true,true,false,,true,true,,true,false,,false,false,false,,fair,low,low,[nav] 8 categories(緊急+防災+くらし+子育て+教育+社会基盤+産業+県政); [search] keyword with suggestions; [pickup] featured sites; [a11y] ウェブアクセシビリティ方針(footer); [lang] Foreign Language; [sns] 県のSNS等; text-to-speech+furigana,,
S0009,栃木県,栃木県,prefecture,unknown,contact,https://www.pref.tochigi.lg.jp/c05/kensei/kouhou/hp/otoiawase.html,2026-02-15T22:30:00+09:00,200,https://www.pref.tochigi.lg.jp/c05/kensei/kouhou/hp/otoiawase.html,お問い合わせ - 栃木県,ja,custom,pref_standard,false,true,true,horizontal,true,keyword,true,false,false,,false,false,false,false,,true,true,,true,false,,false,false,false,,good,low,low,[bread] 県政>広報>HP・SNS>お問い合わせ; [contact] 広報課028-623-2158 kouhou@pref; 代表028-623-2323(8:30-17:00); [a11y] text-to-speech+furigana+RSS,,
S0009,栃木県,栃木県,prefecture,unknown,service,https://www.pref.tochigi.lg.jp/e06/welfare/kodomo/kosodatesoudan/shiennseido.html,2026-02-15T22:30:00+09:00,200,https://www.pref.tochigi.lg.jp/e06/welfare/kodomo/kosodatesoudan/shiennseido.html,経済的な支援制度 - 栃木県,ja,custom,pref_standard,false,true,true,horizontal,true,keyword,true,true,false,,false,false,false,false,,true,true,,true,false,,false,false,false,,good,low,low,[bread] 子育て・福祉>子育て支援>経済的な支援制度; includes 児童手当: 高校生年代まで月10000-30000円; [a11y] footer link,,
S0009,栃木県,栃木県,prefecture,unknown,hub,https://www.pref.tochigi.lg.jp/kurashi/index.html,2026-02-15T22:30:00+09:00,200,https://www.pref.tochigi.lg.jp/kurashi/index.html,くらし・環境 - 栃木県,ja,custom,pref_standard,false,true,true,horizontal,true,keyword,true,true,false,,false,false,false,true,category_list,true,true,,true,false,,false,false,false,,fair,low,low,[bread] くらし・環境; [hub] category list for daily life; [local_nav] subcategories; [a11y] footer accessibility policy,,
S0009,栃木県,栃木県,prefecture,unknown,article,https://www.pref.tochigi.lg.jp/c05/pref/kouhou/kouhoushi/424-5.html,2026-02-15T22:30:00+09:00,200,https://www.pref.tochigi.lg.jp/c05/pref/kouhou/kouhoushi/424-5.html,とちぎ県民だより2月号 - 栃木県,ja,custom,pref_standard,false,true,true,horizontal,true,keyword,true,false,false,,false,false,false,false,,true,true,,true,false,,true,false,true,pdf,good,low,low,[bread] 県政>広報>県民だより; [article] 2月号〔鬼怒川〕2026-02-01更新; newsletter distributed as newspaper insert; [a11y] footer link,,
S0010,群馬県,群馬県,prefecture,unknown,top,https://www.pref.gunma.jp/,2026-02-15T22:30:00+09:00,200,https://www.pref.gunma.jp/,群馬県ホームページ トップページ,ja,custom;ReadSpeaker;UserLocal,pref_standard,false,true,true,horizontal,true,keyword_filter,false,false,true,volcano+bear,true,false,true,false,,true,false,,true,false,,false,false,false,,fair,low,low,[nav] 7 categories(ぐんまの魅力+防災+健康+くらし+子育て+しごと+県政DX); [search] keyword with filter(all/pages/PDF); [chatbot] UserLocal widget; [emergency] 草津白根山+浅間山+クマ出没マップ; [lang] 8 languages(en+zh-cn+zh-tw+ko+pt+es+vi+ja); [a11y] ReadSpeaker音声読み上げ; Slick carousel,,
S0010,群馬県,群馬県,prefecture,unknown,contact,https://www.pref.gunma.jp/page/5650.html,2026-02-15T22:30:00+09:00,200,https://www.pref.gunma.jp/page/5650.html,各部局等問い合わせ - 群馬県,ja,custom;ReadSpeaker;UserLocal,pref_standard,false,true,true,horizontal,true,keyword_filter,true,false,false,,false,false,false,false,,true,false,,true,false,,false,false,false,,good,low,low,[bread] 組織>県民活動支援・広聴課>各部局等問い合わせ; [contact] 16+ departments in table format; email masked as images; [sns] Twitter+Facebook+LINE sharing; 027-223-1111 representative,,
S0010,群馬県,群馬県,prefecture,unknown,service,https://www.pref.gunma.jp/page/1790.html,2026-02-15T22:30:00+09:00,200,https://www.pref.gunma.jp/page/1790.html,〔児童手当〕 - 群馬県,ja,custom;ReadSpeaker;UserLocal,pref_standard,false,true,true,horizontal,true,keyword_filter,true,true,false,,false,false,false,false,,true,false,,true,false,,false,false,false,,good,low,low,[bread] こども・子育て支援課>児童手当; R6.10改正: 所得制限撤廃; 0-18歳; 偶数月年6回支給; 市区町村窓口で手続き,,
S0010,群馬県,群馬県,prefecture,unknown,hub,https://www.pref.gunma.jp/site/kurashi/,2026-02-15T22:30:00+09:00,200,https://www.pref.gunma.jp/site/kurashi/,くらし・環境 - 群馬県,ja,custom;ReadSpeaker;UserLocal,pref_standard,false,true,true,horizontal,true,keyword_filter,true,true,false,,false,false,false,true,category_list,true,false,,true,false,,false,false,false,,fair,low,low,[hub] くらし・環境・グリーンイノベーション category page; [chatbot] UserLocal available; [lang] 8 languages,,
S0010,群馬県,群馬県,prefecture,unknown,article,https://www.pref.gunma.jp/site/gunmakouhou/,2026-02-15T22:30:00+09:00,200,https://www.pref.gunma.jp/site/gunmakouhou/,ぐんま広報 - 群馬県,ja,custom;ReadSpeaker;UserLocal,pref_standard,false,true,true,horizontal,true,keyword_filter,true,false,false,,false,false,false,false,,true,false,,true,false,,true,false,true,pdf+ebook,good,low,low,[bread] メディアプロモーション課>ぐんま広報; [article] No.441 2026-02-01発行; PDF+電子書籍版; [chatbot] UserLocal; archive page with monthly issues,,
S0011,埼玉県,埼玉県,prefecture,unknown,top,https://www.pref.saitama.lg.jp/,2026-02-15T22:30:00+09:00,200,https://www.pref.saitama.lg.jp/,埼玉県公式ホームページ,ja,custom;GTM(GTM-T855884);ReadSpeaker,pref_standard,false,true,true,horizontal,true,keyword+page_number,false,false,true,road_collapse,true,false,true,false,,true,true,/a0301/accessibility.html,true,false,,false,false,false,,fair,low,low,[nav] 6 categories(くらし+健康+しごと+文化+県政+統計); [search] keyword+page_number+ReadSpeaker+furigana; [sns] LINE+X+Instagram+Facebook+YouTube; [emergency] 八潮市道路陥没通行止め; [a11y] ウェブアクセシビリティ footer link; [lang] Foreign Language,,
S0011,埼玉県,埼玉県,prefecture,unknown,contact,https://www.pref.saitama.lg.jp/kense/kocho/sodan/index.html,2026-02-15T22:30:00+09:00,200,https://www.pref.saitama.lg.jp/kense/kocho/sodan/index.html,各種相談窓口 - 埼玉県,ja,custom;GTM(GTM-T855884);ReadSpeaker,pref_standard,false,true,true,horizontal,true,keyword+page_number,true,true,false,,false,false,false,false,,true,true,/a0301/accessibility.html,true,false,,false,false,false,,good,low,low,[bread] 県政>広聴>各種相談窓口; [contact] consultation directory by category; [a11y] accessibility link,,
S0011,埼玉県,埼玉県,prefecture,unknown,service,https://www.pref.saitama.lg.jp/a0607/teatekodomo.html,2026-02-15T22:30:00+09:00,200,https://www.pref.saitama.lg.jp/a0607/teatekodomo.html,児童手当 - 埼玉県,ja,custom;GTM(GTM-T855884);ReadSpeaker,pref_standard,false,true,true,horizontal,true,keyword+page_number,true,true,false,,false,false,false,false,,true,true,/a0301/accessibility.html,true,false,,false,false,false,,good,low,low,[bread] 子ども福祉>児童手当; 0-18歳 月10000-30000円; 市区町村窓口で申請; 公務員は所属庁で手続き,,
S0011,埼玉県,埼玉県,prefecture,unknown,hub,https://www.pref.saitama.lg.jp/kurashi/index.html,2026-02-15T22:30:00+09:00,200,https://www.pref.saitama.lg.jp/kurashi/index.html,くらし・環境 - 埼玉県,ja,custom;GTM(GTM-T855884);ReadSpeaker,pref_standard,false,true,true,horizontal,true,keyword+page_number,true,true,false,,false,false,false,true,category_list,true,true,/a0301/accessibility.html,true,false,,false,false,false,,fair,low,low,[hub] くらし・環境 category landing; [a11y] accessibility link; ReadSpeaker+furigana available,,
S0011,埼玉県,埼玉県,prefecture,unknown,article,https://www.pref.saitama.lg.jp/a0314/sainokuni/index.html,2026-02-15T22:30:00+09:00,200,https://www.pref.saitama.lg.jp/a0314/sainokuni/index.html,広報紙「彩の国だより」 - 埼玉県,ja,custom;GTM(GTM-T855884);ReadSpeaker,pref_standard,false,true,true,horizontal,true,keyword+page_number,true,false,false,,false,false,false,false,,true,true,/a0301/accessibility.html,true,false,,true,false,true,pdf,good,low,low,[bread] 県政>広報>彩の国だより; newspaper insert; 2月号(2026-02-01配布予定); [a11y] accessibility link; archive page,,
S0012,千葉県,千葉県,prefecture,unknown,top,https://www.pref.chiba.lg.jp/,2026-02-15T22:30:00+09:00,200,https://www.pref.chiba.lg.jp/,千葉県ホームページ,ja,custom;jQuery,pref_standard,false,true,true,horizontal,true,keyword+page_number,false,false,false,,true,false,true,false,,true,false,,true,false,,false,false,false,,fair,low,low,[nav] 6 categories(くらし+教育+しごと+環境+県政+防災); [search] keyword+page_number; [chatbot] 福祉相談サポット+土砂災害AIチャットボット; [faq] よくある質問; [lang] Foreign Languages; [sns] ソーシャルメディア; Slick carousel; tab-based UI,,
S0012,千葉県,千葉県,prefecture,unknown,contact,https://www.pref.chiba.lg.jp/soudan-toiawase/soudan/index.html,2026-02-15T22:30:00+09:00,200,https://www.pref.chiba.lg.jp/soudan-toiawase/soudan/index.html,相談・問い合わせ窓口／千葉県,ja,custom;jQuery,pref_standard,false,true,true,horizontal,true,keyword+page_number,true,true,false,,false,false,false,false,,true,false,,true,false,,false,false,false,,good,low,low,[bread] 相談・問い合わせ>相談窓口; [contact] 6 sector directory(しごと+県政+くらし+環境+教育+防災); keyword+org search; 意見投書ポータルあり,,
S0012,千葉県,千葉県,prefecture,unknown,service,https://www.pref.chiba.lg.jp/kosodate/kodomoteate1.html,2026-02-15T22:30:00+09:00,200,https://www.pref.chiba.lg.jp/kosodate/kodomoteate1.html,児童手当について／千葉県,ja,custom;jQuery,pref_standard,false,true,true,horizontal,true,keyword+page_number,true,true,false,,false,false,false,false,,true,false,,true,false,,false,false,false,,good,low,low,[bread] 子育て>児童手当; 0-18歳; 偶数月年6回支給; 市区町村窓口で手続き; 0-3歳15000円/30000円(3子以降),,
S0012,千葉県,千葉県,prefecture,unknown,hub,https://www.pref.chiba.lg.jp/cate/kt/kurashi/index.html,2026-02-15T22:30:00+09:00,200,https://www.pref.chiba.lg.jp/cate/kt/kurashi/index.html,くらし・福祉・健康／千葉県,ja,custom;jQuery,pref_standard,false,true,true,horizontal,true,keyword+page_number,true,true,false,,false,false,false,true,category_list,true,false,,true,false,,false,false,false,,fair,low,low,[hub] くらし・福祉・健康 category landing; tab-based UI; subcategory navigation,,
S0012,千葉県,千葉県,prefecture,unknown,article,https://www.pref.chiba.lg.jp/kouhou/kenmindayori/r8/index.html,2026-02-15T22:30:00+09:00,200,https://www.pref.chiba.lg.jp/kouhou/kenmindayori/r8/index.html,ちば県民だより 令和8年／千葉県,ja,custom;jQuery,pref_standard,false,true,true,horizontal,true,keyword+page_number,true,false,false,,false,false,false,false,,true,false,,true,false,,true,false,true,pdf+web,good,low,low,[bread] 広報>ちば県民だより>令和8年; [article] 2026年度 annual archive; 1月号掲載済; PDF+web versions; newspaper insert; [chatbot] available,,
S0014,神奈川県,神奈川県,prefecture,unknown,top,https://www.pref.kanagawa.jp/,2026-02-15T22:30:00+09:00,200,https://www.pref.kanagawa.jp/,神奈川県ホームページ,ja,custom,pref_standard,false,true,true,horizontal,true,multi_method,false,false,false,,true,false,false,false,,true,false,,true,false,,false,false,false,,fair,low,low,[nav] 防災・緊急+選んで探す+分類+組織+マイトピック; [search] multi-method(keyword+category+org+MyTopic); [faq] 困ったとき知りたいとき; [a11y] 読み上げ/ふりがな+手話電話リレーサービス; [lang] Translate; [emergency] 情報なし; 災害情報ポータル,,
S0014,神奈川県,神奈川県,prefecture,unknown,contact,https://www.pref.kanagawa.jp/docs/rb2/cnt/f7246/,2026-02-15T22:30:00+09:00,200,https://www.pref.kanagawa.jp/docs/rb2/cnt/f7246/,県庁ダイヤルイン電話番号簿 - 神奈川県,ja,custom,pref_standard,false,true,true,horizontal,true,multi_method,true,false,false,,false,false,false,false,,true,false,,true,false,,false,false,false,,good,low,low,[bread] 県庁ダイヤルイン; [contact] phone directory for all departments; 代表045-210-1111; [a11y] 読み上げ/ふりがな,,
S0014,神奈川県,神奈川県,prefecture,unknown,service,https://www.pref.kanagawa.jp/docs/he8/faq/p3135.html,2026-02-15T22:30:00+09:00,200,https://www.pref.kanagawa.jp/docs/he8/faq/p3135.html,児童手当を受けるには - 神奈川県,ja,custom,pref_standard,false,true,true,horizontal,true,multi_method,true,true,false,,false,false,false,false,,true,false,,true,false,,false,false,false,,good,low,low,[bread] FAQ>児童手当; 高校生年代まで拡大; 3子以降月30000円に増額; 市区町村窓口で手続き,,
S0014,神奈川県,神奈川県,prefecture,unknown,hub,https://www.pref.kanagawa.jp/menu/1/index.html,2026-02-15T22:30:00+09:00,200,https://www.pref.kanagawa.jp/menu/1/index.html,分類から探す - 神奈川県,ja,custom,pref_standard,false,true,true,horizontal,true,multi_method,true,true,false,,false,false,false,true,category_list,true,false,,true,false,,false,false,false,,fair,low,low,[hub] 分類から探す landing; category directory; [a11y] 読み上げ/ふりがな,,
S0014,神奈川県,神奈川県,prefecture,unknown,article,https://www.pref.kanagawa.jp/tayori/2602/page1-01.html,2026-02-15T22:30:00+09:00,200,https://www.pref.kanagawa.jp/tayori/2602/page1-01.html,県のたより2月号1面 - 神奈川県,ja,custom,pref_standard,false,true,true,horizontal,true,multi_method,true,false,false,,false,false,false,false,,true,false,,true,false,,true,false,true,pdf,good,low,low,[bread] 電子県庁>県政>全県広報>県のたより; [article] 2月号 2026-02-01更新; [attachments] PDF全体5.7MB+企画面4.3MB+お知らせ2.0MB; topics: 撲滅！かながわ宣言(悪質商法対策); 立川晴の輔ナビゲーター,,
S0093,埼玉県,さいたま市,municipality,A,top,https://www.city.saitama.lg.jp/,2026-02-15T22:30:00+09:00,200,https://www.city.saitama.lg.jp/,さいたま市ホームページ,ja,custom;KanaboVoice;KanaboWeb;GA(G-85XW4PMRB3);UserLocal,designated_city,false,true,true,horizontal,true,keyword,false,false,false,,true,false,true,false,,true,true,,true,false,,false,false,false,,fair,low,low,[nav] 6 categories(暮らし+健康+子育て+観光+事業者+市政); [search] keyword with popular terms; [chatbot] UserLocal; [sns] X+Facebook+LINE+Instagram+YouTube; [faq] /faq/; [a11y] アクセシビリティポリシー; [lang] Language; KanaboVoice+KanaboWeb; 301 redirect .jp→.lg.jp; さいたまマラソン中止(積雪),,
S0093,埼玉県,さいたま市,municipality,A,contact,https://www.city.saitama.lg.jp/006/012/001/007/p032903.html,2026-02-15T22:30:00+09:00,200,https://www.city.saitama.lg.jp/006/012/001/007/p032903.html,市役所の窓口案内 - さいたま市,ja,custom;KanaboVoice;KanaboWeb;GA(G-85XW4PMRB3);UserLocal,designated_city,false,true,true,horizontal,true,keyword,true,true,false,,false,false,false,false,,true,true,,true,false,,false,false,false,,good,low,low,[bread] 市政>市プロフィール>窓口案内; [contact] bureau-level directory with phone/fax; 代表048-829-1111; furigana+voice reading; [a11y] skip link+font+color adjustment,,
S0093,埼玉県,さいたま市,municipality,A,service,https://www.city.saitama.lg.jp/007/001/003/p017220.html,2026-02-15T22:30:00+09:00,200,https://www.city.saitama.lg.jp/007/001/003/p017220.html,児童手当 - さいたま市,ja,custom;KanaboVoice;KanaboWeb;GA(G-85XW4PMRB3);UserLocal,designated_city,false,true,true,horizontal,true,keyword,true,true,false,,false,false,false,false,,true,true,,true,false,,false,false,true,pdf,good,low,low,[bread] ライフイベント>妊娠出産>児童手当; 0-18歳 月10000-30000円; 偶数月10日支給; 区支援課+マイナポータル+郵送; R6.10所得制限撤廃; [attachments] 6 PDF forms,,
S0093,埼玉県,さいたま市,municipality,A,hub,https://www.city.saitama.lg.jp/kurashi/index.html,2026-02-15T22:30:00+09:00,200,https://www.city.saitama.lg.jp/kurashi/index.html,暮らし・手続き - さいたま市,ja,custom;KanaboVoice;KanaboWeb;GA(G-85XW4PMRB3);UserLocal,designated_city,false,true,true,horizontal,true,keyword,true,true,false,,false,false,false,true,category_list,true,true,,true,false,,false,false,false,,fair,low,low,[hub] 暮らし・手続き category landing; [chatbot] UserLocal; [a11y] アクセシビリティポリシー; KanaboVoice; designated city hub,,
S0093,埼玉県,さいたま市,municipality,A,article,https://www.city.saitama.lg.jp/006/014/010/001/index.html,2026-02-15T22:30:00+09:00,200,https://www.city.saitama.lg.jp/006/014/010/001/index.html,市報さいたま - さいたま市,ja,custom;KanaboVoice;KanaboWeb;GA(G-85XW4PMRB3);UserLocal,designated_city,false,true,true,horizontal,true,keyword,true,false,false,,false,false,false,false,,true,true,,true,false,,true,false,true,pdf,good,low,low,[bread] 市政>広報>市報さいたま; [article] 2月号+市報さいたまプラス2月号; archive page; PDF versions; [chatbot] UserLocal; designated city newsletter,,
S0094,千葉県,千葉市,municipality,A,top,https://www.city.chiba.jp/,2026-02-15T23:30:00+09:00,200,https://www.city.chiba.jp/,千葉市：公式サイトトップページ,ja,custom;Google_CSE,custom_municipal,true,true,true,horizontal,true,google_cse,false,false,false,,true,true,true,true,audience_segment,true,true,/front/accessibility.html,true,false,,false,false,false,,fair,low,low,[nav] 7 categories(防災+くらし+健康+子育て+しごと+市政+まちづくり); [search] Google CSE; [carousel] banner slider; [hub_cards] audience segments(市民+子育て+高齢者+事業者); [a11y] ウェブアクセシビリティ+音声読み上げ+ふりがな+文字サイズ; [chatbot] AIチャットボット; [sns] X+Facebook+LINE+Instagram+YouTube; [lang] やさしい日本語+Foreign Language,,
S0094,千葉県,千葉市,municipality,A,contact,https://www.city.chiba.jp/front/otoiawase.html,2026-02-15T23:30:00+09:00,200,https://www.city.chiba.jp/front/otoiawase.html,ご意見・お問い合わせ,ja,custom;Google_CSE,custom_municipal,true,true,true,horizontal,true,google_cse,true,false,false,,false,false,false,false,,true,true,/front/accessibility.html,true,true,web_form,true,false,false,,fair,low,low,[bread] ホーム>ご意見・お問い合わせ; [contact] コールセンター043-245-4894; FAX043-248-4894; 平日8:30-18:00; [form] web inquiry form; [chatbot] AIチャットボット; [mayor] 市長への手紙; [topics] ごみ相談043-204-5380+粗大ごみ043-302-5374,,
S0094,千葉県,千葉市,municipality,A,service,https://www.city.chiba.jp/kodomomirai/kodomomirai/kikaku/jidouteate.html,2026-02-15T23:30:00+09:00,200,https://www.city.chiba.jp/kodomomirai/kodomomirai/kikaku/jidouteate.html,千葉市：児童手当,ja,custom;Google_CSE,custom_municipal,true,true,true,horizontal,true,google_cse,true,true,false,,false,false,false,false,,true,true,/front/accessibility.html,true,false,,true,false,false,,good,low,low,[bread] ホーム>子育て・教育>児童手当; [service] 高校生年代まで支給; 偶数月13日振込; 所得上限あり; [contact] こども企画課; [local_nav] こども未来部関連リンク; [meta] update date,,
S0094,千葉県,千葉市,municipality,A,hub,https://www.city.chiba.jp/kurashi/index.html,2026-02-15T23:30:00+09:00,200,https://www.city.chiba.jp/kurashi/index.html,千葉市：くらし・手続き,ja,custom;Google_CSE,custom_municipal,true,true,true,horizontal,true,google_cse,true,true,false,,false,false,false,true,card_grid,true,true,/front/accessibility.html,true,false,,false,false,false,,fair,low,low,[bread] ホーム>くらし・手続き; [hub_cards] card grid for categories; [categories] 届出・証明+税+保険+住まい+ごみ+防災+相談+交通 etc.; hierarchical navigation,,
S0094,千葉県,千葉市,municipality,A,article,https://www.city.chiba.jp/sogoseisaku/shichokoshitsu/kohokocho/saishingou.html,2026-02-15T23:30:00+09:00,200,https://www.city.chiba.jp/sogoseisaku/shichokoshitsu/kohokocho/saishingou.html,ちば市政だより,ja,custom;Google_CSE,custom_municipal,true,true,true,horizontal,true,google_cse,true,true,false,,false,false,false,false,,true,true,/front/accessibility.html,true,false,,true,true,false,,fair,low,low,[bread] ホーム>市政全般>広報>ちば市政だより; [article] 毎月1日発行; 全市版+区版(6区); [toc] 最新号+バックナンバー+配布方法; [a11y] 点字版+音声CD+テキスト版対応; [meta] 2026-01-22更新,,
S0096,神奈川県,川崎市,municipality,A,top,https://www.city.kawasaki.jp/,2026-02-15T23:30:00+09:00,200,https://www.city.kawasaki.jp/,川崎市公式ウェブサイト,ja,custom;GTM;ReadSpeaker,custom_municipal,true,true,true,mega_menu,true,site_search,false,false,false,,true,true,true,true,icon_grid,true,true,,true,false,,false,false,false,,fair,low,low,[nav] mega_menu with hamburger toggle メニュー; 6 categories(くらし+こども+魅力+事業者+市政+防災)+7区; [search] site_search; [carousel] banner prev/next; [hub_cards] icon+text grid; [chatbot] AIチャットボット; [sns] X+YouTube+Instagram+LINE; [lang] 9 languages(EN+CN+KR+PT+ES+TL+VI+やさしい日本語); [a11y] ReadSpeaker+ふりがな+文字サイズ+色変更,,
S0096,神奈川県,川崎市,municipality,A,contact,https://www.city.kawasaki.jp/main/site_policy/0000000030.html,2026-02-15T23:30:00+09:00,200,https://www.city.kawasaki.jp/main/site_policy/0000000030.html,お問い合わせ,ja,custom;GTM;ReadSpeaker,custom_municipal,true,true,true,mega_menu,true,site_search,true,true,false,,false,false,false,false,,true,true,,true,false,,true,false,false,,fair,low,low,[bread] トップ>お問い合わせ; [contact] サンキューコールかわさき044-200-3939 8am-9pm年中無休; 市役所代表044-200-2111; [methods] 電話+FAX+メール+郵送; [chatbot] AI; [FAQ] link; [local_nav] 6 categories+7区; [lang] 9 languages対応,,
S0096,神奈川県,川崎市,municipality,A,service,https://www.city.kawasaki.jp/450/page/0000030462.html,2026-02-15T23:30:00+09:00,200,https://www.city.kawasaki.jp/450/page/0000030462.html,川崎市：児童手当,ja,custom;GTM;ReadSpeaker,custom_municipal,true,true,true,mega_menu,true,site_search,true,true,false,,false,false,false,false,,true,true,,true,false,,true,false,false,,good,low,low,[bread] トップ>こども・子育て>手当; [service] 高校生年代まで; 偶数月14日振込; 区役所区民課で申請; [contact] こども未来局こども支援部こども家庭課; [meta] update date,,
S0096,神奈川県,川崎市,municipality,A,hub,https://www.city.kawasaki.jp/kurashi/category/15-0-0-0-0-0-0-0-0-0.html,2026-02-15T23:30:00+09:00,200,https://www.city.kawasaki.jp/kurashi/category/15-0-0-0-0-0-0-0-0-0.html,くらし・総合,ja,custom;GTM;ReadSpeaker,custom_municipal,true,true,true,mega_menu,true,site_search,true,true,false,,false,false,false,true,card_grid,true,true,,true,false,,false,false,false,,fair,low,low,[bread] トップ>くらし・総合; [hub_cards] card grid categories; [categories] 届出+税+保険+住まい+ごみ+水道+交通+相談 etc.; [local_nav] subcategory tree,,
S0096,神奈川県,川崎市,municipality,A,article,https://www.city.kawasaki.jp/shisei/category/50-1-0-0-0-0-0-0-0-0.html,2026-02-15T23:30:00+09:00,200,https://www.city.kawasaki.jp/shisei/category/50-1-0-0-0-0-0-0-0-0.html,市政だより,ja,custom;GTM;ReadSpeaker,custom_municipal,true,true,true,mega_menu,true,site_search,true,true,false,,false,false,false,false,,true,true,,true,false,,true,true,false,,fair,low,low,[bread] トップ>市政情報>広報>市政だより; [article] かわさき市政だより 毎月1日発行; 全市版+7区版; [toc] 最新号+バックナンバー; [meta] section index page,,
S0097,神奈川県,相模原市,municipality,A,top,https://www.city.sagamihara.kanagawa.jp/,2026-02-15T23:30:00+09:00,200,https://www.city.sagamihara.kanagawa.jp/,相模原市 −未来へつながるまち−,ja,custom,custom_municipal,true,true,true,vertical,false,,false,false,false,,true,true,true,true,icon_grid,true,true,./about/accessibility/accessibility.html,true,false,,false,false,false,,fair,low,low,[nav] vertical nested menu with 閉じる buttons; [no_search] search not visible on top; [carousel] 10 seasonal photos; [hub_cards] ライフイベント 8 categories(妊娠+入園+入学+就職+結婚+引越+退職+おくやみ); [chatbot] しつぎおとうふ; [sns] X(@さがみん); [lang] Google Translate 100+ languages; [a11y] アクセシビリティ方針; [emergency] 現在緊急情報なし,,
S0097,神奈川県,相模原市,municipality,A,contact,https://www.city.sagamihara.kanagawa.jp/shisei/1026875/callcenter/index.html,2026-02-15T23:30:00+09:00,200,https://www.city.sagamihara.kanagawa.jp/shisei/1026875/callcenter/index.html,相模原市コールセンター（ちょっとおしえてコール相模原）,ja,custom,custom_municipal,true,true,true,vertical,false,,true,true,false,,false,false,false,false,,true,true,./about/accessibility/accessibility.html,true,true,web_form,true,false,false,,good,low,low,[bread] トップ>市政情報>広報・広聴>コールセンター; [contact] 042-770-7777 8am-9pm年中無休; [form] FAX用紙PDF+webフォーム(3日以内回答); [sns] Twitter+Facebook+LINE share; [chatbot] FAQ検索; [meta] ページ番号1000104,,
S0097,神奈川県,相模原市,municipality,A,service,https://www.city.sagamihara.kanagawa.jp/kosodate/1026602/kosodate/1026606/teate_josei/1006643/index.html,2026-02-15T23:30:00+09:00,200,https://www.city.sagamihara.kanagawa.jp/kosodate/1026602/kosodate/1026606/teate_josei/1006643/index.html,児童手当について,ja,custom,custom_municipal,true,true,true,vertical,false,,true,true,false,,false,false,false,false,,true,true,./about/accessibility/accessibility.html,true,false,,true,false,false,,good,low,low,[bread] トップ>子育て・教育>手当・助成>児童手当; [service] 高校生年代まで; 偶数月15日振込; 各区市民課で申請; 外国人住民登録者も対象; [contact] 子育て給付課; [meta] update date,,
S0097,神奈川県,相模原市,municipality,A,hub,https://www.city.sagamihara.kanagawa.jp/kurashi/index.html,2026-02-15T23:30:00+09:00,200,https://www.city.sagamihara.kanagawa.jp/kurashi/index.html,くらし・手続き,ja,custom,custom_municipal,true,true,true,vertical,false,,true,true,false,,false,false,false,true,card_grid,true,true,./about/accessibility/accessibility.html,true,false,,false,false,false,,fair,low,low,[bread] トップ>くらし・手続き; [hub_cards] card grid categories; [categories] 届出+税+保険+年金+住まい+ごみ+防災+交通 etc.; hierarchical navigation,,
S0097,神奈川県,相模原市,municipality,A,article,https://www.city.sagamihara.kanagawa.jp/shisei/1026875/koho/koho_sagamihara/index.html,2026-02-15T23:30:00+09:00,200,https://www.city.sagamihara.kanagawa.jp/shisei/1026875/koho/koho_sagamihara/index.html,広報さがみはら,ja,custom,custom_municipal,true,true,true,vertical,false,,true,true,false,,false,false,false,false,,true,true,./about/accessibility/accessibility.html,true,false,,true,true,false,,fair,low,low,[bread] トップ>市政情報>広報>広報さがみはら; [article] 毎月1日+15日発行(月2回); [toc] 最新号+バックナンバー; [app] マイ広報さがみはら; [meta] section index page,,
S0098,茨城県,水戸市,municipality,B,top,https://www.city.mito.lg.jp/,2026-02-15T23:30:00+09:00,200,https://www.city.mito.lg.jp/,水戸市ホームページ,ja,custom;Google_CSE,custom_municipal,true,true,true,horizontal,true,google_cse+page_id,false,false,false,,true,true,true,true,card_grid,true,false,,true,false,,false,false,false,,fair,low,low,[nav] horizontal categories(暮らし+健康+文化+観光+産業+市政); [search] dual(Googleカスタム検索+ページID検索); [carousel] front slideshow; [hub_cards] card_grid 6 main sections; [pickup] 注目ワード; [news] 重要なお知らせ; [footer] 029-224-1111; [disaster] もしものときは link,,
S0098,茨城県,水戸市,municipality,B,contact,https://www.city.mito.lg.jp/page/3169.html,2026-02-15T23:30:00+09:00,200,https://www.city.mito.lg.jp/page/3169.html,市の窓口（届出・手続きなど）,ja,custom;Google_CSE,custom_municipal,true,true,true,horizontal,true,google_cse+page_id,true,true,false,,false,false,false,false,,true,false,,true,false,,true,false,false,,good,low,low,[bread] トップ>市政>庁舎案内・窓口>市の窓口; [contact] 029-224-1111 月-金8:30-17:15; 中央1-4-1; 出張所3か所; 水曜延長窓口あり; [layout] tables listing branch locations+services; [sns] Twitter+Facebook+LINE share; [meta] ページID:0003169,,
S0098,茨城県,水戸市,municipality,B,service,https://www.city.mito.lg.jp/site/shinsei/3421.html,2026-02-15T23:30:00+09:00,200,https://www.city.mito.lg.jp/site/shinsei/3421.html,児童手当制度のご案内,ja,custom;Google_CSE,custom_municipal,true,true,true,horizontal,true,google_cse+page_id,true,true,false,,false,false,false,false,,true,false,,true,false,,true,false,false,,good,low,low,[bread] トップ>申請・手続きナビ>児童手当; [service] 高校生年代まで; 偶数月振込; 所得上限あり; [contact] こども政策課; [meta] 申請・手続きナビ内,,
S0098,茨城県,水戸市,municipality,B,hub,https://www.city.mito.lg.jp/life/1/6/,2026-02-15T23:30:00+09:00,200,https://www.city.mito.lg.jp/life/1/6/,暮らし・手続き,ja,custom;Google_CSE,custom_municipal,true,true,true,horizontal,true,google_cse+page_id,true,true,false,,false,false,false,true,card_grid,true,false,,true,false,,false,false,false,,fair,low,low,[bread] トップ>分類からさがす>暮らし・手続き; [hub_cards] card grid subcategories; [categories] 届出+証明+税+保険+年金+住まい+ごみ+防災 etc.; hierarchical text+card,,
S0098,茨城県,水戸市,municipality,B,article,https://www.city.mito.lg.jp/site/kouhoumito/,2026-02-15T23:30:00+09:00,200,https://www.city.mito.lg.jp/site/kouhoumito/,広報みと,ja,custom;Google_CSE,custom_municipal,true,true,true,horizontal,true,google_cse+page_id,true,true,false,,false,false,false,false,,true,false,,true,false,,true,true,false,,fair,low,low,[bread] トップ>広報みと; [article] 毎月1日号(カラー16p)+15日号(2色16p); [toc] 最新号+バックナンバー; [a11y] 音声版+電子書籍(ibaraki e-books)+マチイロ; [meta] section index page,,
S0099,栃木県,宇都宮市,municipality,B,top,https://www.city.utsunomiya.tochigi.jp/,2026-02-15T23:30:00+09:00,200,https://www.city.utsunomiya.lg.jp/,宇都宮市公式Webサイト,ja,custom,custom_municipal,true,true,true,horizontal,true,keyword,false,false,false,,true,true,true,true,icon_grid,true,true,./about/webaccessibility/index.html,true,false,,false,false,false,,fair,low,low,[SSL] .tochigi.jp cert expired→.lg.jp accessible; [nav] hierarchical categories(暮らし+子育て+健康+産業+まちづくり+市政); [search] keyword+注目ワード; [carousel] LRT photos+施策; [hub_cards] こんなときには icon grid life events; [sns] LINE+X+Instagram+YouTube; [a11y] ウェブアクセシビリティ+ReadSpeaker+ふりがな+やさしい日本語+文字サイズ色変更; [footer] 028-632-2222; [emergency] 現在緊急情報なし,,
S0099,栃木県,宇都宮市,municipality,B,contact,https://www.city.utsunomiya.lg.jp/shisei/kikou/soshiki/1007543.html,2026-02-15T23:30:00+09:00,200,https://www.city.utsunomiya.lg.jp/shisei/kikou/soshiki/1007543.html,広報広聴課,ja,custom,custom_municipal,true,true,true,horizontal,true,keyword,true,true,false,,false,false,false,false,,true,true,./about/webaccessibility/index.html,true,false,,true,false,false,,fair,low,low,[bread] トップ>市政情報>機構>広報広聴課; [contact] 028-632-2022; 市代表028-632-2222(24h年中無休コールセンター); [dept] 広報広聴課=広報+SNS+市民の声管理; [meta] department page,,
S0099,栃木県,宇都宮市,municipality,B,service,https://www.city.utsunomiya.tochigi.jp/kurashi/kosodate/teate/1004097.html,2026-02-15T23:30:00+09:00,200,https://www.city.utsunomiya.tochigi.jp/kurashi/kosodate/teate/1004097.html,児童手当,ja,custom,custom_municipal,true,true,true,horizontal,true,keyword,true,true,false,,false,false,false,false,,true,true,./about/webaccessibility/index.html,true,false,,true,false,false,,good,low,low,[bread] トップ>暮らし>子育て>手当>児童手当; [service] 高校生年代まで; 偶数月15日振込; 電子申請(マイナンバーカード); [contact] 子ども未来課; [meta] update date,,
S0099,栃木県,宇都宮市,municipality,B,hub,https://www.city.utsunomiya.tochigi.jp/kurashi/index.html,2026-02-15T23:30:00+09:00,200,https://www.city.utsunomiya.tochigi.jp/kurashi/index.html,暮らし・手続き,ja,custom,custom_municipal,true,true,true,horizontal,true,keyword,true,true,false,,false,false,false,true,card_grid,true,true,./about/webaccessibility/index.html,true,false,,false,false,false,,fair,low,low,[bread] トップ>暮らし・手続き; [hub_cards] card grid categories; [categories] 届出+税+保険+住まい+ごみ+防災+相談+交通 etc.; hierarchical navigation,,
S0099,栃木県,宇都宮市,municipality,B,article,https://www.city.utsunomiya.lg.jp/shisei/koho/kohoutsunomiya/1021369/1044206.html,2026-02-15T23:30:00+09:00,200,https://www.city.utsunomiya.lg.jp/shisei/koho/kohoutsunomiya/1021369/1044206.html,広報うつのみや2026年2月号（No1799）,ja,custom,custom_municipal,true,true,true,horizontal,true,keyword,true,true,false,,false,false,false,false,,true,true,./about/webaccessibility/index.html,true,false,,true,false,true,pdf,good,low,low,[bread] トップ>市政情報>広報>バックナンバー; [article] No.1799 2026年2月号; [attachments] 19 PDFs(1.1-4.0MB)+テキスト版; [topics] LRT+大谷石+子育て+確定申告; [contact] 広報広聴課028-632-2028; [a11y] ReadSpeaker+ふりがな; [sns] X+Facebook+LINE share,,
S0100,群馬県,前橋市,municipality,B,top,https://www.city.maebashi.gunma.jp/,2026-02-15T23:30:00+09:00,200,https://www.city.maebashi.gunma.jp/,ホーム／前橋市,ja,SMART_CMS,SMART_CMS,true,true,true,horizontal,true,keyword,false,false,true,influenza+election,true,true,true,true,life_event,true,false,,true,false,,false,false,false,,fair,low,low,[cms] SMART CMS; [nav] 6 categories(暮らし+健康+子育て+しごと+まちづくり+市政); [search] keyword; [carousel] banner; [hub_cards] ライフイベント 9 categories(妊娠+入学+就職+結婚+住まい+高齢+障害+おくやみ+健診); [emergency] 大切なお知らせ(インフルエンザ+選挙); [sns] Twitter(@maebashi_anzen)+YouTube+Instagram; [lang] 14 languages; [footer] 027-224-1111,,
S0100,群馬県,前橋市,municipality,B,contact,https://www.city.maebashi.gunma.jp/soshiki/15849.html,2026-02-15T23:30:00+09:00,200,https://www.city.maebashi.gunma.jp/soshiki/15849.html,前橋市の業務内容及び問い合わせ一覧,ja,SMART_CMS,SMART_CMS,true,true,true,horizontal,true,keyword,true,true,false,,false,false,false,false,,true,false,,true,false,,true,false,false,,good,low,low,[bread] ホーム>組織から探す>問い合わせ一覧; [contact] 027-224-1111; 〒371-8601 大手町2-12-1; 平日9:00-17:00; 5支所(大胡+宮城+粕川+富士見); 水道局027-234-5511; 消防本部027-220-4500; [sns] Twitter+Facebook+LINE share; [lang] 13 languages,,
S0100,群馬県,前橋市,municipality,B,service,https://www.city.maebashi.gunma.jp/soshiki/kodomomiraibu/kodomoshien/gyomu/1/5/2/3949.html,2026-02-15T23:30:00+09:00,200,https://www.city.maebashi.gunma.jp/soshiki/kodomomiraibu/kodomoshien/gyomu/1/5/2/3949.html,児童手当についてご案内します,ja,SMART_CMS,SMART_CMS,true,true,true,horizontal,true,keyword,true,true,false,,false,false,false,false,,true,false,,true,false,,true,false,false,,good,low,low,[bread] ホーム>こども未来部>こども支援課>児童手当; [service] 住民基本台帳記載児童対象; 偶数月支給; 年6回; [contact] こども支援課027-220-5701; [meta] update date,,
S0100,群馬県,前橋市,municipality,B,hub,https://www.city.maebashi.gunma.jp/kurashi/index.html,2026-02-15T23:30:00+09:00,200,https://www.city.maebashi.gunma.jp/kurashi/index.html,暮らし・手続き,ja,SMART_CMS,SMART_CMS,true,true,true,horizontal,true,keyword,true,true,false,,false,false,false,true,card_grid,true,false,,true,false,,false,false,false,,fair,low,low,[bread] ホーム>暮らし・手続き; [hub_cards] card grid categories; [categories] 届出+証明+税+保険+年金+住まい+ごみ+防災+相談 etc.,,
S0100,群馬県,前橋市,municipality,B,article,https://www.city.maebashi.gunma.jp/soshiki/somu/hishokohoka/gyomu/8/9489.html,2026-02-15T23:30:00+09:00,200,https://www.city.maebashi.gunma.jp/soshiki/somu/hishokohoka/gyomu/8/9489.html,広報まえばし,ja,SMART_CMS,SMART_CMS,true,true,true,horizontal,true,keyword,true,true,false,,false,false,false,false,,true,false,,true,false,,true,true,false,,fair,low,low,[bread] ホーム>秘書広報課>広報まえばし; [article] 毎月1日発行; 自治会配布+郵便局+コンビニ設置; [toc] 最新号+バックナンバー; [meta] section index page,,
S0101,群馬県,高崎市,municipality,B,top,https://www.city.takasaki.gunma.jp/,2026-02-15T23:30:00+09:00,200,https://www.city.takasaki.gunma.jp/,高崎市公式ホームページ トップページ,ja,custom;Google_CSE,custom_municipal,true,true,true,horizontal,true,google_cse+page_id,false,false,false,,true,true,true,true,card_grid,true,true,/site/userguide/25820.html,true,false,,false,false,false,,fair,low,low,[nav] 7 categories(くらし+健康+子育て+しごと+まちづくり+文化+市政); [search] dual(Googleカスタム検索+ページID検索); [carousel] 6 slides(市街地+白衣大観音+榛名湖); [hub_cards] 目的で探す cards(申請+ごみ+施設); [pickup] 注目情報; [a11y] アクセシビリティへの取り組み+音声読み上げ(ReadSpeaker)+文字サイズ+背景色; [footer] 027-321-1111; [sns] 公式SNSリンク,,
S0101,群馬県,高崎市,municipality,B,contact,https://www.city.takasaki.gunma.jp/page/3822.html,2026-02-15T23:30:00+09:00,200,https://www.city.takasaki.gunma.jp/page/3822.html,市庁舎ダイヤルイン番号,ja,custom;Google_CSE,custom_municipal,true,true,true,horizontal,true,google_cse+page_id,true,true,false,,false,false,false,false,,true,true,/site/userguide/25820.html,true,false,,true,false,false,,good,low,low,[bread] トップ>市政情報>ダイヤルイン番号; [contact] 各課直通番号一覧; 代表027-321-1111; 〒370-8501 高松町35-1; [layout] department phone directory table; [meta] ページID:0003822,,
S0101,群馬県,高崎市,municipality,B,service,https://www.city.takasaki.gunma.jp/page/4101.html,2026-02-15T23:30:00+09:00,200,https://www.city.takasaki.gunma.jp/page/4101.html,児童手当,ja,custom;Google_CSE,custom_municipal,true,true,true,horizontal,true,google_cse+page_id,true,true,false,,false,false,false,false,,true,true,/site/userguide/25820.html,true,false,,true,false,false,,good,low,low,[bread] トップ>子育て・教育>児童手当; [service] 窓口+郵送+電子申請(Pixサービス); こども家庭課; [contact] こども家庭課; [meta] update date,,
S0101,群馬県,高崎市,municipality,B,hub,https://www.city.takasaki.gunma.jp/life/index.html,2026-02-15T23:30:00+09:00,200,https://www.city.takasaki.gunma.jp/life/index.html,くらし,ja,custom;Google_CSE,custom_municipal,true,true,true,horizontal,true,google_cse+page_id,true,true,false,,false,false,false,true,card_grid,true,true,/site/userguide/25820.html,true,false,,false,false,false,,fair,low,low,[bread] トップ>くらし; [hub_cards] card grid categories; [categories] 届出+証明+税+保険+住まい+ごみ+防災+ペット etc.; hierarchical navigation,,
S0101,群馬県,高崎市,municipality,B,article,https://www.city.takasaki.gunma.jp/page/2882.html,2026-02-15T23:30:00+09:00,200,https://www.city.takasaki.gunma.jp/page/2882.html,広報高崎,ja,custom;Google_CSE,custom_municipal,true,true,true,horizontal,true,google_cse+page_id,true,true,false,,false,false,false,false,,true,true,/site/userguide/25820.html,true,false,,true,true,false,,fair,low,low,[bread] トップ>市政情報>広報高崎; [article] 毎月1日発行 PDF+テキスト版; デジタル版15日発行; [toc] 最新号+バックナンバー(5年分); [meta] ページID:0002882,,
S0102,埼玉県,川越市,municipality,B,top,https://www.city.kawagoe.saitama.jp/,2026-02-15T23:45:00+09:00,200,https://www.city.kawagoe.saitama.jp/,川越市,ja,custom,custom_municipal,true,true,true,horizontal,true,ai_search+page_id,false,false,false,,true,true,true,true,icon_grid,false,false,,true,false,,false,false,false,,fair,low,low,[nav] hierarchical accordion 6 categories; [search] AI-powered+ページID検索; [carousel] TOPICS+events+Instagram; [hub_cards] 8 icon grid(申請+施設+ごみ+etc); [sns] X+Facebook+LINE+YouTube; [lang] 100+ translation; [a11y] 伝えるMO(text-to-speech)+文字サイズ色変更; [footer] 049-224-8811; [emergency] 現在緊急情報なし,,
S0102,埼玉県,川越市,municipality,B,contact,https://www.city.kawagoe.saitama.jp/shisei/info/1007964/index.html,2026-02-15T23:45:00+09:00,200,https://www.city.kawagoe.saitama.jp/shisei/info/1007964/index.html,各課の連絡先と業務,ja,custom,custom_municipal,true,true,true,horizontal,true,ai_search+page_id,true,true,false,,false,false,false,false,,false,false,,true,true,web_form,true,false,false,,good,low,low,[bread] トップ>市政情報>各課の連絡先; [contact] 049-224-8811代表; 〒350-8601元町1-3-1; [form] 質問・お問い合わせフォーム; [layout] department directory; [meta] section index,,
S0102,埼玉県,川越市,municipality,B,service,https://www.city.kawagoe.saitama.jp/kosodate/jyosei/1004141/1004144.html,2026-02-15T23:45:00+09:00,200,https://www.city.kawagoe.saitama.jp/kosodate/jyosei/1004141/1004144.html,児童手当,ja,custom,custom_municipal,true,true,true,horizontal,true,ai_search+page_id,true,true,false,,false,false,false,false,,false,false,,true,false,,true,false,false,,good,low,low,[bread] トップ>子育て・教育>手当>児童手当; [service] 高校生年代まで; 大学生年代(22歳)拡充; [contact] こども政策課; [meta] update date,,
S0102,埼玉県,川越市,municipality,B,hub,https://www.city.kawagoe.saitama.jp/kurashi/index.html,2026-02-15T23:45:00+09:00,200,https://www.city.kawagoe.saitama.jp/kurashi/index.html,暮らし・手続き,ja,custom,custom_municipal,true,true,true,horizontal,true,ai_search+page_id,true,true,false,,false,false,false,true,card_grid,false,false,,true,false,,false,false,false,,fair,low,low,[bread] トップ>暮らし・手続き; [hub_cards] card grid categories; hierarchical navigation,,
S0102,埼玉県,川越市,municipality,B,article,https://www.city.kawagoe.saitama.jp/shisei/koho/1009785/1009786/index.html,2026-02-15T23:45:00+09:00,200,https://www.city.kawagoe.saitama.jp/shisei/koho/1009785/1009786/index.html,広報川越,ja,custom,custom_municipal,true,true,true,horizontal,true,ai_search+page_id,true,true,false,,false,false,false,false,,false,false,,true,false,,true,true,false,,fair,low,low,[bread] トップ>市政情報>広報>広報川越; [article] 毎月1日発行; [toc] 年度別バックナンバー; [meta] section index,,
S0103,埼玉県,越谷市,municipality,B,top,https://www.city.koshigaya.saitama.jp/,2026-02-15T23:45:00+09:00,200,https://www.city.koshigaya.saitama.jp/,越谷市公式ホームページ,ja,custom,custom_municipal,true,true,true,horizontal,true,keyword+page_number,false,false,false,,true,true,true,true,icon_grid,true,true,/aboutweb/webaccessibility/index.html,true,false,,false,false,false,,fair,low,low,[nav] 6 categories(いざという時+くらし+子育て+福祉+事業者+市政); [search] dual(キーワード+ページ番号); [carousel] イベント情報 with arrows; [hub_cards] くらしの場面から探す+便利なサービス icon grid; [a11y] ウェブアクセシビリティ; [chatbot] present; [sns] LINE+X+Instagram+YouTube; [lang] multilingual; [footer] 個人情報保護方針+免責事項,,
S0103,埼玉県,越谷市,municipality,B,contact,https://www.city.koshigaya.saitama.jp/shisei/1014758/index.html,2026-02-15T23:45:00+09:00,200,https://www.city.koshigaya.saitama.jp/shisei/1014758/index.html,お問い合わせとよくある質問,ja,custom,custom_municipal,true,true,true,horizontal,true,keyword+page_number,true,true,false,,false,false,false,false,,true,true,/aboutweb/webaccessibility/index.html,true,true,web_form,true,false,false,,good,low,low,[bread] トップ>市政情報>お問い合わせ; [contact] 048-964-2111代表; [form] FAQ+web inquiry; [layout] contact form list; [meta] section index,,
S0103,埼玉県,越谷市,municipality,B,service,https://www.city.koshigaya.saitama.jp/kurashi_shisei/kosodate/teate/koshigaya_contents_2021030113503.html,2026-02-15T23:45:00+09:00,200,https://www.city.koshigaya.saitama.jp/kurashi_shisei/kosodate/teate/koshigaya_contents_2021030113503.html,児童手当 制度のご案内,ja,custom,custom_municipal,true,true,true,horizontal,true,keyword+page_number,true,true,false,,false,false,false,false,,true,true,/aboutweb/webaccessibility/index.html,true,false,,true,false,false,,good,low,low,[bread] トップ>子育て>手当>児童手当; [service] 年6回偶数月10日振込; 出生15日以内申請; [contact] 子ども福祉課(第二庁舎2F); [meta] こしがや子育てネット内,,
S0103,埼玉県,越谷市,municipality,B,hub,https://www.city.koshigaya.saitama.jp/kurashi_shisei/navi/kurashi.html,2026-02-15T23:45:00+09:00,200,https://www.city.koshigaya.saitama.jp/kurashi_shisei/navi/kurashi.html,くらし・手続き,ja,custom,custom_municipal,true,true,true,horizontal,true,keyword+page_number,true,true,false,,false,false,false,true,card_grid,true,true,/aboutweb/webaccessibility/index.html,true,false,,false,false,false,,fair,low,low,[bread] トップ>くらし・手続き; [hub_cards] card grid categories; hierarchical navigation,,
S0103,埼玉県,越谷市,municipality,B,article,https://www.city.koshigaya.saitama.jp/kurashi_shisei/shisei/koho/koho_kosigaya/index.html,2026-02-15T23:45:00+09:00,200,https://www.city.koshigaya.saitama.jp/kurashi_shisei/shisei/koho/koho_kosigaya/index.html,広報こしがや,ja,custom,custom_municipal,true,true,true,horizontal,true,keyword+page_number,true,true,false,,false,false,false,false,,true,true,/aboutweb/webaccessibility/index.html,true,false,,true,true,false,,fair,low,low,[bread] トップ>市政情報>広報>広報こしがや; [article] section index; [toc] 最新号+バックナンバー; [meta] section index,,
S0105,千葉県,船橋市,municipality,B,top,https://www.city.funabashi.lg.jp/,2026-02-15T23:45:00+09:00,200,https://www.city.funabashi.lg.jp/,船橋市公式ホームページ,ja,KanaboWeb,KanaboWeb,true,true,true,horizontal,true,keyword,false,false,true,bousai_musen,true,true,true,true,icon_grid,true,false,,true,false,,false,false,false,,fair,low,low,[cms] KanaboWeb; [nav] icon-based 7 sections; [search] keyword; [carousel] 重要なお知らせ banner; [hub_cards] 目的から探す icon grid; [emergency] 防災無線 broadcast; [sns] X+Instagram+YouTube; [lang] 5 languages; [a11y] ReadSpeaker+文字サイズ+色変更; [footer] 047-436-2111,,
S0105,千葉県,船橋市,municipality,B,contact,https://www.city.funabashi.lg.jp/shisei/soudan/index.html,2026-02-15T23:45:00+09:00,200,https://www.city.funabashi.lg.jp/shisei/soudan/index.html,相談窓口,ja,KanaboWeb,KanaboWeb,true,true,true,horizontal,true,keyword,true,true,false,,false,false,false,false,,true,false,,true,false,,true,false,false,,good,low,low,[bread] トップ>市政>相談窓口; [contact] 047-436-2111代表; [layout] consultation service directory; [meta] section index,,
S0105,千葉県,船橋市,municipality,B,service,https://www.city.funabashi.lg.jp/kodomo/teate/001/p020586.html,2026-02-15T23:45:00+09:00,200,https://www.city.funabashi.lg.jp/kodomo/teate/001/p020586.html,児童手当制度について,ja,KanaboWeb,KanaboWeb,true,true,true,horizontal,true,keyword,true,true,false,,false,false,false,false,,true,false,,true,false,,true,false,false,,good,low,low,[bread] トップ>こども>手当>児童手当; [service] 高校生年代まで; 出生15日以内申請; [contact] 子育て給付課047-436-2316; 窓口=3F+駅前+出張所+電子申請; [meta] update date,,
S0105,千葉県,船橋市,municipality,B,hub,https://www.city.funabashi.lg.jp/kurashi/index.html,2026-02-15T23:45:00+09:00,200,https://www.city.funabashi.lg.jp/kurashi/index.html,くらし・手続き,ja,KanaboWeb,KanaboWeb,true,true,true,horizontal,true,keyword,true,true,false,,false,false,false,true,card_grid,true,false,,true,false,,false,false,false,,fair,low,low,[bread] トップ>くらし・手続き; [hub_cards] card grid categories; hierarchical navigation,,
S0105,千葉県,船橋市,municipality,B,article,https://www.city.funabashi.lg.jp/shisei/kouhou/001/01/p001969.html,2026-02-15T23:45:00+09:00,200,https://www.city.funabashi.lg.jp/shisei/kouhou/001/01/p001969.html,広報ふなばし最新版,ja,KanaboWeb,KanaboWeb,true,true,true,horizontal,true,keyword,true,true,false,,false,false,false,false,,true,false,,true,false,,true,true,true,pdf,fair,low,low,[bread] トップ>市政>広報>広報ふなばし; [article] 毎月1日+15日発行; [toc] 各面リンク; [attachments] PDF; [a11y] テキスト版+マチイロ; [meta] update date,,
S0106,千葉県,柏市,municipality,B,top,https://www.city.kashiwa.lg.jp/,2026-02-15T23:45:00+09:00,200,https://www.city.kashiwa.lg.jp/,柏市｜つづくを、つなぐ。,ja,custom,custom_municipal,true,true,true,horizontal,true,site_search,false,false,true,influenza_alert,true,true,false,true,icon_grid,true,false,,true,false,,false,false,false,,fair,low,low,[nav] 8 categories(防災+くらし+子育て+福祉+まちづくり+産業+市政+施設); [search] site_search+検索方法ヘルプ; [hub_cards] 人気ページ20+緊急+オンライン icon grid; [emergency] インフルエンザ警報発令中; [pickup] 注目情報; [sns] LINE+X+YouTube+Fan×Fun KASHIWA; [footer] 04-7167-1111,,
S0106,千葉県,柏市,municipality,B,contact,https://www.city.kashiwa.lg.jp/soudan/index.html,2026-02-15T23:45:00+09:00,200,https://www.city.kashiwa.lg.jp/soudan/index.html,相談窓口,ja,custom,custom_municipal,true,true,true,horizontal,true,site_search,true,true,false,,false,false,false,false,,true,false,,true,false,,true,false,false,,good,low,low,[bread] トップ>相談窓口; [contact] 04-7167-1111代表; [layout] consultation directory; [meta] section index,,
S0106,千葉県,柏市,municipality,B,service,https://www.city.kashiwa.lg.jp/kodomofukushi/haguhagu/navi/ninshin/shussan/umaretara/jidoteate.html,2026-02-15T23:45:00+09:00,200,https://www.city.kashiwa.lg.jp/kodomofukushi/haguhagu/navi/ninshin/shussan/umaretara/jidoteate.html,児童手当,ja,custom,custom_municipal,true,true,true,horizontal,true,site_search,true,true,false,,false,false,false,false,,true,false,,true,false,,true,false,false,,good,low,low,[bread] はぐはぐ柏>妊娠・出産>児童手当; [service] 18歳3月末まで; 申請翌月分から支給; 15日以内特例あり; [contact] こども福祉課04-7128-9923(本庁舎別館3F); [meta] はぐはぐ柏(子育てサイト)内,,
S0106,千葉県,柏市,municipality,B,hub,https://www.city.kashiwa.lg.jp/kurashi/index.html,2026-02-15T23:45:00+09:00,200,https://www.city.kashiwa.lg.jp/kurashi/index.html,くらし・手続き,ja,custom,custom_municipal,true,true,true,horizontal,true,site_search,true,true,false,,false,false,false,true,card_grid,true,false,,true,false,,false,false,false,,fair,low,low,[bread] トップ>くらし・手続き; [hub_cards] card grid; hierarchical navigation,,
S0106,千葉県,柏市,municipality,B,article,https://www.city.kashiwa.lg.jp/kouhou/index.html,2026-02-15T23:45:00+09:00,200,https://www.city.kashiwa.lg.jp/kouhou/index.html,広報かしわ,ja,custom,custom_municipal,true,true,true,horizontal,true,site_search,true,true,false,,false,false,false,false,,true,false,,true,false,,true,true,false,,fair,low,low,[bread] トップ>広報; [article] section index; [toc] 最新号+バックナンバー; [meta] section index,,
S0107,神奈川県,横須賀市,municipality,B,top,https://www.city.yokosuka.kanagawa.jp/,2026-02-15T23:45:00+09:00,200,https://www.city.yokosuka.kanagawa.jp/,総合トップ｜横須賀市,ja,custom,custom_municipal,true,true,true,horizontal,true,keyword+page_id,false,false,false,,false,true,true,true,card_grid,true,false,,true,false,,false,false,false,,fair,low,low,[nav] horizontal(総合+福祉子育て+観光+事業者+横須賀ライフ+よこすかチャンネル+広報誌); [search] dual(keyword+page_id); [carousel] 5 image slides; [hub_cards] topic cards(福祉+観光+事業者+暮らし); [sns] X+Facebook+LINE+YouTube+Instagram; [lang] Foreign Languages; [a11y] ReadSpeaker+文字サイズ+色変更; [footer] copyright,,
S0107,神奈川県,横須賀市,municipality,B,contact,https://www.city.yokosuka.kanagawa.jp/0535/faq/index.html,2026-02-15T23:45:00+09:00,200,https://www.city.yokosuka.kanagawa.jp/0535/faq/index.html,よくある質問,ja,custom,custom_municipal,true,true,true,horizontal,true,keyword+page_id,true,true,false,,false,false,false,false,,true,false,,true,false,,true,false,false,,good,low,low,[bread] トップ>よくある質問; [contact] FAQ directory; main 046-822-4000; [layout] FAQ category list; [meta] section index,,
S0107,神奈川県,横須賀市,municipality,B,service,https://www.city.yokosuka.kanagawa.jp/3915/g_info/l100000388.html,2026-02-15T23:45:00+09:00,200,https://www.city.yokosuka.kanagawa.jp/3915/g_info/l100000388.html,児童手当,ja,custom,custom_municipal,true,true,true,horizontal,true,keyword+page_id,true,true,false,,false,false,false,false,,true,false,,true,false,,true,false,false,,good,low,low,[bread] トップ>子育て>手当>児童手当; [service] はぐくみかん1F+行政センター+窓口サービス課; [contact] こども給付課046-822-8251; [meta] update date,,
S0107,神奈川県,横須賀市,municipality,B,hub,https://www.city.yokosuka.kanagawa.jp/kurashi/index.html,2026-02-15T23:45:00+09:00,200,https://www.city.yokosuka.kanagawa.jp/kurashi/index.html,くらし,ja,custom,custom_municipal,true,true,true,horizontal,true,keyword+page_id,true,true,false,,false,false,false,true,card_grid,true,false,,true,false,,false,false,false,,fair,low,low,[bread] トップ>くらし; [hub_cards] card grid; hierarchical navigation,,
S0107,神奈川県,横須賀市,municipality,B,article,https://www.city.yokosuka.kanagawa.jp/shisei/koho/index.html,2026-02-15T23:45:00+09:00,200,https://www.city.yokosuka.kanagawa.jp/shisei/koho/index.html,広報よこすか,ja,custom,custom_municipal,true,true,true,horizontal,true,keyword+page_id,true,true,false,,false,false,false,false,,true,false,,true,false,,true,true,false,,fair,low,low,[bread] トップ>市政情報>広報; [article] section index; [toc] 最新号+バックナンバー; [meta] section index,,
S0108,東京都,千代田区,municipality,C,top,https://www.city.chiyoda.lg.jp/,2026-02-15T23:45:00+09:00,200,https://www.city.chiyoda.lg.jp/,千代田区ホームページ,ja,custom,custom_municipal,true,true,true,horizontal,true,keyword,false,false,false,,true,true,false,true,icon_grid,true,true,/koho/kuse/homepage/accessibility.html,true,false,,false,false,false,,fair,low,low,[nav] 7 categories(暮らし+健康+子育て+まちづくり+文化+産業+区政); [search] keyword+suggestions(ポータル+採用); [hub_cards] テーマ別icon grid(妊娠+学校+引越+etc); [pickup] ピックアップ千代田区; [a11y] ウェブアクセシビリティ+ReadSpeaker+ふりがな; [sns] X+Facebook+LINE+YouTube; [lang] multilingual; [footer] サイトポリシー+サイトマップ; [contact] 03-3264-3910(24h); [emergency] 現在情報なし,,
S0108,東京都,千代田区,municipality,C,contact,https://www.city.chiyoda.lg.jp/koho/madoguchi/index.html,2026-02-15T23:45:00+09:00,200,https://www.city.chiyoda.lg.jp/koho/madoguchi/index.html,窓口案内,ja,custom,custom_municipal,true,true,true,horizontal,true,keyword,true,true,false,,false,false,false,false,,true,true,/koho/kuse/homepage/accessibility.html,true,false,,true,false,false,,good,low,low,[bread] トップ>暮らし>窓口案内; [contact] 03-3264-2111代表; 九段南1-2-1; [layout] floor guide+service directory; [meta] section index,,
S0108,東京都,千代田区,municipality,C,service,https://www.city.chiyoda.lg.jp/koho/kosodate/teate/jidoteate/index.html,2026-02-15T23:45:00+09:00,200,https://www.city.chiyoda.lg.jp/koho/kosodate/teate/jidoteate/index.html,児童手当,ja,custom,custom_municipal,true,true,true,horizontal,true,keyword,true,true,false,,false,false,false,false,,true,true,/koho/kuse/homepage/accessibility.html,true,false,,true,false,false,,good,low,low,[bread] トップ>子育て>手当>児童手当; [service] 所得制限撤廃+高校生拡大; 区独自=次世代育成手当+中高生世代応援手当; [contact] 子ども総務課; [meta] section index,,
S0108,東京都,千代田区,municipality,C,hub,https://www.city.chiyoda.lg.jp/koho/kurashi/index.html,2026-02-15T23:45:00+09:00,200,https://www.city.chiyoda.lg.jp/koho/kurashi/index.html,暮らし・手続き,ja,custom,custom_municipal,true,true,true,horizontal,true,keyword,true,true,false,,false,false,false,true,card_grid,true,true,/koho/kuse/homepage/accessibility.html,true,false,,false,false,false,,fair,low,low,[bread] トップ>暮らし・手続き; [hub_cards] card grid; hierarchical navigation,,
S0108,東京都,千代田区,municipality,C,article,https://www.city.chiyoda.lg.jp/koho/kuse/koho/koho/,2026-02-15T23:45:00+09:00,200,https://www.city.chiyoda.lg.jp/koho/kuse/koho/koho/,広報千代田,ja,custom,custom_municipal,true,true,true,horizontal,true,keyword,true,true,false,,false,false,false,false,,true,true,/koho/kuse/homepage/accessibility.html,true,false,,true,true,false,,fair,low,low,[bread] トップ>区政>広報>広報千代田; [article] CHIYODA CITY NEWS No.1657 2026-02-05発行; [toc] 最新号+バックナンバー; [meta] section index,,
S0109,東京都,中央区,municipality,C,top,https://www.city.chuo.lg.jp/,2026-02-15T23:45:00+09:00,200,https://www.city.chuo.lg.jp/,中央区トップページ,ja,custom,custom_municipal,true,true,true,horizontal,true,site_search,false,false,false,,true,true,true,true,card_grid,true,true,/kusei/kouhoukouchou/kouhou/aboutwebsite/webaccessibility/webaccessibilityhousin.html,true,false,,false,false,false,,fair,low,low,[nav] hierarchical(施設+住民票+子育て+福祉+防災+区政); [search] site_search; [carousel] 5 rotating banners; [hub_cards] image+text cards; [news] 新着情報; [sns] LINE+X+Facebook+Instagram+YouTube; [a11y] ウェブアクセシビリティ+ReadSpeaker+ふりがな+multilingual; [footer] 03-3543-0211; [emergency] none,,
S0109,東京都,中央区,municipality,C,contact,https://www.city.chuo.lg.jp/a0006/kusei/gaiyou/soshiki/index.html,2026-02-15T23:45:00+09:00,200,https://www.city.chuo.lg.jp/a0006/kusei/gaiyou/soshiki/index.html,組織案内,ja,custom,custom_municipal,true,true,true,horizontal,true,site_search,true,true,false,,false,false,false,false,,true,true,/kusei/kouhoukouchou/kouhou/aboutwebsite/webaccessibility/webaccessibilityhousin.html,true,false,,true,false,false,,good,low,low,[bread] トップ>区政>組織案内; [contact] 03-3543-0211代表; 築地1-1-1; [layout] department directory; [meta] section index,,
S0109,東京都,中央区,municipality,C,service,https://www.city.chuo.lg.jp/a0020/kosodate/kosodate/teatejosei/jidouteate202206.html,2026-02-15T23:45:00+09:00,200,https://www.city.chuo.lg.jp/a0020/kosodate/kosodate/teatejosei/jidouteate202206.html,児童手当,ja,custom,custom_municipal,true,true,true,horizontal,true,site_search,true,true,false,,false,false,false,false,,true,true,/kusei/kouhoukouchou/kouhou/aboutwebsite/webaccessibility/webaccessibilityhousin.html,true,false,,true,false,false,,good,low,low,[bread] トップ>子育て>手当・助成>児童手当; [service] 所得制限あり; 認定請求翌月分から; 遡及不可; [contact] 子ども子育て支援課; [meta] update date,,
S0109,東京都,中央区,municipality,C,hub,https://www.city.chuo.lg.jp/a0020/kurashi/index.html,2026-02-15T23:45:00+09:00,200,https://www.city.chuo.lg.jp/a0020/kurashi/index.html,くらし・手続き,ja,custom,custom_municipal,true,true,true,horizontal,true,site_search,true,true,false,,false,false,false,true,card_grid,true,true,/kusei/kouhoukouchou/kouhou/aboutwebsite/webaccessibility/webaccessibilityhousin.html,true,false,,false,false,false,,fair,low,low,[bread] トップ>くらし・手続き; [hub_cards] card grid; hierarchical navigation,,
S0109,東京都,中央区,municipality,C,article,https://www.city.chuo.lg.jp/a0020/kusei/koho/koho/index.html,2026-02-15T23:45:00+09:00,200,https://www.city.chuo.lg.jp/a0020/kusei/koho/koho/index.html,区のおしらせ,ja,custom,custom_municipal,true,true,true,horizontal,true,site_search,true,true,false,,false,false,false,false,,true,true,/kusei/kouhoukouchou/kouhou/aboutwebsite/webaccessibility/webaccessibilityhousin.html,true,false,,true,true,false,,fair,low,low,[bread] トップ>区政>広報>区のおしらせ; [article] section index; [toc] 最新号+バックナンバー; [meta] section index,,
S0110,東京都,港区,municipality,C,top,https://www.city.minato.tokyo.jp/,2026-02-15T18:00:00+09:00,200,https://www.city.minato.tokyo.jp/,港区公式ホームページ,ja,custom,top_rn2025,true,true,true,horizontal,true,ai_search+page_id,false,false,false,,true,true,true,true,icon_card,true,false,,true,false,,false,false,false,,good,low,low,[nav] 8 categories(暮らし+防災+健康+子育て+観光+環境+産業+区政); [search] AI検索+page_id; [a11y] 音声読み上げ+ふりがなON+文字サイズ色合い変更+やさしい日本語; [sns] LINE+X+Facebook+YouTube; [carousel] featured content; [hub] 暮らしのガイド icon cards+対象者別; [chat] AI検索+バーチャルヒューマン; [tel] 03-3578-2111(代表); [lang] multilingual(すべての言語を見る); tsutaeruMO JS library,,
S0110,東京都,港区,municipality,C,contact,https://www.city.minato.tokyo.jp/kouchou/kuse/kocho/iken/index.html,2026-02-15T18:00:00+09:00,200,https://www.city.minato.tokyo.jp/kouchou/kuse/kocho/iken/index.html,問い合わせ,ja,custom,top_rn2025,true,true,true,horizontal,true,ai_search+page_id,true,true,false,,false,false,false,false,,true,false,,true,true,web_form,false,false,false,,good,low,low,[contact] みなとコール+各課連絡先+お問い合わせフォーム+FAQ+AIチャットボット; [breadcrumb] トップ>区政情報>広聴; [form] web問い合わせフォーム,,
S0110,東京都,港区,municipality,C,service,https://www.city.minato.tokyo.jp/kodomokyufu/kodomo/kodomo/jidoteate.html,2026-02-15T18:00:00+09:00,200,https://www.city.minato.tokyo.jp/kodomokyufu/kodomo/kodomo/jidoteate.html,児童手当,ja,custom,top_rn2025,true,true,true,horizontal,true,ai_search+page_id,true,true,false,,false,false,false,false,,true,false,,true,false,,true,false,true,pdf,good,low,low,[service] 児童手当; 申請方法(郵送・窓口・電子申請); 支給年6回; [article_meta] 更新日+問い合わせ先(子ども給付課); [attachments] 請求書等PDF; [breadcrumb] トップ>子育て>手当,,
S0110,東京都,港区,municipality,C,hub,https://www.city.minato.tokyo.jp/kurashi/index.html,2026-02-15T18:00:00+09:00,200,https://www.city.minato.tokyo.jp/kurashi/index.html,暮らし・手続き,ja,custom,top_rn2025,true,true,true,horizontal,true,ai_search+page_id,true,false,false,,false,false,false,true,category_list,true,false,,false,false,,false,false,false,,good,low,low,[hub] 暮らし・手続き category list; subcategories(届出+住まい+税+保険+ごみ+交通+ペット+消費生活 etc); [breadcrumb] トップ>暮らし・手続き,,
S0110,東京都,港区,municipality,C,article,https://www.city.minato.tokyo.jp/kouhou/kuse/koho/minato/index.html,2026-02-15T18:00:00+09:00,200,https://www.city.minato.tokyo.jp/kouhou/kuse/koho/minato/index.html,広報みなと,ja,custom,top_rn2025,true,true,true,horizontal,true,ai_search+page_id,true,true,false,,true,false,false,false,,true,false,,true,false,,true,false,true,pdf,good,low,low,[article] 広報みなと; 年度別バックナンバー; PDF版+マイ広報紙+点字版+音声版; [news_list] 号ごとリスト; [article_meta] 発行情報; [breadcrumb] トップ>区政情報>広報,,
S0112,東京都,文京区,municipality,C,top,https://www.city.bunkyo.lg.jp/,2026-02-15T18:00:00+09:00,200,https://www.city.bunkyo.lg.jp/,文京区,ja,custom,proprietary_cms,true,true,true,horizontal,true,keyword,false,false,false,,true,false,false,true,icon_card,true,true,https://www.city.bunkyo.lg.jp/accessibility,true,false,,false,false,false,,good,low,low,[nav] 8 categories(防災+手続き+子育て+健康+文化+まちづくり+産業+区政); [search] keyword; [a11y] ReadSpeaker+文字サイズ色合い変更; [accessibility] アクセシビリティについて(footer); [sns] Instagram+LINE+X+Facebook+YouTube; [hub] 便利ツール4 icon cards; [tel] 03-3812-7111(代表); [lang] 5(日英韓中簡中繁); [skip] #tmp_honbun,,
S0112,東京都,文京区,municipality,C,contact,https://www.city.bunkyo.lg.jp/b013/p000328.html,2026-02-15T18:00:00+09:00,200,https://www.city.bunkyo.lg.jp/b013/p000328.html,お問い合わせ先（コールセンター等）,ja,custom,proprietary_cms,true,true,true,horizontal,true,keyword,true,true,false,,false,false,false,false,,true,true,https://www.city.bunkyo.lg.jp/accessibility,true,false,,false,false,false,,good,low,low,[contact] コールセンター+各課連絡先; [breadcrumb] トップ>窓口案内; [tel] 代表03-3812-7111,,
S0112,東京都,文京区,municipality,C,service,https://www.city.bunkyo.lg.jp/b022/p001469/index.html,2026-02-15T18:00:00+09:00,200,https://www.city.bunkyo.lg.jp/b022/p001469/index.html,児童手当,ja,custom,proprietary_cms,true,true,true,horizontal,true,keyword,true,true,false,,false,false,false,false,,true,true,https://www.city.bunkyo.lg.jp/accessibility,true,false,,true,false,true,pdf,good,low,low,[service] 児童手当; 18歳年度末まで; 電子申請対応; [article_meta] 問い合わせ先(子育て支援課); [attachments] 申請書PDF; [breadcrumb] トップ>子育て>手当,,
S0112,東京都,文京区,municipality,C,hub,https://www.city.bunkyo.lg.jp/kurashi/index.html,2026-02-15T18:00:00+09:00,200,https://www.city.bunkyo.lg.jp/kurashi/index.html,くらし,ja,custom,proprietary_cms,true,true,true,horizontal,true,keyword,true,false,false,,false,false,false,true,category_list,true,true,https://www.city.bunkyo.lg.jp/accessibility,false,false,,false,false,false,,good,low,low,[hub] くらし category list; subcategories(届出+住まい+税+保険+ごみ+環境 etc); [breadcrumb] トップ>くらし,,
S0112,東京都,文京区,municipality,C,article,https://www.city.bunkyo.lg.jp/kuseijouhou/kouhou/kouhoushi/index.html,2026-02-15T18:00:00+09:00,200,https://www.city.bunkyo.lg.jp/kuseijouhou/kouhou/kouhoushi/index.html,広報紙 (区報ぶんきょう),ja,custom,proprietary_cms,true,true,true,horizontal,true,keyword,true,true,false,,true,false,false,false,,true,true,https://www.city.bunkyo.lg.jp/accessibility,true,false,,true,false,true,pdf,good,low,low,[article] 区報ぶんきょう; 毎月10日・25日発行; マイ広報紙+カタログポケット; [news_list] 号ごと; [article_meta] 発行情報; [breadcrumb] トップ>区政情報>広報,,
S0113,東京都,台東区,municipality,C,top,https://www.city.taito.lg.jp/,2026-02-15T18:00:00+09:00,200,https://www.city.taito.lg.jp/,台東区ホームページ,ja,custom,jquery_based,true,true,true,horizontal,true,keyword+page_id,false,false,false,,true,true,true,true,icon_card,true,false,,true,false,,false,false,false,,good,low,low,[nav] 8 categories(暮らし+子育て+生涯学習+健康+文化+防災+まちづくり+区政); [search] keyword+page_id; [a11y] 音声読み上げ・文字拡大(ZoomSight); [sns] LINE+YouTube; [carousel] bxSlider(fade+horizontal); [hub] 厳選メニューicon cards; [chat] 粗大ごみAIチャットボット; [tel] 03-5246-1111(代表); [lang] 多言語対応あり; [skip] #CONT,,
S0113,東京都,台東区,municipality,C,contact,https://www.city.taito.lg.jp/kurashi/todokede/madoguti/index.html,2026-02-15T18:00:00+09:00,200,https://www.city.taito.lg.jp/kurashi/todokede/madoguti/index.html,窓口案内,ja,custom,jquery_based,true,true,true,horizontal,true,keyword+page_id,true,true,false,,false,false,false,false,,true,false,,true,false,,false,false,false,,good,low,low,[contact] 窓口案内; 業務時間+区民事務所+休日窓口+予約; [breadcrumb] トップ>暮らし・手続き>届出・届け出>窓口案内; [form] webフォーム(別ページ),,
S0113,東京都,台東区,municipality,C,service,https://www.city.taito.lg.jp/kosodatekyouiku/kosodate/mokutei/teate_josei/teate/jidouteate.html,2026-02-15T18:00:00+09:00,200,https://www.city.taito.lg.jp/kosodatekyouiku/kosodate/mokutei/teate_josei/teate/jidouteate.html,児童手当,ja,custom,jquery_based,true,true,true,horizontal,true,keyword+page_id,true,true,false,,false,false,false,false,,true,false,,true,false,,true,false,true,pdf,good,low,low,[service] 児童手当; 18歳年度末まで; 支給年6回; 電子申請対応(マイナポータル); [article_meta] 問い合わせ先(子育て支援課); [attachments] 申請書PDF; [breadcrumb] トップ>子育て>手当,,
S0113,東京都,台東区,municipality,C,hub,https://www.city.taito.lg.jp/kurashi/index.html,2026-02-15T18:00:00+09:00,200,https://www.city.taito.lg.jp/kurashi/index.html,暮らし・手続き,ja,custom,jquery_based,true,true,true,horizontal,true,keyword+page_id,true,false,false,,false,false,false,true,category_list,true,false,,false,false,,false,false,false,,good,low,low,[hub] 暮らし・手続き category list; subcategories(届出+戸籍+住まい+税+保険+ごみ etc); [breadcrumb] トップ>暮らし・手続き,,
S0113,東京都,台東区,municipality,C,article,https://www.city.taito.lg.jp/kusei/sanka/koho/index.html,2026-02-15T18:00:00+09:00,200,https://www.city.taito.lg.jp/kusei/sanka/koho/index.html,広報たいとう,ja,custom,jquery_based,true,true,true,horizontal,true,keyword+page_id,true,true,false,,true,false,false,false,,true,false,,true,false,,true,false,true,pdf,good,low,low,[article] 広報たいとう; 毎月5日・20日発行; 全世帯配布; [news_list] 号ごとリスト; [article_meta] 問い合わせ先(広報課); [breadcrumb] トップ>区政情報>広報,,
S0114,東京都,墨田区,municipality,C,top,https://www.city.sumida.lg.jp/,2026-02-15T18:00:00+09:00,200,https://www.city.sumida.lg.jp/,墨田区公式ウェブサイト,ja,custom,unknown,true,true,true,horizontal,true,keyword_filter,false,false,false,,true,false,true,true,icon_card,true,false,,true,false,,false,false,false,,good,low,low,[nav] 7 categories(くらし+子育て+健康+文化+産業+まちづくり+区政); [search] keyword with filter(すべて/ページ/PDF); [sns] 公式SNS(footer); [carousel] hero banner; [hub] quick access icon cards(ごみ+オンラインサービス+施設情報 etc); [lang] Language switcher; [tel] 03-5608-1111(代表); [skip] #contents,,
S0114,東京都,墨田区,municipality,C,contact,https://www.city.sumida.lg.jp/iken_yobo/ask/index.html,2026-02-15T18:00:00+09:00,200,https://www.city.sumida.lg.jp/iken_yobo/ask/index.html,区へのご意見・ご要望、お問い合わせ,ja,custom,unknown,true,true,true,horizontal,true,keyword_filter,true,true,false,,false,false,false,false,,true,false,,true,true,web_form,false,false,false,,good,low,low,[contact] 意見要望+お問い合わせフォーム; [breadcrumb] トップ>ご意見・ご要望; [form] webフォーム,,
S0114,東京都,墨田区,municipality,C,service,https://www.city.sumida.lg.jp/kosodate_kyouiku/kosodate_site/teate_jyosei_shien/teate_zyosei/teate/kodomo-teate.html,2026-02-15T18:00:00+09:00,200,https://www.city.sumida.lg.jp/kosodate_kyouiku/kosodate_site/teate_jyosei_shien/teate_zyosei/teate/kodomo-teate.html,児童手当,ja,custom,unknown,true,true,true,horizontal,true,keyword_filter,true,true,false,,false,false,false,false,,true,false,,true,false,,true,false,true,pdf,good,low,low,[service] 児童手当; 18歳年度末まで; R6.10制度改正(所得制限撤廃+高校生拡大+3子30000円); 支給年6回; 電子申請対応; [article_meta] 問い合わせ先(子育て支援課4F); [breadcrumb] 子育て>手当,,
S0114,東京都,墨田区,municipality,C,hub,https://www.city.sumida.lg.jp/kurashi/index.html,2026-02-15T18:00:00+09:00,200,https://www.city.sumida.lg.jp/kurashi/index.html,くらし,ja,custom,unknown,true,true,true,horizontal,true,keyword_filter,true,false,false,,false,false,false,true,category_list,true,false,,false,false,,false,false,false,,good,low,low,[hub] くらし category list; subcategories(届出+戸籍+住まい+税+保険+ごみ etc); [breadcrumb] トップ>くらし,,
S0114,東京都,墨田区,municipality,C,article,https://www.city.sumida.lg.jp/kuhou/index.html,2026-02-15T18:00:00+09:00,200,https://www.city.sumida.lg.jp/kuhou/index.html,すみだ区報,ja,custom,unknown,true,true,true,horizontal,true,keyword_filter,true,true,false,,true,false,false,false,,true,false,,true,false,,true,false,true,pdf,good,low,low,[article] すみだ区報; 毎月1日・11日・21日発行; 新聞折込+駅+コンビニ+戸別配布; [news_list] 号ごと; [article_meta] 発行情報; [breadcrumb] トップ>区報,,
S0115,東京都,品川区,municipality,C,top,https://www.city.shinagawa.tokyo.jp/,2026-02-15T18:00:00+09:00,200,https://www.city.shinagawa.tokyo.jp/,品川区 Shinagawa City,ja,custom,slick_js,true,true,true,horizontal,true,keyword,false,false,false,,true,true,true,true,card_layout,true,false,,true,false,,false,false,false,,good,low,low,[nav] 9 categories(手続き+施設+区政+地域+防災+子ども+健康+環境+産業); [search] keyword; [a11y] ReadSpeaker+文字サイズ3段階+色合い変更; [sns] X+Facebook+Instagram+YouTube+しなメール+しながわこどもぽけっと; [carousel] Slick.js hero+photo gallery+3-col; [hub] card layout(News+施設+情報+おすすめ); [chat] チャット(footer); [tel] 03-3777-1111(代表); [lang] 100+(j-server翻訳); [skip] #jump; [GTM] GTM-WWCTS5T,,
S0115,東京都,品川区,municipality,C,contact,https://www.city.shinagawa.tokyo.jp/PC/kuseizyoho/kuseizyoho-soshikitoshigoto/index.html,2026-02-15T18:00:00+09:00,200,https://www.city.shinagawa.tokyo.jp/PC/kuseizyoho/kuseizyoho-soshikitoshigoto/index.html,組織と仕事・お問い合わせ,ja,custom,slick_js,true,true,true,horizontal,true,keyword,true,true,false,,false,false,false,false,,true,false,,true,false,,false,false,false,,good,low,low,[contact] 組織一覧+各課連絡先; [breadcrumb] トップ>区政情報>組織と仕事; [tel] 代表03-3777-1111,,
S0115,東京都,品川区,municipality,C,service,https://www.city.shinagawa.tokyo.jp/PC/kodomo/kodomo-iryohizyosei/hpg000027168.html,2026-02-15T18:00:00+09:00,200,https://www.city.shinagawa.tokyo.jp/PC/kodomo/kodomo-iryohizyosei/hpg000027168.html,児童手当,ja,custom,slick_js,true,true,true,horizontal,true,keyword,true,true,false,,false,false,false,false,,true,false,,true,false,,true,false,true,pdf,good,low,low,[service] 児童手当; 支給年6回偶数月10日頃; [article_meta] 問い合わせ先; [attachments] 申請書PDF; [breadcrumb] トップ>こども>医療費・手当,,
S0115,東京都,品川区,municipality,C,hub,https://www.city.shinagawa.tokyo.jp/PC/kurashi/index.html,2026-02-15T18:00:00+09:00,200,https://www.city.shinagawa.tokyo.jp/PC/kurashi/index.html,くらし,ja,custom,slick_js,true,true,true,horizontal,true,keyword,true,false,false,,false,false,false,true,category_list,true,false,,false,false,,false,false,false,,good,low,low,[hub] くらし category list; subcategories(届出+住まい+税+保険+ごみ etc); [breadcrumb] トップ>くらし,,
S0115,東京都,品川区,municipality,C,article,https://www.city.shinagawa.tokyo.jp/PC/kuseizyoho/kuseizyoho-koho/kuseizyoho-koho-kohoshinagawa/index.html,2026-02-15T18:00:00+09:00,200,https://www.city.shinagawa.tokyo.jp/PC/kuseizyoho/kuseizyoho-koho/kuseizyoho-koho-kohoshinagawa/index.html,広報しながわ,ja,custom,slick_js,true,true,true,horizontal,true,keyword,true,true,false,,true,false,false,false,,true,false,,true,false,,true,false,true,pdf,good,low,low,[article] 広報しながわ; 毎月1日・11日・21日発行; 新聞折込+駅PR台+公共施設+コンビニ; Web版+YouTube音声版; [news_list] 年度別; [article_meta] 発行情報; [breadcrumb] トップ>区政情報>広報,,
S0116,東京都,目黒区,municipality,C,top,https://www.city.meguro.tokyo.jp/,2026-02-15T18:00:00+09:00,200,https://www.city.meguro.tokyo.jp/,目黒区,ja,custom,unknown,true,true,true,horizontal,true,keyword+page_id,false,false,false,,true,false,true,true,persona_card,true,false,,true,false,,false,false,false,,good,low,low,[nav] 7 categories(防災+くらし+子育て+健康+文化+しごと+区政); [search] keyword+page_id; [a11y] ReadSpeaker+文字サイズ色合い変更; [sns] X+LINE+YouTube; [carousel] auto-rotating slider with pause; [hub] 生活便利ナビ persona cards(一般+子ども+高齢者); [tel] 03-3715-1111(コールセンター代表); [lang] 4(英中繁韓)+全言語; [skip] #tmp_honbun,,
S0116,東京都,目黒区,municipality,C,contact,https://www.city.meguro.tokyo.jp/soumu/shisetsu/koukyoushisetsu/madoguchi.html,2026-02-15T18:00:00+09:00,200,https://www.city.meguro.tokyo.jp/soumu/shisetsu/koukyoushisetsu/madoguchi.html,目黒区総合庁舎窓口案内,ja,custom,unknown,true,true,true,horizontal,true,keyword+page_id,true,true,false,,false,false,false,false,,true,false,,true,false,,false,false,false,,good,low,low,[contact] 総合庁舎窓口案内; フロアガイド+業務時間(平日8:30-17:00+土曜・第2日曜10:00-16:30); [breadcrumb] トップ>施設; [tel] 03-3715-1111,,
S0116,東京都,目黒区,municipality,C,service,https://www.city.meguro.tokyo.jp/kosodateshien/kosodatekyouiku/kosodate/jidouteate.html,2026-02-15T18:00:00+09:00,200,https://www.city.meguro.tokyo.jp/kosodateshien/kosodatekyouiku/kosodate/jidouteate.html,児童手当制度,ja,custom,unknown,true,true,true,horizontal,true,keyword+page_id,true,true,false,,false,false,false,false,,true,false,,true,false,,true,false,true,pdf,good,low,low,[service] 児童手当制度; 18歳年度末まで; R6.10改正(3子30000円); オンライン申請(ぴったりサービス); [article_meta] 問い合わせ先(子育て支援課); [attachments] 認定請求書; [breadcrumb] トップ>子育て支援,,
S0116,東京都,目黒区,municipality,C,hub,https://www.city.meguro.tokyo.jp/kurashi/index.html,2026-02-15T18:00:00+09:00,200,https://www.city.meguro.tokyo.jp/kurashi/index.html,くらし・手続き,ja,custom,unknown,true,true,true,horizontal,true,keyword+page_id,true,false,false,,false,false,false,true,category_list,true,false,,false,false,,false,false,false,,good,low,low,[hub] くらし・手続き category list; subcategories(届出+住まい+税+保険+ごみ etc); [breadcrumb] トップ>くらし・手続き,,
S0116,東京都,目黒区,municipality,C,article,https://www.city.meguro.tokyo.jp/kusei/kouhou/megurokuhou/index.html,2026-02-15T18:00:00+09:00,200,https://www.city.meguro.tokyo.jp/kusei/kouhou/megurokuhou/index.html,めぐろ区報,ja,custom,unknown,true,true,true,horizontal,true,keyword+page_id,true,true,false,,true,false,false,false,,true,false,,true,false,,true,false,true,pdf,good,low,low,[article] めぐろ区報; 毎月1日・15日発行; 約16万世帯配布+駅+金融機関+コンビニ; マイ広報紙+音声版; [news_list] 年度別; [article_meta] 発行情報; [breadcrumb] トップ>区政情報>広報,,
S0119,東京都,中野区,municipality,C,top,https://www.city.tokyo-nakano.lg.jp/,2026-02-15T18:00:00+09:00,200,https://www.city.tokyo-nakano.lg.jp/,中野区公式ホームページ,ja,custom,unknown,true,true,true,horizontal,true,keyword+page_id,false,false,false,,true,false,true,true,icon_card,true,true,https://www.city.tokyo-nakano.lg.jp/about/webaccessibility/index.html,true,false,,false,false,false,,good,low,low,[nav] 5 categories(子育て+くらし+健康+まちづくり+区政); [search] keyword+page_id; [a11y] 音声読み上げ・文字拡大+アクセシビリティリンク(footer); [sns] X+Facebook+LINE+YouTube+Instagram; [carousel] slider with stop button; [hub] 目的から探す icon cards; [chat] AIチャット(右下); [tel] 03-3389-1111(代表); [lang] やさしいにほんご+多言語; [skip] #CONT,,
S0119,東京都,中野区,municipality,C,contact,https://www.city.tokyo-nakano.lg.jp/kusei/public/goiken/kuseihenogoiken.html,2026-02-15T18:00:00+09:00,200,https://www.city.tokyo-nakano.lg.jp/kusei/public/goiken/kuseihenogoiken.html,区政へのご意見・ご要望をお寄せください,ja,custom,unknown,true,true,true,horizontal,true,keyword+page_id,true,true,false,,false,false,false,false,,true,true,https://www.city.tokyo-nakano.lg.jp/about/webaccessibility/index.html,true,true,web_form,false,false,false,,good,low,low,[contact] 区政への意見要望+webフォーム+なかのスマート窓口; [breadcrumb] トップ>区政情報>広聴; [form] webフォーム,,
S0119,東京都,中野区,municipality,C,service,https://www.city.tokyo-nakano.lg.jp/kosodate/kosodatesite_ohirune/mokuteki/teate/teate/jidoteate.html,2026-02-15T18:00:00+09:00,200,https://www.city.tokyo-nakano.lg.jp/kosodate/kosodatesite_ohirune/mokuteki/teate/teate/jidoteate.html,児童手当,ja,custom,unknown,true,true,true,horizontal,true,keyword+page_id,true,true,false,,false,false,false,false,,true,true,https://www.city.tokyo-nakano.lg.jp/about/webaccessibility/index.html,true,false,,true,false,true,pdf,good,low,low,[service] 児童手当; 18歳年度末まで; R6.10制度改正(所得制限撤廃+3子30000円); 支給偶数月12日; [article_meta] 問い合わせ先(子育て支援課); [attachments] チラシPDF; [breadcrumb] 子育て>手当,,
S0119,東京都,中野区,municipality,C,hub,https://www.city.tokyo-nakano.lg.jp/kurashi/index.html,2026-02-15T18:00:00+09:00,200,https://www.city.tokyo-nakano.lg.jp/kurashi/index.html,くらし・手続き,ja,custom,unknown,true,true,true,horizontal,true,keyword+page_id,true,false,false,,false,false,false,true,category_list,true,true,https://www.city.tokyo-nakano.lg.jp/about/webaccessibility/index.html,false,false,,false,false,false,,good,low,low,[hub] くらし・手続き category list; [breadcrumb] トップ>くらし・手続き,,
S0119,東京都,中野区,municipality,C,article,https://www.city.tokyo-nakano.lg.jp/nakano/kuhou/001/index.html,2026-02-15T18:00:00+09:00,200,https://www.city.tokyo-nakano.lg.jp/nakano/kuhou/001/index.html,なかの区報,ja,custom,unknown,true,true,true,horizontal,true,keyword+page_id,true,true,false,,true,false,false,false,,true,true,https://www.city.tokyo-nakano.lg.jp/about/webaccessibility/index.html,true,false,,true,false,true,pdf,good,low,low,[article] なかの区報; 毎月5日・20日(1月・8月は11日のみ)発行; A4判21万部; 全戸配布; [news_list] 号ごとリスト; [article_meta] 発行情報; [breadcrumb] トップ>なかの区報,,
S0120,東京都,杉並区,municipality,C,top,https://www.city.suginami.tokyo.jp/,2026-02-15T19:00:00+09:00,200,https://www.city.suginami.tokyo.jp/,杉並区公式ホームページ,ja,custom,unknown,true,true,true,horizontal,true,keyword+page_id,false,false,false,,true,false,false,true,icon_card,true,false,,true,false,,false,false,false,,good,low,low,[nav] 8 cat; [search] keyword+page_id; [a11y] ReadSpeaker+やさしい日本語+ふりがな; [sns] LINE+X(2)+Facebook+YouTube; [hub] 生活便利ナビ 12 icon cards; [tel] 03-3312-2111,,
S0120,東京都,杉並区,municipality,C,contact,https://www.city.suginami.tokyo.jp/s018/567.html,2026-02-15T19:00:00+09:00,200,https://www.city.suginami.tokyo.jp/s018/567.html,窓口のご案内について,ja,custom,unknown,true,true,true,horizontal,true,keyword+page_id,true,true,false,,false,false,false,false,,true,false,,true,false,,false,false,false,,good,low,low,[contact] 窓口案内; 業務時間+土曜窓口+ダイヤルイン; [tel] 03-3312-2111,,
S0120,東京都,杉並区,municipality,C,service,https://www.city.suginami.tokyo.jp/s053/1142.html,2026-02-15T19:00:00+09:00,200,https://www.city.suginami.tokyo.jp/s053/1142.html,児童手当,ja,custom,unknown,true,true,true,horizontal,true,keyword+page_id,true,true,false,,false,false,false,false,,true,false,,true,false,,true,false,true,pdf,good,low,low,[service] 児童手当; 18歳年度末まで; 電子申請(LoGoフォーム); [article_meta] 子ども家庭部管理課,,
S0120,東京都,杉並区,municipality,C,hub,https://www.city.suginami.tokyo.jp/guide/kurashi/index.html,2026-02-15T19:00:00+09:00,200,https://www.city.suginami.tokyo.jp/guide/kurashi/index.html,くらし,ja,custom,unknown,true,true,true,horizontal,true,keyword+page_id,true,false,false,,false,false,false,true,category_list,true,false,,false,false,,false,false,false,,good,low,low,[hub] くらし category list,,
S0120,東京都,杉並区,municipality,C,article,https://www.city.suginami.tokyo.jp/guide/kusei/koho/1005313.html,2026-02-15T19:00:00+09:00,200,https://www.city.suginami.tokyo.jp/guide/kusei/koho/1005313.html,広報すぎなみ,ja,custom,unknown,true,true,true,horizontal,true,keyword+page_id,true,true,false,,true,false,false,false,,true,false,,true,false,,true,false,true,pdf,good,low,low,[article] 広報すぎなみ; 毎月1日・15日発行; 新聞折込+マチイロ; 点字版+音声版,,
S0121,東京都,豊島区,municipality,C,top,https://www.city.toshima.lg.jp/,2026-02-15T19:00:00+09:00,200,https://www.city.toshima.lg.jp/,豊島区公式ホームページ,ja,custom,unknown,true,true,true,horizontal,true,keyword+page_id+ai_summary,false,false,false,,true,false,true,true,icon_card,true,false,,true,false,,false,false,false,,good,low,low,[nav] 8 cat; [search] keyword+page_id+AI要約; [a11y] ReadSpeaker+やさしい日本語; [sns] LINE; [carousel] featured; [hub] お役立ち情報; [tel] 03-3981-1111,,
S0121,東京都,豊島区,municipality,C,contact,https://www.city.toshima.lg.jp/016/kuse/iken/callcenter/1504281701.html,2026-02-15T19:00:00+09:00,200,https://www.city.toshima.lg.jp/016/kuse/iken/callcenter/1504281701.html,豊島区役所コールセンターのご案内,ja,custom,unknown,true,true,true,horizontal,true,keyword+page_id+ai_summary,true,true,false,,false,false,false,false,,true,false,,true,false,,false,false,false,,good,low,low,[contact] コールセンター 03-3981-1111,,
S0121,東京都,豊島区,municipality,C,service,https://www.city.toshima.lg.jp/261/kosodate/kosodate/teate-jose/017993.html,2026-02-15T19:00:00+09:00,200,https://www.city.toshima.lg.jp/261/kosodate/kosodate/teate-jose/017993.html,児童手当,ja,custom,unknown,true,true,true,horizontal,true,keyword+page_id+ai_summary,true,true,false,,false,false,false,false,,true,false,,true,false,,true,false,true,pdf,good,low,low,[service] 児童手当; R6.10制度改正; [article_meta] 子育て支援課,,
S0121,東京都,豊島区,municipality,C,hub,https://www.city.toshima.lg.jp/kurashi/index.html,2026-02-15T19:00:00+09:00,200,https://www.city.toshima.lg.jp/kurashi/index.html,暮らし・地域,ja,custom,unknown,true,true,true,horizontal,true,keyword+page_id+ai_summary,true,false,false,,false,false,false,true,category_list,true,false,,false,false,,false,false,false,,good,low,low,[hub] 暮らし・地域 category list,,
S0121,東京都,豊島区,municipality,C,article,https://www.city.toshima.lg.jp/012/kuse/koho/kohoshi/kohoshi.html,2026-02-15T19:00:00+09:00,200,https://www.city.toshima.lg.jp/012/kuse/koho/kohoshi/kohoshi.html,広報紙 広報としま,ja,custom,unknown,true,true,true,horizontal,true,keyword+page_id+ai_summary,true,true,false,,true,false,false,false,,true,false,,true,false,,true,false,true,pdf,good,low,low,[article] 広報としま; 毎月1/11/21日発行+年2回全戸配布; デジタルブック+音声+点字版,,
S0122,東京都,足立区,municipality,C,top,https://www.city.adachi.tokyo.jp/,2026-02-15T19:00:00+09:00,200,https://www.city.adachi.tokyo.jp/,足立区,ja,custom,unknown,true,true,true,horizontal,true,keyword+category,false,false,false,,true,true,true,true,card_layout,true,true,https://www.city.adachi.tokyo.jp/accessibility/,true,false,,false,false,false,,good,low,low,[nav] 8 cat; [a11y] 音声読み上げ; [accessibility] ウェブアクセシビリティ方針(footer); [sns] A-メール+LINE+X+Facebook+Instagram+YouTube; [carousel] 街フォト; [tel] 03-3880-5111; [lang] Language,,
S0122,東京都,足立区,municipality,C,contact,https://www.city.adachi.tokyo.jp/koe/calladachi.html,2026-02-15T19:00:00+09:00,200,https://www.city.adachi.tokyo.jp/koe/calladachi.html,お問い合わせコールあだち,ja,custom,unknown,true,true,true,horizontal,true,keyword+category,true,true,false,,false,false,false,false,,true,true,https://www.city.adachi.tokyo.jp/accessibility/,true,false,,false,false,false,,good,low,low,[contact] コールあだち 03-3880-0039(8:00-20:00),,
S0122,東京都,足立区,municipality,C,service,https://www.city.adachi.tokyo.jp/oyako/k-kyoiku/kosodate/teate-jidoteate.html,2026-02-15T19:00:00+09:00,200,https://www.city.adachi.tokyo.jp/oyako/k-kyoiku/kosodate/teate-jidoteate.html,児童手当のご案内,ja,custom,unknown,true,true,true,horizontal,true,keyword+category,true,true,false,,false,false,false,false,,true,true,https://www.city.adachi.tokyo.jp/accessibility/,true,false,,true,false,true,pdf,good,low,low,[service] 児童手当; R6.10制度拡充; [article_meta] 問い合わせ先,,
S0122,東京都,足立区,municipality,C,hub,https://www.city.adachi.tokyo.jp/kurashi/index.html,2026-02-15T19:00:00+09:00,200,https://www.city.adachi.tokyo.jp/kurashi/index.html,住まい・暮らし,ja,custom,unknown,true,true,true,horizontal,true,keyword+category,true,false,false,,false,false,false,true,category_list,true,true,https://www.city.adachi.tokyo.jp/accessibility/,false,false,,false,false,false,,good,low,low,[hub] 住まい・暮らし category list,,
S0122,東京都,足立区,municipality,C,article,https://www.city.adachi.tokyo.jp/ku/kohokocho/adachikoho/index.html,2026-02-15T19:00:00+09:00,200,https://www.city.adachi.tokyo.jp/ku/kohokocho/adachikoho/index.html,あだち広報,ja,custom,unknown,true,true,true,horizontal,true,keyword+category,true,true,false,,true,false,false,false,,true,true,https://www.city.adachi.tokyo.jp/accessibility/,true,false,,true,false,true,pdf,good,low,low,[article] あだち広報; 毎月10日・25日発行; 約36万部; 東京都広報コンクール2連覇; デジタルアーカイブ,,
S0123,東京都,八王子市,municipality,B,top,https://www.city.hachioji.tokyo.jp/,2026-02-15T19:00:00+09:00,200,https://www.city.hachioji.tokyo.jp/,八王子市公式ホームページ,ja,custom,cgi_based,true,true,true,horizontal,true,keyword+page_kind,false,false,true,health_alert,true,false,true,true,card_layout,true,false,,true,false,,false,false,false,,good,low,low,[nav] 6 cat; [a11y] 音声読み上げ+拡大+コントラスト+ふりがな; [sns] Facebook+X+LINE; [carousel] rotating banner; [hub] 関連コンテンツ 16 cards; [chat] AIチャットボット; [tel] 042-626-3111; [lang] 4; [emergency] インフルエンザ再流行注意,,
S0123,東京都,八王子市,municipality,B,contact,https://www.city.hachioji.tokyo.jp/tantoumadoguchi/index.html,2026-02-15T19:00:00+09:00,200,https://www.city.hachioji.tokyo.jp/tantoumadoguchi/index.html,担当窓口から探す,ja,custom,cgi_based,true,true,true,horizontal,true,keyword+page_kind,true,true,false,,false,false,false,false,,true,false,,true,false,,false,false,false,,good,low,low,[contact] 担当窓口検索; 市役所+南口総合事務所; [tel] 042-626-3111,,
S0123,東京都,八王子市,municipality,B,service,https://www.city.hachioji.tokyo.jp/kurashi/kosodate/002/001/p001078.html,2026-02-15T19:00:00+09:00,200,https://www.city.hachioji.tokyo.jp/kurashi/kosodate/002/001/p001078.html,児童手当,ja,custom,cgi_based,true,true,true,horizontal,true,keyword+page_kind,true,true,false,,false,false,false,false,,true,false,,true,false,,true,false,true,pdf,good,low,low,[service] 児童手当; 子育て応援サイト連携,,
S0123,東京都,八王子市,municipality,B,hub,https://www.city.hachioji.tokyo.jp/kurashi/index.html,2026-02-15T19:00:00+09:00,200,https://www.city.hachioji.tokyo.jp/kurashi/index.html,くらしの情報,ja,custom,cgi_based,true,true,true,horizontal,true,keyword+page_kind,true,false,false,,false,false,false,true,category_list,true,false,,false,false,,false,false,false,,good,low,low,[hub] くらしの情報 category list,,
S0123,東京都,八王子市,municipality,B,article,https://www.city.hachioji.tokyo.jp/contents/kouhou/index.html,2026-02-15T19:00:00+09:00,200,https://www.city.hachioji.tokyo.jp/contents/kouhou/index.html,広報はちおうじ,ja,custom,cgi_based,true,true,true,horizontal,true,keyword+page_kind,true,true,false,,true,false,false,false,,true,false,,true,false,,true,false,true,pdf,good,low,low,[article] 広報はちおうじ; 月2回発行; 点字版+音声版; カタログポケット,,
S0124,東京都,町田市,municipality,C,top,https://www.city.machida.tokyo.jp/,2026-02-15T19:00:00+09:00,200,https://www.city.machida.tokyo.jp/,町田市ホームページ,ja,custom,unknown,true,true,true,horizontal,true,keyword+page_number,false,false,true,health_alert,true,false,true,true,icon_card,true,false,,true,false,,false,false,false,,good,low,low,[nav] 7 cat; [a11y] Zoomsight; [sns] LINE; [carousel] slider; [hub] ライフイベント+防災; [chat] AIナビゲーター(生成AI); [tel] 042-722-3111; [lang] 8; [emergency] インフルエンザ流行拡大,,
S0124,東京都,町田市,municipality,C,contact,https://www.city.machida.tokyo.jp/shigo/call_top.html,2026-02-15T19:00:00+09:00,200,https://www.city.machida.tokyo.jp/shigo/call_top.html,町田市へのお問い合わせ,ja,custom,unknown,true,true,true,horizontal,true,keyword+page_number,true,true,false,,false,false,false,false,,true,false,,true,true,web_form,false,false,false,,good,low,low,[contact] 問い合わせ総合; [form] webフォーム,,
S0124,東京都,町田市,municipality,C,service,https://www.city.machida.tokyo.jp/kodomo/kosodate/index.html,2026-02-15T19:00:00+09:00,200,https://www.city.machida.tokyo.jp/kodomo/kosodate/index.html,子育てに関する支援計画・事業,ja,custom,unknown,true,true,true,horizontal,true,keyword+page_number,true,true,false,,false,false,false,false,,true,false,,true,false,,false,false,false,,good,low,low,[service] 子育て支援(児童手当含む); 直接児童手当ページ不明のためカテゴリ代用,,
S0124,東京都,町田市,municipality,C,hub,https://www.city.machida.tokyo.jp/kurashi/index.html,2026-02-15T19:00:00+09:00,200,https://www.city.machida.tokyo.jp/kurashi/index.html,暮らし,ja,custom,unknown,true,true,true,horizontal,true,keyword+page_number,true,false,false,,false,false,false,true,category_list,true,false,,false,false,,false,false,false,,good,low,low,[hub] 暮らし category list,,
S0124,東京都,町田市,municipality,C,article,https://www.city.machida.tokyo.jp/shisei/koho/koho/kouhoushi/index.html,2026-02-15T19:00:00+09:00,200,https://www.city.machida.tokyo.jp/shisei/koho/koho/kouhoushi/index.html,広報まちだ,ja,custom,unknown,true,true,true,horizontal,true,keyword+page_number,true,true,false,,true,false,false,false,,true,false,,true,false,,true,false,true,pdf,good,low,low,[article] 広報まちだ; 毎月1日・15日発行; 約9万部; 音声版+点字版,,
S0125,東京都,府中市,municipality,C,top,https://www.city.fuchu.tokyo.jp/,2026-02-15T19:00:00+09:00,200,https://www.city.fuchu.tokyo.jp/,東京都府中市ホームページ,ja,custom,unknown,true,true,true,horizontal,true,keyword+generative_ai+page_number,false,false,false,,true,false,true,true,icon_card,true,false,,true,false,,false,false,false,,good,low,low,[nav] 7 cat; [search] keyword+生成AI+page_number; [a11y] 音声+文字拡大+視覚障害者サイト+やさしいにほんご; [sns] X+LINE+Instagram+YouTube; [carousel] slider; [hub] 目的別 icon cards; [chat] 生成AIに質問; [tel] 042-364-4111,,
S0125,東京都,府中市,municipality,C,contact,https://www.city.fuchu.tokyo.jp/kurashi/sodanannai/shimin/index.html,2026-02-15T19:00:00+09:00,200,https://www.city.fuchu.tokyo.jp/kurashi/sodanannai/shimin/index.html,市民相談,ja,custom,unknown,true,true,true,horizontal,true,keyword+generative_ai+page_number,true,true,false,,false,false,false,false,,true,false,,true,false,,false,false,false,,good,low,low,[contact] 市民相談; 広聴相談課2F13番窓口,,
S0125,東京都,府中市,municipality,C,service,https://www.city.fuchu.tokyo.jp/kosodate/shussan/teate_josei/teate.html,2026-02-15T19:00:00+09:00,200,https://www.city.fuchu.tokyo.jp/kosodate/shussan/teate_josei/teate.html,児童手当,ja,custom,unknown,true,true,true,horizontal,true,keyword+generative_ai+page_number,true,true,false,,false,false,false,false,,true,false,,true,false,,true,false,true,pdf,good,low,low,[service] 児童手当; 18歳年度末まで; R6.10改正; 支給偶数月15日,,
S0125,東京都,府中市,municipality,C,hub,https://www.city.fuchu.tokyo.jp/kurashi/index.html,2026-02-15T19:00:00+09:00,200,https://www.city.fuchu.tokyo.jp/kurashi/index.html,くらし・手続き,ja,custom,unknown,true,true,true,horizontal,true,keyword+generative_ai+page_number,true,false,false,,false,false,false,true,category_list,true,false,,false,false,,false,false,false,,good,low,low,[hub] くらし・手続き category list,,
S0125,東京都,府中市,municipality,C,article,https://www.city.fuchu.tokyo.jp/gyosei/johokokai/koho/kohoshi/koho/index.html,2026-02-15T19:00:00+09:00,200,https://www.city.fuchu.tokyo.jp/gyosei/johokokai/koho/kohoshi/koho/index.html,広報ふちゅう,ja,custom,unknown,true,true,true,horizontal,true,keyword+generative_ai+page_number,true,true,false,,true,false,false,false,,true,false,,true,false,,true,false,true,pdf,good,low,low,[article] 広報ふちゅう; 毎月1日・15日発行; マチイロ+カタログポケット,,
S0126,茨城県,日立市,municipality,C,top,https://www.city.hitachi.lg.jp/,2026-02-15T19:00:00+09:00,200,https://www.city.hitachi.lg.jp/,日立市公式ウェブサイト,ja,custom,template_cms,true,true,true,horizontal,true,keyword+page_id,false,false,false,,true,false,true,true,card_layout,true,false,,true,false,,false,false,false,,good,low,low,[nav] 5 cat; [sns] X+Facebook+Instagram+YouTube; [carousel] 5-photo; [hub] subsites cards; [chat] ChatPlus; [tel] 0294-22-3111+IP電話; [lang] bilingual,,
S0126,茨城県,日立市,municipality,C,contact,https://www.city.hitachi.lg.jp/shisei/1011562.html,2026-02-15T19:00:00+09:00,200,https://www.city.hitachi.lg.jp/shisei/1011562.html,お問い合わせ,ja,custom,template_cms,true,true,true,horizontal,true,keyword+page_id,true,true,false,,false,false,false,false,,true,false,,true,false,,false,false,false,,good,low,low,[contact] お問い合わせ; 暮らしの手続きナビ,,
S0126,茨城県,日立市,municipality,C,service,https://www.city.hitachi.lg.jp/kosodateoen/mokuteki_sagasu/1007202/1002738/1002007.html,2026-02-15T19:00:00+09:00,200,https://www.city.hitachi.lg.jp/kosodateoen/mokuteki_sagasu/1007202/1002738/1002007.html,児童手当,ja,custom,template_cms,true,true,true,horizontal,true,keyword+page_id,true,true,false,,false,false,false,false,,true,false,,true,false,,true,false,true,pdf,good,low,low,[service] 児童手当; R6.10制度改正; ひたちすくすくガイド連携,,
S0126,茨城県,日立市,municipality,C,hub,https://www.city.hitachi.lg.jp/kurashi/index.html,2026-02-15T19:00:00+09:00,200,https://www.city.hitachi.lg.jp/kurashi/index.html,暮らしの情報,ja,custom,template_cms,true,true,true,horizontal,true,keyword+page_id,true,false,false,,false,false,false,true,category_list,true,false,,false,false,,false,false,false,,good,low,low,[hub] 暮らしの情報 category list,,
S0126,茨城県,日立市,municipality,C,article,https://www.city.hitachi.lg.jp/shisei/koho_kocho/1003391/1003400/index.html,2026-02-15T19:00:00+09:00,200,https://www.city.hitachi.lg.jp/shisei/koho_kocho/1003391/1003400/index.html,市報ひたち,ja,custom,template_cms,true,true,true,horizontal,true,keyword+page_id,true,true,false,,true,false,false,false,,true,false,,true,false,,true,false,true,pdf,good,low,low,[article] 市報ひたち; 毎月5日・20日発行; 全戸配布; PDF+音声,,
S0127,茨城県,つくば市,municipality,C,top,https://www.city.tsukuba.lg.jp/,2026-02-15T23:30:00+09:00,200,https://www.city.tsukuba.lg.jp/,ホーム／つくば市公式ウェブサイト,ja,smart_cms,,true,true,true,horizontal,true,keyword+page_id,false,false,true,wildfire_warning,true,true,true,true,life_event_card,true,false,,true,false,,false,false,false,,good,low,low,[nav] 6cat(くらし+子育て+健康+観光+まちづくり+市政); [search] keyword+page_id; [a11y] 音声読み上げ+拡大+高コントラスト(白黒青)+ふりがな; [lang] EN+中文+한국어+やさしい日本語(4); [sns] YouTube; [carousel] custom_js(5+slides); [hub] こんなときは8 life events; [emergency] 林野火災警報(Feb active); SMART CMS(smart-lgov.jp); tel=029-883-1111,,
S0127,茨城県,つくば市,municipality,C,contact,https://www.city.tsukuba.lg.jp/soshikikarasagasu/shimimbushimimmadoguchika/gyomuannai/5/9/1000735.html,2026-02-15T23:30:00+09:00,200,https://www.city.tsukuba.lg.jp/soshikikarasagasu/shimimbushimimmadoguchika/gyomuannai/5/9/1000735.html,市民窓口課 窓口案内／つくば市公式ウェブサイト,ja,smart_cms,,true,true,true,horizontal,true,keyword+page_id,true,true,false,,false,false,false,false,,true,false,,true,false,,false,false,false,,good,low,low,[contact] 市民窓口課; 7窓口センター; tel=029-883-1111; デジタル窓口(書かない・待たない・行かない),,
S0127,茨城県,つくば市,municipality,C,service,https://www.city.tsukuba.lg.jp/soshikikarasagasu/kodomobukodomoseisakuka/gyomuannai/4/1/1001110.html,2026-02-15T23:30:00+09:00,200,https://www.city.tsukuba.lg.jp/soshikikarasagasu/kodomobukodomoseisakuka/gyomuannai/4/1/1001110.html,児童手当／つくば市公式ウェブサイト,ja,smart_cms,,true,true,true,horizontal,true,keyword+page_id,true,true,false,,false,false,false,false,,true,false,,true,false,,true,false,false,,good,low,low,[service] 児童手当; R6.10制度改正; オンライン申請可; こども政策課,,
S0127,茨城県,つくば市,municipality,C,hub,https://www.city.tsukuba.lg.jp/kurashi/index.html,2026-02-15T23:30:00+09:00,200,https://www.city.tsukuba.lg.jp/kurashi/index.html,くらし・手続き／つくば市公式ウェブサイト,ja,smart_cms,,true,true,true,horizontal,true,keyword+page_id,false,true,false,,false,false,false,true,category_icon,true,false,,true,false,,false,false,false,,good,low,low,[hub] くらし・手続き; category icon cards(届出+税+保険+住まい+交通+環境+安全),,
S0127,茨城県,つくば市,municipality,C,article,https://www.city.tsukuba.lg.jp/shisei/kouhou/kouhoutsukuba/index.html,2026-02-15T23:30:00+09:00,200,https://www.city.tsukuba.lg.jp/shisei/kouhou/kouhoutsukuba/index.html,広報つくば／つくば市公式ウェブサイト,ja,smart_cms,,true,true,true,horizontal,true,keyword+page_id,true,true,false,,false,false,false,false,,true,false,,true,false,,true,false,false,,good,low,low,[article] 広報つくば; 月1回発行; PDF+アプリ(マチイロ); 多言語版(8言語); DAISY音声版; バックナンバーあり,,
S0128,埼玉県,所沢市,municipality,C,top,https://www.city.tokorozawa.saitama.jp/,2026-02-15T23:30:00+09:00,200,https://www.city.tokorozawa.saitama.jp/,所沢市ホームページ,ja,jquery_based,,true,true,true,horizontal,true,keyword,false,false,false,,true,true,true,true,icon_card,true,false,,true,false,,false,false,false,,good,low,medium,[nav] 5cat(くらし+子育て+健康+楽しむ+市政); [search] keyword; [a11y] 音声読み上げ・文字拡大; [lang] multilingual; [sns] YouTube+X+Facebook+LINE; [carousel] 8+slides; [hub] 目的から探す icon cards(ごみ+休日窓口+パスポート+施設+図書館等); [life_event] 妊娠+子育て+結婚+引越し+死亡+高齢+障害; tel=04-2998-1111,,
S0128,埼玉県,所沢市,municipality,C,contact,https://www.city.tokorozawa.saitama.jp/shiseijoho/soshiki_gyomu/denwabangou.html,2026-02-15T23:30:00+09:00,200,https://www.city.tokorozawa.saitama.jp/shiseijoho/soshiki_gyomu/denwabangou.html,番号・業務案内,ja,jquery_based,,true,true,true,horizontal,true,keyword,true,true,false,,false,false,false,false,,true,false,,true,false,,false,false,false,,good,low,medium,[contact] 番号・業務案内; 各課電話番号一覧; tel=04-2998-1111(代表),,
S0128,埼玉県,所沢市,municipality,C,service,https://www.city.tokorozawa.saitama.jp/kosodatekyouiku/kosodate/kodomonoteate/jidouteate/jidouteate_gaiyou.html,2026-02-15T23:30:00+09:00,200,https://www.city.tokorozawa.saitama.jp/kosodatekyouiku/kosodate/kodomonoteate/jidouteate/jidouteate_gaiyou.html,児童手当について,ja,jquery_based,,true,true,true,horizontal,true,keyword,true,true,false,,false,false,false,false,,true,false,,true,false,,true,false,false,,good,low,medium,[service] 児童手当; R6.10制度改正; こども支援課,,
S0128,埼玉県,所沢市,municipality,C,hub,https://www.city.tokorozawa.saitama.jp/kurashi/index.html,2026-02-15T23:30:00+09:00,200,https://www.city.tokorozawa.saitama.jp/kurashi/index.html,くらし・手続き,ja,jquery_based,,true,true,true,horizontal,true,keyword,false,true,false,,false,false,false,true,category_icon,true,false,,true,false,,false,false,false,,good,low,medium,[hub] くらし・手続き; category navigation,,
S0128,埼玉県,所沢市,municipality,C,article,https://www.city.tokorozawa.saitama.jp/tokoronews/koho/index.html,2026-02-15T23:30:00+09:00,200,https://www.city.tokorozawa.saitama.jp/tokoronews/koho/index.html,広報ところざわ,ja,jquery_based,,true,true,true,horizontal,true,keyword,true,true,false,,false,false,false,false,,true,false,,true,false,,true,false,false,,good,low,medium,[article] 広報ところざわ; 毎月1日発行; 戸別配布; PDF+デジタルブック+音声版,,
S0129,埼玉県,草加市,municipality,C,top,https://www.city.soka.saitama.jp/,2026-02-15T23:30:00+09:00,200,https://www.city.soka.saitama.jp/,草加市役所,ja,proprietary,,true,true,true,horizontal,true,keyword+category_filter,false,false,false,,true,true,true,true,icon_card,true,true,https://www.city.soka.saitama.jp/accessibility/,true,false,,false,false,false,,good,low,low,[nav] 6cat(暮らし+健康+子育て+事業者+市政+草加を楽しむ); [search] keyword+category_filter(7分類); [a11y] 音声読み上げ+文字サイズ+コントラスト; [lang] Foreign Language; [sns] 公式SNS; [carousel] 4slides(start/stop); [hub] icon cards; [a11y_link] アクセシビリティについて(footer); GA-XQL9RMEVYF; tel=048-922-0151; /cont/s####/ URL pattern,,
S0129,埼玉県,草加市,municipality,C,contact,https://www.city.soka.saitama.jp/cont/s1703/010/010/050/12.html,2026-02-15T23:30:00+09:00,200,https://www.city.soka.saitama.jp/cont/s1703/010/010/050/12.html,届出・証明の取扱窓口,ja,proprietary,,true,true,true,horizontal,true,keyword+category_filter,true,true,false,,false,false,false,false,,true,true,https://www.city.soka.saitama.jp/accessibility/,true,false,,false,false,false,,good,low,low,[contact] 届出・証明の取扱窓口; 日曜窓口あり; 窓口混雑状況確認可; tel=048-922-0151,,
S0129,埼玉県,草加市,municipality,C,service,https://www.city.soka.saitama.jp/cont/s1601/010/010/030/PAGE000000000000029256.html,2026-02-15T23:30:00+09:00,200,https://www.city.soka.saitama.jp/cont/s1601/010/010/030/PAGE000000000000029256.html,児童手当,ja,proprietary,,true,true,true,horizontal,true,keyword+category_filter,true,true,false,,false,false,false,false,,true,true,https://www.city.soka.saitama.jp/accessibility/,true,false,,true,false,false,,good,low,low,[service] 児童手当; R6.10制度改正; こども政策課3F; 15日以内申請要,,
S0129,埼玉県,草加市,municipality,C,hub,https://www.city.soka.saitama.jp/li/index.html,2026-02-15T23:30:00+09:00,200,https://www.city.soka.saitama.jp/li/index.html,暮らし・手続き,ja,proprietary,,true,true,true,horizontal,true,keyword+category_filter,false,true,false,,false,false,false,true,category_list,true,true,https://www.city.soka.saitama.jp/accessibility/,true,false,,false,false,false,,good,low,low,[hub] 暮らし・手続き; /li/ category hierarchy,,
S0129,埼玉県,草加市,municipality,C,article,https://www.city.soka.saitama.jp/li/060/030/070/index.html,2026-02-15T23:30:00+09:00,200,https://www.city.soka.saitama.jp/li/060/030/070/index.html,広報そうか,ja,proprietary,,true,true,true,horizontal,true,keyword+category_filter,true,true,false,,false,false,false,false,,true,true,https://www.city.soka.saitama.jp/accessibility/,true,false,,true,false,false,,good,low,low,[article] 広報そうか; 毎月1日発行; マチイロアプリ; 専用サイト/kohosoka/,,
S0130,千葉県,市川市,municipality,C,top,https://www.city.ichikawa.lg.jp/,2026-02-15T23:30:00+09:00,200,https://www.city.ichikawa.lg.jp/,市川市公式Webサイト,ja,custom,,true,true,true,horizontal,true,keyword,false,false,false,,true,true,true,true,icon_card,true,true,https://www.city.ichikawa.lg.jp/accessibility/,true,false,,false,false,false,,good,low,medium,[nav] 4cat(暮らし+事業者+文化観光+市政); [search] keyword(top50キーワード); [a11y] 見やすくする; [lang] EN+中文+한국(3); [sns] X+YouTube+Facebook+Instagram; [carousel] 4-5 rotating blocks; [hub] 暮らしのできごと8 personas(妊娠+入学+就職+引越+ごみ+余暇+高齢+戸籍); [a11y_link] Web アクセシビリティ(footer); tel=047-334-1111; 災害ポータル(常設),,
S0130,千葉県,市川市,municipality,C,contact,https://www.city.ichikawa.lg.jp/catpage/map-toiawase.html,2026-02-15T23:30:00+09:00,200,https://www.city.ichikawa.lg.jp/catpage/map-toiawase.html,各課への問い合わせ,ja,custom,,true,true,true,horizontal,true,keyword,true,true,false,,false,false,false,false,,true,true,https://www.city.ichikawa.lg.jp/accessibility/,true,false,,false,false,false,,good,low,medium,[contact] 各課への問い合わせ; 部門別メール問い合わせフォーム; 市へのご意見ページ別途あり,,
S0130,千葉県,市川市,municipality,C,service,https://www.city.ichikawa.lg.jp/chi02/1111000003.html,2026-02-15T23:30:00+09:00,200,https://www.city.ichikawa.lg.jp/chi02/1111000003.html,児童手当,ja,custom,,true,true,true,horizontal,true,keyword,true,true,false,,false,false,false,false,,true,true,https://www.city.ichikawa.lg.jp/accessibility/,true,false,,true,false,false,,good,low,medium,[service] 児童手当; R6.10所得制限撤廃; 偶数月10日支給; こども部,,
S0130,千葉県,市川市,municipality,C,hub,https://www.city.ichikawa.lg.jp/catpage/cat_00000605.html,2026-02-15T23:30:00+09:00,200,https://www.city.ichikawa.lg.jp/catpage/cat_00000605.html,暮らし,ja,custom,,true,true,true,horizontal,true,keyword,false,true,false,,false,false,false,true,category_list,true,true,https://www.city.ichikawa.lg.jp/accessibility/,true,false,,false,false,false,,good,low,medium,[hub] 暮らし; catpage URL pattern; nav-inferred URL,,
S0130,千葉県,市川市,municipality,C,article,https://www.city.ichikawa.lg.jp/catpage/cat_00000172.html,2026-02-15T23:30:00+09:00,200,https://www.city.ichikawa.lg.jp/catpage/cat_00000172.html,広報いちかわ,ja,custom,,true,true,true,horizontal,true,keyword,true,true,false,,false,false,false,false,,true,true,https://www.city.ichikawa.lg.jp/accessibility/,true,false,,true,false,false,,good,low,medium,[article] 広報いちかわ; 月2回(1日+第3土曜); PDF+HTML+マチイロ+メール配信,,
S0131,千葉県,松戸市,municipality,C,top,https://www.city.matsudo.chiba.jp/,2026-02-15T23:30:00+09:00,200,https://www.city.matsudo.chiba.jp/,松戸市｜やさシティ、まつど。,ja,jquery_based,,true,true,true,horizontal,true,keyword,false,false,false,,true,true,true,true,icon_card,true,true,https://www.city.matsudo.chiba.jp/accessibility/,true,false,,false,false,false,,good,low,medium,[nav] 7cat(くらし+子育て+福祉+市政+市の紹介+まつどの魅力+施設ガイド); [search] keyword; [a11y] 音声読み上げ・文字拡大; [lang] EN+中文+한국어+Vietnamese+Español+Português(6); [sns] LINE+公式SNS; [carousel] 6+items; [hub] ライフシーン8 icons(結婚+妊娠+高齢+弔事+ごみ+引越+相談+助成); [chatbot] AIチャットボット; [a11y_link] ウェブアクセシビリティ(footer); j-server translation; tel=047-366-1111,,
S0131,千葉県,松戸市,municipality,C,contact,https://www.city.matsudo.chiba.jp/shiminnokoe/otoiawase.html,2026-02-15T23:30:00+09:00,200,https://www.city.matsudo.chiba.jp/shiminnokoe/otoiawase.html,ご意見・お問い合わせ,ja,jquery_based,,true,true,true,horizontal,true,keyword,true,true,false,,false,false,false,false,,true,true,https://www.city.matsudo.chiba.jp/accessibility/,true,false,,false,false,false,,good,low,medium,[contact] ご意見・お問い合わせ; 部署検索+市長メール; 行政サービスセンター; tel=047-366-1111,,
S0131,千葉県,松戸市,municipality,C,service,https://www.city.matsudo.chiba.jp/kosodate/matsudodekosodate/kosodatenavi/teate_jyosei/jidouteateseido.html,2026-02-15T23:30:00+09:00,200,https://www.city.matsudo.chiba.jp/kosodate/matsudodekosodate/kosodatenavi/teate_jyosei/jidouteateseido.html,児童手当,ja,jquery_based,,true,true,true,horizontal,true,keyword,true,true,false,,false,false,false,false,,true,true,https://www.city.matsudo.chiba.jp/accessibility/,true,false,,true,false,false,,good,low,medium,[service] 児童手当; 15日以内申請要; 電子申請+コンビニ印刷対応; まつどDE子育て,,
S0131,千葉県,松戸市,municipality,C,hub,https://www.city.matsudo.chiba.jp/kurashi/index.html,2026-02-15T23:30:00+09:00,200,https://www.city.matsudo.chiba.jp/kurashi/index.html,くらし,ja,jquery_based,,true,true,true,horizontal,true,keyword,false,true,false,,false,false,false,true,category_icon,true,true,https://www.city.matsudo.chiba.jp/accessibility/,true,false,,false,false,false,,good,low,medium,[hub] くらし; category navigation,,
S0131,千葉県,松戸市,municipality,C,article,https://www.city.matsudo.chiba.jp/shisei/matsudo_kouhou/kouhoumatsudo.html,2026-02-15T23:30:00+09:00,200,https://www.city.matsudo.chiba.jp/shisei/matsudo_kouhou/kouhoumatsudo.html,広報まつど,ja,jquery_based,,true,true,true,horizontal,true,keyword,true,true,false,,false,false,false,false,,true,true,https://www.city.matsudo.chiba.jp/accessibility/,true,false,,true,false,false,,good,low,medium,[article] 広報まつど; PDF版; マチイロアプリ; 声の広報(DAISY CD); コンビニ配架,,
S0132,千葉県,浦安市,municipality,C,top,https://www.city.urayasu.lg.jp/,2026-02-15T23:30:00+09:00,200,https://www.city.urayasu.lg.jp/,浦安市公式サイト,ja,jquery_custom,,true,true,true,horizontal,true,keyword+page_id,false,false,false,,true,true,true,true,icon_shortcut,true,false,,true,false,,false,false,false,,good,low,low,[nav] 5cat(くらし+子育て+健康+生涯学習+市政); [search] keyword+page_id(suggest JSONP); [a11y] ReadSpeaker+文字サイズ・配色変更; [lang] Foreign languages; [sns] 浦安市のSNS; [carousel] custom jQuery(5slides+play/pause); [hub] 12 icon shortcuts(ごみ+施設+観光+バス+相談+引越+結婚+妊娠+子育て+入学+高齢+事業者); tel=047-351-1111,,
S0132,千葉県,浦安市,municipality,C,contact,https://www.city.urayasu.lg.jp/site/1005102.html,2026-02-15T23:30:00+09:00,200,https://www.city.urayasu.lg.jp/site/1005102.html,お問い合わせ,ja,jquery_custom,,true,true,true,horizontal,true,keyword+page_id,true,true,false,,false,false,false,false,,true,false,,true,false,,false,false,false,,good,low,low,[contact] お問い合わせ; 相談窓口一覧; 駅前行政サービスセンター; tel=047-351-1111,,
S0132,千葉県,浦安市,municipality,C,service,https://www.city.urayasu.lg.jp/kodomo/kosodate/teate/1000819.html,2026-02-15T23:30:00+09:00,200,https://www.city.urayasu.lg.jp/kodomo/kosodate/teate/1000819.html,児童手当,ja,jquery_custom,,true,true,true,horizontal,true,keyword+page_id,true,true,false,,false,false,false,false,,true,false,,true,false,,true,false,false,,good,low,low,[service] 児童手当; オンライン申請対応; FAQ充実; こども課,,
S0132,千葉県,浦安市,municipality,C,hub,https://www.city.urayasu.lg.jp/todokede/index.html,2026-02-15T23:30:00+09:00,200,https://www.city.urayasu.lg.jp/todokede/index.html,届出・届け出,ja,jquery_custom,,true,true,true,horizontal,true,keyword+page_id,false,true,false,,false,false,false,true,category_list,true,false,,true,false,,false,false,false,,good,low,low,[hub] くらし・手続き; /todokede/ = 届出系カテゴリ,,
S0132,千葉県,浦安市,municipality,C,article,https://www.city.urayasu.lg.jp/shisei/koho/magazine/index.html,2026-02-15T23:30:00+09:00,200,https://www.city.urayasu.lg.jp/shisei/koho/magazine/index.html,広報うらやす,ja,jquery_custom,,true,true,true,horizontal,true,keyword+page_id,true,true,false,,false,false,false,false,,true,false,,true,false,,true,false,false,,good,low,low,[article] 広報うらやす; 月2回(1日+15日); 新聞折込6紙; 声のCD版; City News(英語版月1回),,
S0133,栃木県,小山市,municipality,C,top,https://www.city.oyama.tochigi.jp/,2026-02-15T23:30:00+09:00,200,https://www.city.oyama.tochigi.jp/,小山市公式ホームページ,ja,custom,,true,true,true,horizontal,false,,false,false,false,,true,true,true,true,icon_card,true,false,,true,false,,false,false,false,,good,low,low,[nav] 6cat(くらし+子育て+健康+産業+観光+市政); [search] not_visible; [a11y] ReadSpeaker+文字サイズ(標準/拡大)+高コントラスト(白青黄黒); [lang] MULTILINGUAL; [sns] X+Facebook+Instagram+LINE+YouTube(5); [carousel] 4 banners; [hub] icon cards(救急+防災+ごみ+住まい+施設+市民活動+スポーツ+観光+事業者); [chatbot] チャットボット; GA(G-J6FS4F2EQV); tel=0285-23-1111,,
S0133,栃木県,小山市,municipality,C,contact,https://www.city.oyama.tochigi.jp/inq.php,2026-02-15T23:30:00+09:00,200,https://www.city.oyama.tochigi.jp/inq.php,お問い合わせ,ja,custom,,true,true,true,horizontal,false,,true,true,false,,false,false,false,false,,true,false,,true,false,,false,false,false,,good,low,low,[contact] お問い合わせ; 各課紹介(/soshiki/); 延長窓口(火曜19時まで); 第2日曜休日窓口; tel=0285-23-1111,,
S0133,栃木県,小山市,municipality,C,service,https://www.city.oyama.tochigi.jp/kosodate-kyouiku/mokuteki/josei-soudan/page004647.html,2026-02-15T23:30:00+09:00,200,https://www.city.oyama.tochigi.jp/kosodate-kyouiku/mokuteki/josei-soudan/page004647.html,児童手当,ja,custom,,true,true,true,horizontal,false,,true,true,false,,false,false,false,false,,true,false,,true,false,,true,false,false,,good,low,low,[service] 児童手当; R6.10制度改正; 偶数月8日支給; 助成・相談カテゴリ,,
S0133,栃木県,小山市,municipality,C,hub,https://www.city.oyama.tochigi.jp/kurashi/index.html,2026-02-15T23:30:00+09:00,200,https://www.city.oyama.tochigi.jp/kurashi/index.html,くらし,ja,custom,,true,true,true,horizontal,false,,false,true,false,,false,false,false,true,category_icon,true,false,,true,false,,false,false,false,,good,low,low,[hub] くらし; category navigation,,
S0133,栃木県,小山市,municipality,C,article,https://www.city.oyama.tochigi.jp/shisei/citypro/koho/kouhou/,2026-02-15T23:30:00+09:00,200,https://www.city.oyama.tochigi.jp/shisei/citypro/koho/kouhou/,広報おやま,ja,custom,,true,true,true,horizontal,false,,true,true,false,,false,false,false,false,,true,false,,true,false,,true,false,false,,good,low,low,[article] 広報おやま; 自治会配布; デジタル版(カタログポケット+マチイロ+マイ広報+TOCHIGI ebooks); SNS+コミュニティTV+ラジオ,,
S0134,埼玉県,熊谷市,municipality,C,top,https://www.city.kumagaya.lg.jp/,2026-02-15T23:45:00+09:00,200,https://www.city.kumagaya.lg.jp/,熊谷市ホームページ,ja,jquery_based,,true,true,true,horizontal,true,keyword,false,false,false,,true,true,true,true,persona_card+icon_grid,true,false,,true,false,,false,false,false,,good,low,low,[nav] 6cat; [search] keyword; [a11y] 音声読み上げ+拡大+高コントラスト; [sns] Instagram+X+YouTube+Facebook(4); [carousel] image_slide; [hub] ペルソナ型4+icon_grid; CumaPA digital通貨,,
S0134,埼玉県,熊谷市,municipality,C,contact,https://www.city.kumagaya.lg.jp/shisetsu/shiyakusho/annai/shiyakusho.html,2026-02-15T23:45:00+09:00,200,https://www.city.kumagaya.lg.jp/shisetsu/shiyakusho/annai/shiyakusho.html,市役所案内｜熊谷市,ja,jquery_based,,true,true,true,horizontal,true,keyword,true,true,false,,false,false,false,false,,true,false,,true,false,,false,false,false,,good,low,low,[contact] 市役所案内; フロア案内; tel=048-524-1111,,
S0134,埼玉県,熊谷市,municipality,C,service,https://www.city.kumagaya.lg.jp/kosodate/teate/shin_jidouteate.html,2026-02-15T23:45:00+09:00,200,https://www.city.kumagaya.lg.jp/kosodate/teate/shin_jidouteate.html,児童手当｜熊谷市,ja,jquery_based,,true,true,true,horizontal,true,keyword,true,true,false,,false,false,false,false,,true,false,,false,false,,true,false,true,pdf,good,low,medium,[service] 児童手当; 対象・支給額・手続き; こども課; PDF様式あり,,
S0134,埼玉県,熊谷市,municipality,C,hub,https://www.city.kumagaya.lg.jp/kurashi/index.html,2026-02-15T23:45:00+09:00,200,https://www.city.kumagaya.lg.jp/kurashi/index.html,くらし｜熊谷市,ja,jquery_based,,true,true,true,horizontal,true,keyword,false,false,false,,false,false,false,true,icon_grid,true,false,,false,false,,false,false,false,,good,low,low,[hub] くらし; icon_grid(届出+税+保険+住宅+環境+防災...),,
S0134,埼玉県,熊谷市,municipality,C,article,https://www.city.kumagaya.lg.jp/about/kouhou/shiho/index.html,2026-02-15T23:45:00+09:00,200,https://www.city.kumagaya.lg.jp/about/kouhou/shiho/index.html,市報くまがや｜熊谷市,ja,jquery_based,,true,true,true,horizontal,true,keyword,true,true,false,,false,false,false,false,,true,false,,false,false,,true,false,true,pdf,good,low,medium,[article] 市報くまがや; 月2回発行; PDF版+電子書籍; バックナンバー,,
S0135,埼玉県,春日部市,municipality,C,top,https://www.city.kasukabe.lg.jp/,2026-02-15T23:45:00+09:00,200,https://www.city.kasukabe.lg.jp/,春日部市公式ホームページ,ja,smart_cms,,true,true,true,horizontal,true,keyword+page_id,false,false,true,influenza_alert,true,true,true,true,life_event_card,true,false,,true,false,,false,false,false,,good,low,low,[nav] 6cat; [search] keyword+page_id; [a11y] 音声読み上げ+拡大+ふりがな; [lang] EN+中+韓+やさしい(4); [sns] YouTube+X+Facebook+LINE+Instagram+TikTok(6); [carousel] custom_js; [hub] こんなときは8 life events; [emergency] インフルエンザ流行警報発令中; SMART CMS,,
S0135,埼玉県,春日部市,municipality,C,contact,https://www.city.kasukabe.lg.jp/soshikikarasagasu/kanzaika/gyomuannai/4/1/2/23835.html,2026-02-15T23:45:00+09:00,200,https://www.city.kasukabe.lg.jp/soshikikarasagasu/kanzaika/gyomuannai/4/1/2/23835.html,管財課 庁舎案内｜春日部市,ja,smart_cms,,true,true,true,horizontal,true,keyword+page_id,true,true,true,influenza_alert,false,false,false,false,,true,false,,true,false,,false,false,false,,good,low,low,[contact] 管財課 庁舎案内; フロアガイド; tel=048-736-1111,,
S0135,埼玉県,春日部市,municipality,C,service,https://www.city.kasukabe.lg.jp/soshikikarasagasu/shien/gyomuannai/2/3/2992.html,2026-02-15T23:45:00+09:00,200,https://www.city.kasukabe.lg.jp/soshikikarasagasu/shien/gyomuannai/2/3/2992.html,児童手当｜春日部市,ja,smart_cms,,true,true,true,horizontal,true,keyword+page_id,true,true,true,influenza_alert,false,false,false,false,,true,false,,false,false,,true,false,true,pdf,good,low,medium,[service] 児童手当; 対象・支給額・手続き; 子育て支援課; PDF様式あり,,
S0135,埼玉県,春日部市,municipality,C,hub,https://www.city.kasukabe.lg.jp/kurashi/index.html,2026-02-15T23:45:00+09:00,200,https://www.city.kasukabe.lg.jp/kurashi/index.html,暮らし｜春日部市,ja,smart_cms,,true,true,true,horizontal,true,keyword+page_id,false,false,true,influenza_alert,false,false,false,true,category_list,true,false,,false,false,,false,false,false,,good,low,low,[hub] 暮らし; カテゴリ分類型; サブカテゴリ展開,,
S0135,埼玉県,春日部市,municipality,C,article,https://www.city.kasukabe.lg.jp/shiseijoho/koho/kohokasukabe/index.html,2026-02-15T23:45:00+09:00,200,https://www.city.kasukabe.lg.jp/shiseijoho/koho/kohokasukabe/index.html,広報かすかべ｜春日部市,ja,smart_cms,,true,true,true,horizontal,true,keyword+page_id,true,true,true,influenza_alert,false,false,false,false,,true,false,,false,false,,true,false,true,pdf,good,low,medium,[article] 広報かすかべ; 月1回発行; PDF版+電子書籍; バックナンバー,,
S0136,神奈川県,平塚市,municipality,C,top,https://www.city.hiratsuka.kanagawa.jp/,2026-02-15T23:45:00+09:00,200,https://www.city.hiratsuka.kanagawa.jp/,平塚市,ja,proprietary,,true,true,true,horizontal,true,google_cse,false,false,false,,true,true,true,true,icon_grid,true,true,https://www.city.hiratsuka.kanagawa.jp/common/accessibility.html,true,false,,false,false,false,,good,low,low,[nav] 6cat; [search] Google CSE; [a11y] ウェブアクセシビリティ方針+AI chatbot(ai-staff.net); [lang] EN+中+韓+やさしい(4); [sns] YouTube+X+Facebook+LINE(4); [carousel] image_slide; [hub] icon_grid; page-c_XXXXX URL,,
S0136,神奈川県,平塚市,municipality,C,contact,https://www.city.hiratsuka.kanagawa.jp/shiyakusho/page-c_00383.html,2026-02-15T23:45:00+09:00,200,https://www.city.hiratsuka.kanagawa.jp/shiyakusho/page-c_00383.html,各課のご案内｜平塚市,ja,proprietary,,true,true,true,horizontal,true,google_cse,true,true,false,,false,false,false,false,,true,true,https://www.city.hiratsuka.kanagawa.jp/common/accessibility.html,true,false,,false,false,false,,good,low,low,[contact] 各課のご案内; 部署一覧+電話+業務; tel=0463-23-1111,,
S0136,神奈川県,平塚市,municipality,C,service,https://www.city.hiratsuka.kanagawa.jp/kodomo/page-c_03182.html,2026-02-15T23:45:00+09:00,200,https://www.city.hiratsuka.kanagawa.jp/kodomo/page-c_03182.html,児童手当｜平塚市,ja,proprietary,,true,true,true,horizontal,true,google_cse,true,true,false,,false,false,false,false,,true,true,https://www.city.hiratsuka.kanagawa.jp/common/accessibility.html,false,false,,true,false,true,pdf,good,low,medium,[service] 児童手当; 対象・支給額・手続き; こども家庭課; PDF様式,,
S0136,神奈川県,平塚市,municipality,C,hub,https://www.city.hiratsuka.kanagawa.jp/kurashi/index.html,2026-02-15T23:45:00+09:00,200,https://www.city.hiratsuka.kanagawa.jp/kurashi/index.html,暮らし・手続き｜平塚市,ja,proprietary,,true,true,true,horizontal,true,google_cse,false,false,false,,false,false,false,true,icon_grid,true,true,https://www.city.hiratsuka.kanagawa.jp/common/accessibility.html,false,false,,false,false,false,,good,low,low,[hub] 暮らし・手続き; icon_grid; カテゴリ分類型,,
S0136,神奈川県,平塚市,municipality,C,article,https://www.city.hiratsuka.kanagawa.jp/koho/hiratsuka.html,2026-02-15T23:45:00+09:00,200,https://www.city.hiratsuka.kanagawa.jp/koho/hiratsuka.html,広報ひらつか｜平塚市,ja,proprietary,,true,true,true,horizontal,true,google_cse,true,true,false,,false,false,false,false,,true,true,https://www.city.hiratsuka.kanagawa.jp/common/accessibility.html,false,false,,true,false,true,pdf,good,low,medium,[article] 広報ひらつか; 毎月第1・3金曜日; PDF版+電子書籍; バックナンバー,,
S0137,神奈川県,藤沢市,municipality,C,top,https://www.city.fujisawa.kanagawa.jp/,2026-02-15T23:45:00+09:00,200,https://www.city.fujisawa.kanagawa.jp/,藤沢市ホームページ,ja,jquery_based,,true,true,true,horizontal,true,keyword+page_number,false,false,false,,true,true,true,true,icon_grid,true,true,https://www.city.fujisawa.kanagawa.jp/koho/web-accessibility.html,true,false,,false,false,false,,good,low,low,[nav] 6cat; [search] keyword+page_number; [a11y] 音声読み上げ+ウェブアクセシビリティ方針; [lang] EN+中+韓+やさしい(4); [sns] X+Facebook+LINE(3); [carousel] image_slide; [hub] 4x12 icon_grid; コンタクトセンター案内,,
S0137,神奈川県,藤沢市,municipality,C,contact,https://www.city.fujisawa.kanagawa.jp/otoiawase/index.html,2026-02-15T23:45:00+09:00,200,https://www.city.fujisawa.kanagawa.jp/otoiawase/index.html,お問い合わせ｜藤沢市,ja,jquery_based,,true,true,true,horizontal,true,keyword+page_number,true,true,false,,false,false,false,false,,true,true,https://www.city.fujisawa.kanagawa.jp/koho/web-accessibility.html,true,true,web_form,false,false,false,,good,low,low,[contact] お問い合わせ; コンタクトセンター 0466-25-1111; Webフォーム,,
S0137,神奈川県,藤沢市,municipality,C,service,https://www.city.fujisawa.kanagawa.jp/kosodate/kenko/kosodate/teate/jidouteatecopy.html,2026-02-15T23:45:00+09:00,200,https://www.city.fujisawa.kanagawa.jp/kosodate/kenko/kosodate/teate/jidouteatecopy.html,児童手当｜藤沢市,ja,jquery_based,,true,true,true,horizontal,true,keyword+page_number,true,true,false,,false,false,false,false,,true,true,https://www.city.fujisawa.kanagawa.jp/koho/web-accessibility.html,false,false,,true,false,true,pdf,good,low,medium,[service] 児童手当; 対象・支給額・手続き; 子育て給付課; PDF様式,,
S0137,神奈川県,藤沢市,municipality,C,hub,https://www.city.fujisawa.kanagawa.jp/kurashi/index.html,2026-02-15T23:45:00+09:00,200,https://www.city.fujisawa.kanagawa.jp/kurashi/index.html,暮らし・環境｜藤沢市,ja,jquery_based,,true,true,true,horizontal,true,keyword+page_number,false,false,false,,false,false,false,true,icon_grid,true,true,https://www.city.fujisawa.kanagawa.jp/koho/web-accessibility.html,false,false,,false,false,false,,good,low,low,[hub] 暮らし・環境; icon_grid; カテゴリ分類型,,
S0137,神奈川県,藤沢市,municipality,C,article,https://www.city.fujisawa.kanagawa.jp/shise/koho/kohofujisawa/index.html,2026-02-15T23:45:00+09:00,200,https://www.city.fujisawa.kanagawa.jp/shise/koho/kohofujisawa/index.html,広報ふじさわ｜藤沢市,ja,jquery_based,,true,true,true,horizontal,true,keyword+page_number,true,true,false,,false,false,false,false,,true,true,https://www.city.fujisawa.kanagawa.jp/koho/web-accessibility.html,false,false,,true,false,true,pdf,good,low,medium,[article] 広報ふじさわ; 毎月10日・25日; PDF版+電子書籍; バックナンバー,,
S0138,神奈川県,鎌倉市,municipality,C,top,https://www.city.kamakura.kanagawa.jp/,2026-02-15T23:45:00+09:00,200,https://www.city.kamakura.kanagawa.jp/,鎌倉市,ja,jquery_based,,true,true,true,horizontal,true,keyword,false,false,false,,true,true,true,true,audience_card,true,true,https://www.city.kamakura.kanagawa.jp/seisaku/web-accessibility.html,true,false,,false,false,false,,good,low,low,[nav] 6cat(くらし+防災+観光+子育て+健康+市政); [search] keyword; [a11y] ReadSpeaker+ウェブアクセシビリティ基本方針; [lang] EN+中+韓+やさしい(4); j-server翻訳; [sns] X+Facebook+YouTube+LINE(4); [carousel] image_slide; [hub] audience_card,,
S0138,神奈川県,鎌倉市,municipality,C,contact,https://www.city.kamakura.kanagawa.jp/otoiawase/,2026-02-15T23:45:00+09:00,200,https://www.city.kamakura.kanagawa.jp/otoiawase/,お問い合わせ｜鎌倉市,ja,jquery_based,,true,true,true,horizontal,true,keyword,true,true,false,,false,false,false,false,,true,true,https://www.city.kamakura.kanagawa.jp/seisaku/web-accessibility.html,true,true,web_form,false,false,false,,good,low,low,[contact] お問い合わせ; 各課一覧+電話; Webフォーム; tel=0467-23-3000,,
S0138,神奈川県,鎌倉市,municipality,C,service,https://www.city.kamakura.kanagawa.jp/kosodate/bf212.html,2026-02-15T23:45:00+09:00,200,https://www.city.kamakura.kanagawa.jp/kosodate/bf212.html,児童手当｜鎌倉市,ja,jquery_based,,true,true,true,horizontal,true,keyword,true,true,false,,false,false,false,false,,true,true,https://www.city.kamakura.kanagawa.jp/seisaku/web-accessibility.html,false,false,,true,false,true,pdf,good,low,medium,[service] 児童手当; 対象・支給額; こどもみらい課; PDF; bf212.html,,
S0138,神奈川県,鎌倉市,municipality,C,hub,https://www.city.kamakura.kanagawa.jp/kurashi/index.html,2026-02-15T23:45:00+09:00,200,https://www.city.kamakura.kanagawa.jp/kurashi/index.html,くらし・環境｜鎌倉市,ja,jquery_based,,true,true,true,horizontal,true,keyword,false,false,false,,false,false,false,true,category_list,true,true,https://www.city.kamakura.kanagawa.jp/seisaku/web-accessibility.html,false,false,,false,false,false,,good,low,low,[hub] くらし・環境; カテゴリ分類型; サブカテゴリ展開,,
S0138,神奈川県,鎌倉市,municipality,C,article,https://www.city.kamakura.kanagawa.jp/shisei/kouhou/kamakura/index.html,2026-02-15T23:45:00+09:00,200,https://www.city.kamakura.kanagawa.jp/shisei/kouhou/kamakura/index.html,広報かまくら｜鎌倉市,ja,jquery_based,,true,true,true,horizontal,true,keyword,true,true,false,,false,false,false,false,,true,true,https://www.city.kamakura.kanagawa.jp/seisaku/web-accessibility.html,false,false,,true,false,true,pdf,good,low,medium,[article] 広報かまくら; 毎月1日発行; PDF版+電子書籍; バックナンバー,,
S0140,東京都,檜原村,municipality,D,top,https://www.vill.hinohara.tokyo.jp/,2026-02-15T23:45:00+09:00,200,https://www.vill.hinohara.tokyo.jp/,檜原村ホームページ,ja,drupal_like,,false,true,true,horizontal,true,keyword+article_id,false,false,false,,true,false,false,true,life_event_card,true,false,,true,false,,false,false,false,,fair,low,medium,[nav] 4cat(暮らし+村の情報+観光+事業者); [search] keyword+article_id; [sns] Facebook+X(2); [hub] 8 life events; 人口1901人; Drupal-like CMS; no carousel; no pickup,,
S0140,東京都,檜原村,municipality,D,contact,https://www.vill.hinohara.tokyo.jp/soshiki_list.html,2026-02-15T23:45:00+09:00,200,https://www.vill.hinohara.tokyo.jp/soshiki_list.html,各課窓口一覧｜檜原村,ja,drupal_like,,false,true,true,horizontal,true,keyword+article_id,true,false,false,,false,false,false,false,,true,false,,true,false,,false,false,false,,fair,low,medium,[contact] 各課窓口一覧; 組織+電話+メール; tel=042-598-1011; 小規模(8課),,
S0140,東京都,檜原村,municipality,D,service,https://www.vill.hinohara.tokyo.jp/soshiki/4-4-0-0-0_1.html,2026-02-15T23:45:00+09:00,200,https://www.vill.hinohara.tokyo.jp/soshiki/4-4-0-0-0_1.html,子育て支援係｜檜原村,ja,drupal_like,,false,true,true,horizontal,true,keyword+article_id,true,true,false,,false,false,false,false,,true,false,,false,false,,true,false,false,,fair,low,medium,[service] 子育て支援係(児童手当含む部署ページ); 専用ページなし; 福祉けんこう課,,
S0140,東京都,檜原村,municipality,D,hub,https://www.vill.hinohara.tokyo.jp/category/1-0-0-0-0-0-0-0-0-0.html,2026-02-15T23:45:00+09:00,200,https://www.vill.hinohara.tokyo.jp/category/1-0-0-0-0-0-0-0-0-0.html,暮らしの情報｜檜原村,ja,drupal_like,,false,true,true,horizontal,true,keyword+article_id,false,false,false,,false,false,false,true,category_list,true,false,,false,false,,false,false,false,,fair,low,medium,[hub] 暮らしの情報; category_list; /category/ URL pattern; 小規模,,
S0140,東京都,檜原村,municipality,D,article,https://www.vill.hinohara.tokyo.jp/category/2-0-0-0-0-0-0-0-0-0.html,2026-02-15T23:45:00+09:00,200,https://www.vill.hinohara.tokyo.jp/category/2-0-0-0-0-0-0-0-0-0.html,村の情報｜檜原村,ja,drupal_like,,false,true,true,horizontal,true,keyword+article_id,true,false,false,,false,false,false,false,,true,false,,false,false,,true,false,false,,fair,low,medium,[article] 村の情報; 広報ひのはら含むカテゴリ; PDF版; 議会だより含む,,
S0141,東京都,奥多摩町,municipality,D,top,https://www.town.okutama.tokyo.jp/,2026-02-15T23:45:00+09:00,200,https://www.town.okutama.tokyo.jp/,奥多摩町ホームページ,ja,smart_cms,,true,true,true,horizontal,true,keyword+file_type_filter,false,false,false,,true,false,false,true,site_card,true,true,https://www.town.okutama.tokyo.jp/accessibility.html,true,false,,false,false,false,,good,low,low,[nav] 6cat; [search] keyword+file_type_filter; [a11y] アクセシビリティ(footer); [lang] EN(1); [hub] 3 site cards; J-ALERT常設(=非emergency); SMART CMS; 人口約4700人,,
S0141,東京都,奥多摩町,municipality,D,contact,https://www.town.okutama.tokyo.jp/1/somuka/yakubashokai/786.html,2026-02-15T23:45:00+09:00,200,https://www.town.okutama.tokyo.jp/1/somuka/yakubashokai/786.html,役場案内｜奥多摩町,ja,smart_cms,,true,true,true,horizontal,true,keyword+file_type_filter,true,true,false,,false,false,false,false,,true,true,https://www.town.okutama.tokyo.jp/accessibility.html,true,false,,false,false,false,,good,low,low,[contact] 総務課/役場案内; 各課+電話; tel=0428-83-2111; 小規模庁舎,,
S0141,東京都,奥多摩町,municipality,D,service,https://www.town.okutama.tokyo.jp/1/fukushihokenka/kosodate_kyoiku/825.html,2026-02-15T23:45:00+09:00,200,https://www.town.okutama.tokyo.jp/1/fukushihokenka/kosodate_kyoiku/825.html,児童福祉手当｜奥多摩町,ja,smart_cms,,true,true,true,horizontal,true,keyword+file_type_filter,true,true,false,,false,false,false,false,,true,true,https://www.town.okutama.tokyo.jp/accessibility.html,false,false,,true,false,false,,good,low,low,[service] 児童福祉手当; 福祉保健課; SMART CMS /1/ paths,,
S0141,東京都,奥多摩町,municipality,D,hub,https://www.town.okutama.tokyo.jp/,2026-02-15T23:45:00+09:00,200,https://www.town.okutama.tokyo.jp/,奥多摩町ホームページ,ja,smart_cms,,true,true,true,horizontal,true,keyword+file_type_filter,false,false,false,,true,false,false,true,site_card,true,true,https://www.town.okutama.tokyo.jp/accessibility.html,true,false,,false,false,false,,good,low,low,[hub] top=hub兼用; 3 site cards(暮らし+観光+町政); 小規模自治体,,
S0141,東京都,奥多摩町,municipality,D,article,https://www.town.okutama.tokyo.jp/gyosei/8/koho_kocho/kohookutama/index.html,2026-02-15T23:45:00+09:00,200,https://www.town.okutama.tokyo.jp/gyosei/8/koho_kocho/kohookutama/index.html,広報おくたま｜奥多摩町,ja,smart_cms,,true,true,true,horizontal,true,keyword+file_type_filter,true,true,false,,false,false,false,false,,true,true,https://www.town.okutama.tokyo.jp/accessibility.html,false,false,,true,false,true,pdf,good,low,medium,[article] 広報おくたま; 月1回; PDF版; バックナンバー; SMART CMS,,
S0142,東京都,神津島村,municipality,D,top,https://www.vill.kouzushima.tokyo.jp/,2026-02-15T23:55:00+09:00,200,https://www.vill.kouzushima.tokyo.jp/,神津島村,ja,wordpress,kouzushima-child,true,true,true,horizontal,false,,false,false,false,,true,true,true,true,banner_link,false,false,,true,false,,false,false,false,,fair,low,medium,[nav] 5cat(くらし+防災+各課+観光+村について); [search] なし; [sns] YouTube+RSS; [lang] Google Translate 11言語; [carousel] Swiper fade(5sec); [hub] banner_link(図書館+キャンプ場+学校+防災); 離島; WordPress; 天気ウィジェット(OpenWeatherMap); 人口統計表示,,
S0142,東京都,神津島村,municipality,D,contact,https://www.vill.kouzushima.tokyo.jp/busyo/,2026-02-15T23:55:00+09:00,200,https://www.vill.kouzushima.tokyo.jp/busyo/,各課のページ｜神津島村,ja,wordpress,kouzushima-child,true,true,true,horizontal,false,,true,false,false,,false,false,false,false,,false,false,,true,false,,false,false,false,,fair,low,medium,[contact] 各課のページ; 小規模組織; tel=04992-8-0011; 総務課+福祉課+産業観光課+教育課等,,
S0142,東京都,神津島村,municipality,D,hub,https://www.vill.kouzushima.tokyo.jp/kurashi/,2026-02-15T23:55:00+09:00,200,https://www.vill.kouzushima.tokyo.jp/kurashi/,くらし・手続き｜神津島村,ja,wordpress,kouzushima-child,true,true,true,horizontal,false,,false,false,false,,false,false,false,true,category_list,false,false,,false,false,,false,false,false,,fair,low,medium,[hub] くらし・手続き; カテゴリ一覧; WordPress固定ページ; 小規模自治体,,
S0142,東京都,神津島村,municipality,D,article,https://www.vill.kouzushima.tokyo.jp/2025-0606/,2026-02-15T23:55:00+09:00,200,https://www.vill.kouzushima.tokyo.jp/2025-0606/,広報こうづ（令和7年6月号）｜神津島村,ja,wordpress,kouzushima-child,true,true,true,horizontal,false,,true,false,false,,false,false,false,false,,false,false,,false,false,,true,false,true,pdf,fair,low,medium,[article] 広報こうづ; PDF版; WordPress投稿; バックナンバーあり,,
S0143,神奈川県,大磯町,municipality,D,top,https://www.town.oiso.kanagawa.jp/,2026-02-15T23:55:00+09:00,200,https://www.town.oiso.kanagawa.jp/,ホーム／大磯町ホームページ,ja,smart_cms,,true,true,true,horizontal,true,keyword,false,false,false,,false,true,true,true,life_event_card,true,true,https://www.town.oiso.kanagawa.jp/gyosei/kouhoukoutyou/accessibility/index.html,true,false,,false,false,false,,good,low,low,"[nav] 6cat(くらし+子育て+健康+文化+観光+町政); [search] keyword+popular_tags; [a11y] ウェブアクセシビリティ方針+文字サイズ+背景色; [sns] LINE+YouTube+Instagram+Facebook(4); [lang] Foreign Language; [carousel] responsive_banner; [hub] ライフシーン12 life events+サービスカード; SMART CMS; 人口30,458; 防災アプリ",,
S0143,神奈川県,大磯町,municipality,D,contact,https://www.town.oiso.kanagawa.jp/soshiki/seisaku/seisaku/tantou/meyasubako_1/19855.html,2026-02-15T23:55:00+09:00,200,https://www.town.oiso.kanagawa.jp/soshiki/seisaku/seisaku/tantou/meyasubako_1/19855.html,各課へのお問い合わせ／大磯町,ja,smart_cms,,true,true,true,horizontal,true,keyword,true,true,false,,false,false,false,false,,true,true,https://www.town.oiso.kanagawa.jp/gyosei/kouhoukoutyou/accessibility/index.html,true,false,,false,false,false,,good,low,low,[contact] 各課へのお問い合わせ; 部署一覧+電話+業務; tel=0463-61-4100,,
S0143,神奈川県,大磯町,municipality,D,service,https://www.town.oiso.kanagawa.jp/soshiki/chomin/kosodate/tanto/kosodate_josei_teate/21634.html,2026-02-15T23:55:00+09:00,200,https://www.town.oiso.kanagawa.jp/soshiki/chomin/kosodate/tanto/kosodate_josei_teate/21634.html,児童手当の改正｜大磯町,ja,smart_cms,,true,true,true,horizontal,true,keyword,true,true,false,,false,false,false,false,,true,true,https://www.town.oiso.kanagawa.jp/gyosei/kouhoukoutyou/accessibility/index.html,false,false,,true,false,true,pdf,good,low,medium,[service] 児童手当の改正(令和6年10月分以降); 対象・支給額; 子育て支援課; PDF様式,,
S0143,神奈川県,大磯町,municipality,D,hub,https://www.town.oiso.kanagawa.jp/kurashi/index.html,2026-02-15T23:55:00+09:00,200,https://www.town.oiso.kanagawa.jp/kurashi/index.html,くらし・安心／大磯町,ja,smart_cms,,true,true,true,horizontal,true,keyword,true,false,false,,false,false,false,true,category_list,true,true,https://www.town.oiso.kanagawa.jp/gyosei/kouhoukoutyou/accessibility/index.html,false,false,,false,false,false,,good,low,low,[hub] くらし・安心; 12カテゴリ(戸籍+防災+年金+税+ごみ+交通+環境+相談+ペット+上下水道+自治会+消防); category_list型,,
S0143,神奈川県,大磯町,municipality,D,article,https://www.town.oiso.kanagawa.jp/gyosei/kouhoukoutyou/ooiso/index.html,2026-02-15T23:55:00+09:00,200,https://www.town.oiso.kanagawa.jp/gyosei/kouhoukoutyou/ooiso/index.html,広報おおいそ／大磯町,ja,smart_cms,,true,true,true,horizontal,true,keyword,true,true,false,,false,false,false,false,,true,true,https://www.town.oiso.kanagawa.jp/gyosei/kouhoukoutyou/accessibility/index.html,false,false,,true,false,true,pdf,good,low,medium,[article] 広報おおいそ; バックナンバー(2015-); PDF版,,
S0144,神奈川県,葉山町,municipality,D,top,https://www.town.hayama.lg.jp/,2026-02-15T23:55:00+09:00,200,https://www.town.hayama.lg.jp/,ホーム／葉山町,ja,smart_cms,,true,true,true,horizontal,true,specialized_search,false,false,false,,false,true,true,true,life_event_card,true,true,https://www.town.hayama.lg.jp/accessibility/,true,false,,false,false,false,,good,low,low,"[nav] 5cat(暮らし+子育て+遊び+健康+町政); [search] 6専門検索(防災+ごみ+申請+医療+施設+役場); [a11y] ウェブアクセシビリティ+文字サイズ+背景色; [sns] LINE+Instagram+X+SNS一覧; [lang] Google Translate 6言語(EN+中簡繁+韓+ES+FR); [carousel] 3 images; [hub] ライフシーン12 life events; SMART CMS; 人口31,431; 100周年",,
S0144,神奈川県,葉山町,municipality,D,contact,https://www.town.hayama.lg.jp/chousei/jouhou/3/index.html,2026-02-15T23:55:00+09:00,200,https://www.town.hayama.lg.jp/chousei/jouhou/3/index.html,葉山町役場／葉山町,ja,smart_cms,,true,true,true,horizontal,true,specialized_search,true,true,false,,false,false,false,false,,true,true,https://www.town.hayama.lg.jp/accessibility/,true,false,,false,false,false,,good,low,low,[contact] 葉山町役場; 所在地+電話+開庁時間; tel=046-876-1111; 8:30-17:00,,
S0144,神奈川県,葉山町,municipality,D,service,https://www.town.hayama.lg.jp/soshiki/ikusei/5_1/15062.html,2026-02-15T23:55:00+09:00,200,https://www.town.hayama.lg.jp/soshiki/ikusei/5_1/15062.html,児童手当（令和6年10月分から）｜葉山町,ja,smart_cms,,true,true,true,horizontal,true,specialized_search,true,true,false,,false,false,false,false,,true,true,https://www.town.hayama.lg.jp/accessibility/,false,false,,true,false,true,pdf,good,low,medium,[service] 児童手当(令和6年10月改正); 対象・支給額; 子ども育成課; PDF様式,,
S0144,神奈川県,葉山町,municipality,D,hub,https://www.town.hayama.lg.jp/kurashi/index.html,2026-02-15T23:55:00+09:00,200,https://www.town.hayama.lg.jp/kurashi/index.html,暮らし・手続き／葉山町,ja,smart_cms,,true,true,true,horizontal,true,specialized_search,true,true,false,,false,false,false,true,category_list,true,true,https://www.town.hayama.lg.jp/accessibility/,false,false,,false,false,false,,good,low,low,[hub] 暮らし・手続き; 11カテゴリ(防災+届出+住まい+保険+税+相談+消費+人権+申請書+助成+外国人); はやまLifeバナー,,
S0144,神奈川県,葉山町,municipality,D,article,https://www.town.hayama.lg.jp/soshiki/seisaku/5/3/index.html,2026-02-15T23:55:00+09:00,200,https://www.town.hayama.lg.jp/soshiki/seisaku/5/3/index.html,広報葉山／葉山町,ja,smart_cms,,true,true,true,horizontal,true,specialized_search,true,true,false,,false,false,false,false,,true,true,https://www.town.hayama.lg.jp/accessibility/,false,false,,true,false,true,pdf,good,low,medium,[article] 広報葉山; PDF+音声版; バックナンバー(R7-R3+H30以前),,
S0145,栃木県,那須町,municipality,D,top,https://www.town.nasu.lg.jp/,2026-02-15T23:55:00+09:00,200,https://www.town.nasu.lg.jp/,那須町トップページ,ja,proprietary,jquery,false,true,true,icon_card,false,,false,false,false,,false,false,true,true,icon_card,true,false,,true,false,,false,false,false,,fair,low,medium,[nav] 5 icon_card(くらし+移住+まちづくり+防災+観光); [search] なし; [carousel] 4 bg_images; [hub] icon_card 5カテゴリ; jQuery; 色変更4パターン+文字サイズ3段階; 右クリック無効; RSS,,
S0145,栃木県,那須町,municipality,D,contact,https://www.town.nasu.lg.jp/office0000/office-1.html,2026-02-15T23:55:00+09:00,200,https://www.town.nasu.lg.jp/office0000/office-1.html,部局一覧｜那須町,ja,proprietary,jquery,false,true,true,icon_card,false,,true,false,false,,false,false,false,false,,true,false,,true,false,,false,false,false,,fair,low,medium,[contact] 部局一覧; 10課(総務+企画+財政+税務+住民+環境+保健+農林+観光+建設); tel=0287-72-6901,,
S0145,栃木県,那須町,municipality,D,service,https://www.town.nasu.lg.jp/0018/info-0000003617-1.html,2026-02-15T23:55:00+09:00,200,https://www.town.nasu.lg.jp/0018/info-0000003617-1.html,児童手当の改正｜那須町,ja,proprietary,jquery,false,true,true,icon_card,false,,true,true,false,,false,false,false,false,,true,false,,false,false,,true,false,false,,fair,low,medium,"[service] 児童手当改正; 所得制限撤廃+18歳まで延長+第3子30,000円; 子育て支援課",,
S0145,栃木県,那須町,municipality,D,hub,https://www.town.nasu.lg.jp/0223/genre2-1-001.html,2026-02-15T23:55:00+09:00,200,https://www.town.nasu.lg.jp/0223/genre2-1-001.html,暮らしの便利帳｜那須町,ja,proprietary,jquery,false,true,true,icon_card,false,,false,false,false,,false,false,false,true,category_list,true,false,,false,false,,false,false,false,,fair,low,medium,[hub] 暮らしの便利帳; カテゴリ一覧型,,
S0145,栃木県,那須町,municipality,D,article,https://www.town.nasu.lg.jp/0046/genre1-1-001.html,2026-02-15T23:55:00+09:00,200,https://www.town.nasu.lg.jp/0046/genre1-1-001.html,広報那須｜那須町,ja,proprietary,jquery,false,true,true,icon_card,false,,true,false,false,,false,false,false,false,,true,false,,false,false,,true,false,true,pdf,fair,low,medium,[article] 広報那須; 電子書籍(TOCHIGI eBOOKS); PDF版; LINE配信; Machiiroアプリ,,
S0146,埼玉県,秩父市,municipality,D,top,https://www.city.chichibu.lg.jp/,2026-02-15T23:55:00+09:00,200,https://www.city.chichibu.lg.jp/,秩父市ホーム,ja,telerik_aspnet,,true,true,true,horizontal,true,google_custom,false,false,true,wildfire+bear_sighting,true,true,true,true,life_event_card+icon_grid,true,false,,true,false,,false,false,false,,good,low,low,[nav] 7cat+8 life events(妊娠+子育て+教育+就職+住宅+介護+弔事); [search] Google Custom(/5641.html); [a11y] ReadSpeaker+文字サイズ(拡大方法説明あり); [lang] EN+中+韓+others; [sns] Facebook; [carousel] 3 slides(5sec); [hub] life_event_card8+icon_grid(くらし5分類); [emergency] 浦山地区林野火災(R8.2.4)+クマ目撃; Telerik ASP.NET; /item/NNNN.html URL; smartphone/PC toggle; ポテくまくんキャラ,,
S0146,埼玉県,秩父市,municipality,D,contact,https://www.city.chichibu.lg.jp/1023.html,2026-02-15T23:55:00+09:00,200,https://www.city.chichibu.lg.jp/1023.html,組織別メニュー/秩父市,ja,telerik_aspnet,,true,true,true,horizontal,true,google_custom,true,true,true,wildfire+bear_sighting,false,false,false,false,,true,false,,true,false,,false,false,false,,good,low,low,[contact] 組織別メニュー; 部署一覧+電話; tel=0494-22-2211,,
S0146,埼玉県,秩父市,municipality,D,service,https://www.city.chichibu.lg.jp/3897.html,2026-02-15T23:55:00+09:00,200,https://www.city.chichibu.lg.jp/3897.html,児童手当/秩父市,ja,telerik_aspnet,,true,true,true,horizontal,true,google_custom,true,true,true,wildfire+bear_sighting,false,false,false,false,,true,false,,false,false,,true,false,true,pdf,good,low,medium,[service] 児童手当; 対象・支給額・手続き; こども課; PDF現況届,,
S0146,埼玉県,秩父市,municipality,D,hub,https://www.city.chichibu.lg.jp/1010.html,2026-02-15T23:55:00+09:00,200,https://www.city.chichibu.lg.jp/1010.html,くらしの情報/秩父市,ja,telerik_aspnet,,true,true,true,horizontal,true,google_custom,false,false,true,wildfire+bear_sighting,false,false,false,true,category_list,true,false,,false,false,,false,false,false,,good,low,low,[hub] くらしの情報; カテゴリ分類(届出+税+保険+住宅+環境...); /dd.aspx?menuid= pattern,,
S0146,埼玉県,秩父市,municipality,D,article,https://www.city.chichibu.lg.jp/2091.html,2026-02-15T23:55:00+09:00,200,https://www.city.chichibu.lg.jp/2091.html,市報ちちぶ/秩父市,ja,telerik_aspnet,,true,true,true,horizontal,true,google_custom,true,true,true,wildfire+bear_sighting,false,false,false,false,,true,false,,false,false,,true,false,true,pdf,good,low,medium,[article] 市報ちちぶ; マイ広報紙配信; PDF版; 各公民館・支所で配布; 広告掲載あり,,
S0147,茨城県,土浦市,municipality,C,top,https://www.city.tsuchiura.lg.jp/,2026-02-15T23:55:00+09:00,200,https://www.city.tsuchiura.lg.jp/,土浦市公式ホームページ,ja,proprietary,,true,true,true,horizontal,true,google+keyword,false,false,false,,true,true,true,true,life_scene_card,true,false,,true,false,,false,false,false,,good,low,low,"[nav] 8cat(安全+くらし+健康+子育て+環境+観光+産業+市政); [search] Google+keyword(#ごみ,#子育て等); [a11y] 音声読み上げ+色変更(青+黄+黒); [lang] Google Translate 7言語(EN+中簡繁+韓+PT+ES+TH); [sns] X+Facebook+Instagram+YouTube+LINE(5); [carousel] 4 campaigns; [hub] life_scene_card(窓口混雑+届出+休日医療+出産子育て); page/dir URL pattern",,
S0147,茨城県,土浦市,municipality,C,contact,https://www.city.tsuchiura.lg.jp/inq.php,2026-02-15T23:55:00+09:00,200,https://www.city.tsuchiura.lg.jp/inq.php,お問い合わせ｜土浦市,ja,proprietary,,true,true,true,horizontal,true,google+keyword,true,true,false,,false,false,false,false,,true,false,,true,true,web_form,false,false,false,,good,low,low,[contact] お問い合わせ; Webフォーム(inq.php); tel=029-826-1111; 8:30-17:15,,
S0147,茨城県,土浦市,municipality,C,service,https://www.city.tsuchiura.lg.jp/kosodate-kyoiku/syussan-kosodate/teate-jose/jidoteate/page020272.html,2026-02-15T23:55:00+09:00,200,https://www.city.tsuchiura.lg.jp/kosodate-kyoiku/syussan-kosodate/teate-jose/jidoteate/page020272.html,児童手当制度改正｜土浦市,ja,proprietary,,true,true,true,horizontal,true,google+keyword,true,true,false,,false,false,false,false,,true,false,,false,false,,true,false,true,pdf,good,low,medium,[service] 児童手当制度改正; 対象・支給額; こども政策課; PDF様式; 2304内線,,
S0147,茨城県,土浦市,municipality,C,hub,https://www.city.tsuchiura.lg.jp/kurashi-tetsuzuki/,2026-02-15T23:55:00+09:00,200,https://www.city.tsuchiura.lg.jp/kurashi-tetsuzuki/,くらし・手続き｜土浦市,ja,proprietary,,true,true,true,horizontal,true,google+keyword,true,false,false,,false,false,false,true,category_list,true,false,,false,false,,false,false,false,,good,low,low,[hub] くらし・手続き; カテゴリ分類; スマート申請案内; マイナンバーカード対応,,
S0147,茨城県,土浦市,municipality,C,article,https://www.city.tsuchiura.lg.jp/shisei/koho/kohotsuchiura/,2026-02-15T23:55:00+09:00,200,https://www.city.tsuchiura.lg.jp/shisei/koho/kohotsuchiura/,広報つちうら｜土浦市,ja,proprietary,,true,true,true,horizontal,true,google+keyword,true,true,false,,false,false,false,false,,true,false,,false,false,,true,false,true,pdf,good,low,medium,[article] 広報つちうら; 月2回発行; 電子書籍+音声版; バックナンバー; つちまるキャラ,,
S0015,新潟県,新潟県,prefecture,unknown,top,https://www.pref.niigata.lg.jp/,2026-02-16T00:00:00+09:00,200,https://www.pref.niigata.lg.jp/,新潟県ホームページ トップページ,ja,proprietary,niigata_template,true,true,true,horizontal_7cat,true,google_cse,false,false,false,,true,true,true,true,card_grid,true,false,,false,false,,false,false,false,,good,low,low,[nav] 7cat(くらし・安全・環境+しごと・産業+観光+健康・福祉+教育・子育て+県政情報+入札・発注); [search] Google CSE+ページ番号検索; [a11y] ReadSpeaker+フォントサイズ+背景色切替; [sns] X+Facebook+LINE; [hub] 14サービスカード; [lang] 多言語リンク,,
S0015,新潟県,新潟県,prefecture,unknown,contact,https://www.pref.niigata.lg.jp/sec/,2026-02-16T00:00:00+09:00,200,https://www.pref.niigata.lg.jp/sec/,組織でさがす - 新潟県ホームページ,ja,proprietary,niigata_template,true,true,true,horizontal_7cat,true,google_cse,true,false,false,,false,false,false,false,,true,false,,true,false,,false,false,false,,good,low,low,[contact] 組織でさがす; 部局別ディレクトリ; tel=025-285-5511,,
S0015,新潟県,新潟県,prefecture,unknown,service,https://www.pref.niigata.lg.jp/sec/kodomokatei/1193329106281.html,2026-02-16T00:00:00+09:00,200,https://www.pref.niigata.lg.jp/sec/kodomokatei/1193329106281.html,児童扶養手当 - 新潟県ホームページ,ja,proprietary,niigata_template,true,true,true,horizontal_7cat,true,google_cse,true,false,false,,false,false,false,false,,true,false,,true,false,,true,false,true,pdf,good,low,medium,[service] 児童扶養手当; こども家庭課所管; 県は児童手当ではなく扶養手当を管轄; PDF添付あり,,
S0015,新潟県,新潟県,prefecture,unknown,hub,https://www.pref.niigata.lg.jp/life/3/,2026-02-16T00:00:00+09:00,200,https://www.pref.niigata.lg.jp/life/3/,くらし・安全・環境 - 新潟県ホームページ,ja,proprietary,niigata_template,true,true,true,horizontal_7cat,true,google_cse,false,true,false,,true,false,false,true,card_grid,true,false,,false,false,,false,false,false,,good,low,low,[hub] くらし・安全・環境; 9subcategory(Uターン+税金+人権+国際+NPO+消費+防災+防犯+自然); カード+サムネイル型; RSS配信,,
S0015,新潟県,新潟県,prefecture,unknown,article,https://www.pref.niigata.lg.jp/sec/kouhou/kenmindayori.html,2026-02-16T00:00:00+09:00,200,https://www.pref.niigata.lg.jp/sec/kouhou/kenmindayori.html,県民だより - 新潟県ホームページ,ja,proprietary,niigata_template,true,true,true,horizontal_7cat,true,google_cse,true,false,false,,false,false,false,false,,true,false,,true,false,,true,false,true,pdf,good,low,medium,[article] 県民だより; 年4回発行; 全戸配布; マチイロ+マイ広報紙+電子ブック対応; PDF版提供; 点字・音声版あり,,
S0016,富山県,富山県,prefecture,unknown,top,https://www.pref.toyama.jp/,2026-02-16T00:00:00+09:00,200,https://www.pref.toyama.jp/,富山県公式ホームページ,ja,proprietary,toyama_template,true,true,true,purpose_nav,true,google_cse,false,false,false,,true,true,false,true,card_grid,true,false,,false,false,,false,false,false,,good,low,low,[nav] 目的別nav(資格+許認可+補助金+相談); [search] Google CSE; [a11y] 音声読み上げ+ふりがな; [hub] 8人気サービスカード; [sns] SNS+メルマガ一覧; [lang] 多言語リンク,,
S0016,富山県,富山県,prefecture,unknown,contact,https://www.pref.toyama.jp/kensei/kouhou/index.html,2026-02-16T00:00:00+09:00,200,https://www.pref.toyama.jp/kensei/kouhou/index.html,広報・情報公開 - 富山県,ja,proprietary,toyama_template,true,true,true,purpose_nav,true,google_cse,true,false,false,,false,false,false,false,,true,false,,true,false,,false,false,false,,good,low,low,[contact] 広報・情報公開; 組織連絡先含む; 年度別アーカイブ(2016-2026); 目的別ナビ(資格+許認可+補助金+相談),,
S0016,富山県,富山県,prefecture,unknown,service,https://www.pref.toyama.jp/120102/kurashi/kenkou/fukushi/jidouteate.html,2026-02-16T00:00:00+09:00,200,https://www.pref.toyama.jp/120102/kurashi/kenkou/fukushi/jidouteate.html,児童手当 - 富山県,ja,proprietary,toyama_template,true,true,true,purpose_nav,true,google_cse,true,false,false,,false,false,false,false,,true,false,,true,false,,true,false,true,pdf,good,low,medium,[service] 児童手当; 部門コード120102; breadcrumb=トップ>くらし・健康・教育>健康・医療・福祉>地域福祉>手当,,
S0016,富山県,富山県,prefecture,unknown,hub,https://www.pref.toyama.jp/kurashi/index.html,2026-02-16T00:00:00+09:00,200,https://www.pref.toyama.jp/kurashi/index.html,くらし・健康・教育 - 富山県,ja,proprietary,toyama_template,true,true,true,purpose_nav,true,google_cse,false,true,false,,true,false,false,true,card_grid,true,false,,false,false,,false,false,false,,good,low,low,[hub] くらし・健康・教育; 目的別ナビ(資格+許認可+補助金+相談); サブカテゴリ一覧,,
S0016,富山県,富山県,prefecture,unknown,article,https://www.pref.toyama.jp/1021/kensei/kouhou/kouhoushi/kj00016456/index.html,2026-02-16T00:00:00+09:00,200,https://www.pref.toyama.jp/1021/kensei/kouhou/kouhoushi/kj00016456/index.html,県広報とやま - 富山県,ja,proprietary,toyama_template,true,true,true,purpose_nav,true,google_cse,true,false,false,,false,false,false,false,,true,false,,true,false,,true,false,true,pdf,good,low,medium,[article] 県広報とやま; No.519(2026年1月号); 新聞折込配布; マイ広報紙+トヤマイーブックス+マチイロ対応; PDF版提供,,
S0017,石川県,石川県,prefecture,unknown,top,https://www.pref.ishikawa.lg.jp/,2026-02-16T00:00:00+09:00,200,https://www.pref.ishikawa.lg.jp/,石川県ホームページ,ja,proprietary,ishikawa_shared_site_rn,true,true,true,horizontal_7cat,true,custom_keyword,false,false,false,,true,true,false,true,icon_card,true,false,,false,false,,false,false,false,,good,low,low,[nav] 7cat(くらし・環境+健康・福祉+産業・しごと+観光・文化+教育+県政情報+防災); [search] custom(#tmp_honbun skip); [a11y] ユニバーサルデザイン(footer); [hub] 8目的別アイコンカード; [emergency] 現在情報なし; 震災復興フォーカス; 金沢市鞍月,,
S0017,石川県,石川県,prefecture,unknown,contact,https://www.pref.ishikawa.lg.jp/kensei/soshiki/soshiki/renrakusaki/index.html,2026-02-16T00:00:00+09:00,200,https://www.pref.ishikawa.lg.jp/kensei/soshiki/soshiki/renrakusaki/index.html,連絡先一覧 - 石川県,ja,proprietary,ishikawa_shared_site_rn,true,true,true,horizontal_7cat,true,custom_keyword,true,false,false,,false,false,false,false,,true,false,,true,false,,false,false,false,,good,low,low,[contact] 連絡先一覧; 部局別(総務+危機管理+能登復旧復興+企画振興+文化観光+健康福祉等); クリックで電話番号・住所展開,,
S0017,石川県,石川県,prefecture,unknown,service,https://www.pref.ishikawa.lg.jp/kosodate/jidouteate/jidouteate.html,2026-02-16T00:00:00+09:00,200,https://www.pref.ishikawa.lg.jp/kosodate/jidouteate/jidouteate.html,児童手当 - 石川県,ja,proprietary,ishikawa_shared_site_rn,true,true,true,horizontal_7cat,true,custom_keyword,true,false,false,,false,false,false,false,,true,false,,true,false,,true,false,false,,good,low,medium,[service] 児童手当; 高校生年代まで(18歳到達後最初の3月31日); 偶数月6回支給; 市町窓口手続き,,
S0017,石川県,石川県,prefecture,unknown,hub,https://www.pref.ishikawa.lg.jp/kurashi/index.html,2026-02-16T00:00:00+09:00,200,https://www.pref.ishikawa.lg.jp/kurashi/index.html,くらし・環境 - 石川県,ja,proprietary,ishikawa_shared_site_rn,true,true,true,horizontal_7cat,true,custom_keyword,false,true,false,,true,false,false,true,card_grid,true,false,,false,false,,false,false,false,,good,low,low,[hub] くらし・環境; 7section(生活+食+環境リサイクル+自然+まちづくり交通+公共事業+社会基盤); カード+サムネイル型; 新着情報セクション,,
S0017,石川県,石川県,prefecture,unknown,article,https://www.pref.ishikawa.lg.jp/kouhou/hot.html,2026-02-16T00:00:00+09:00,200,https://www.pref.ishikawa.lg.jp/kouhou/hot.html,広報誌 もっといしかわ - 石川県,ja,proprietary,ishikawa_shared_site_rn,true,true,true,horizontal_7cat,true,custom_keyword,true,false,false,,false,false,false,false,,true,false,,true,false,,true,false,true,pdf,good,low,medium,[article] もっといしかわ; 季刊(年4回); 通巻118号(2026冬); 全戸配布; 2023年に「ほっと石川」からリニューアル; note連携,,
S0018,福井県,福井県,prefecture,unknown,top,https://www.pref.fukui.lg.jp/,2026-02-16T00:00:00+09:00,200,https://www.pref.fukui.lg.jp/,ホーム | 福井県ホームページ,ja,proprietary,fukui_template,false,true,true,horizontal_6cat,true,custom_keyword,false,false,true,health_alert+weather_alert,true,true,true,true,card_grid,true,false,,false,false,,false,false,false,,good,low,low,[nav] 6cat(くらし・環境+健康・福祉+しごと+観光+教育+県政情報); [search] custom keyword; [emergency] インフルエンザ注意報+大雪通行止め+雪情報; [lang] 18言語; [a11y] 音声読み上げ+色変更+フォントサイズ; [hub] カード型; [carousel] あり,,
S0018,福井県,福井県,prefecture,unknown,contact,https://www.pref.fukui.lg.jp/syozoku.html,2026-02-16T00:00:00+09:00,200,https://www.pref.fukui.lg.jp/syozoku.html,組織一覧 | 福井県ホームページ,ja,proprietary,fukui_template,false,true,true,horizontal_6cat,true,custom_keyword,true,false,false,,false,false,false,false,,true,false,,true,false,,false,false,false,,good,low,low,[contact] 組織一覧; 部局別ディレクトリ,,
S0018,福井県,福井県,prefecture,unknown,service,https://www.pref.fukui.lg.jp/doc/016407/kateifukusi/jidouhuyouteate.html,2026-02-16T00:00:00+09:00,200,https://www.pref.fukui.lg.jp/doc/016407/kateifukusi/jidouhuyouteate.html,児童扶養手当について | 福井県ホームページ,ja,proprietary,fukui_template,false,true,true,horizontal_6cat,true,custom_keyword,true,false,false,,false,false,false,false,,true,false,,true,false,,true,false,true,pdf,good,low,medium,[service] 児童扶養手当; 児童手当ページは404; 家庭福祉課所管; ページID付き,,
S0018,福井県,福井県,prefecture,unknown,hub,https://www.pref.fukui.lg.jp/manabi/index.html,2026-02-16T00:00:00+09:00,200,https://www.pref.fukui.lg.jp/manabi/index.html,くらし・環境 | 福井県ホームページ,ja,proprietary,fukui_template,false,true,true,horizontal_6cat,true,custom_keyword,false,true,false,,true,false,false,true,category_list,true,false,,false,false,,false,false,false,,good,low,low,[hub] くらし・環境; 10section(防災+安全安心+消費生活+水道エネルギー+住まい+環境+まちづくり+交通道路+河川砂防+自然); GA4+レガシー追跡; レスポンシブ,,
S0018,福井県,福井県,prefecture,unknown,article,https://www.pref.fukui.lg.jp/doc/kouho/newsfukui.html,2026-02-16T00:00:00+09:00,200,https://www.pref.fukui.lg.jp/doc/kouho/newsfukui.html,福井県広報誌「ＮＥＷＳふくい」| 福井県ホームページ,ja,proprietary,fukui_template,false,true,true,horizontal_6cat,true,custom_keyword,true,false,false,,false,false,false,false,,true,false,,true,false,,true,false,true,pdf,good,low,medium,[article] NEWSふくい; 月刊(毎月第4日曜発行); 79号; カタログポケット+PDF; ページID=041329,,
S0019,山梨県,山梨県,prefecture,unknown,top,https://www.pref.yamanashi.jp/,2026-02-16T00:00:00+09:00,200,https://www.pref.yamanashi.jp/,山梨県公式ホームページ,ja,proprietary,yamanashi_shared_site_rn2023,true,true,true,horizontal_8cat,true,keyword_pageid,false,false,false,,true,true,false,true,card_grid,true,true,https://www.pref.yamanashi.jp/barrier/accessibility.html,false,false,,false,false,false,,good,low,low,[nav] 8cat(くらし+しごと産業+観光文化+子育て教育+健康福祉+まちづくり環境+防災安全+県政情報); [search] keyword+page_id; [a11y] ReadSpeaker+ウェブアクセシビリティ方針; [hub] カード型; [sns] X(@yamanashipref); Salesforce危機管理ポータル,,
S0019,山梨県,山梨県,prefecture,unknown,contact,https://www.pref.yamanashi.jp/toiawase/,2026-02-16T00:00:00+09:00,200,https://www.pref.yamanashi.jp/toiawase/,各種お問い合わせ - 山梨県,ja,proprietary,yamanashi_shared_site_rn2023,true,true,true,horizontal_8cat,true,keyword_pageid,true,false,false,,false,false,false,false,,true,true,https://www.pref.yamanashi.jp/barrier/accessibility.html,true,true,web_form,false,false,false,,good,low,low,[contact] 各種お問い合わせ; Webフォーム+電話; 部局別問い合わせ先,,
S0019,山梨県,山梨県,prefecture,unknown,service,https://www.pref.yamanashi.jp/kodomo-fukushi/40_019.html,2026-02-16T00:00:00+09:00,200,https://www.pref.yamanashi.jp/kodomo-fukushi/40_019.html,児童手当について - 山梨県,ja,proprietary,yamanashi_shared_site_rn2023,true,true,true,horizontal_8cat,true,keyword_pageid,true,false,false,,false,false,false,false,,true,true,https://www.pref.yamanashi.jp/barrier/accessibility.html,true,false,,true,false,false,,good,low,medium,[service] 児童手当; R6.10制度改正(高校生拡充+第3子3万円+支給6回化); こども福祉課所管,,
S0019,山梨県,山梨県,prefecture,unknown,hub,https://www.pref.yamanashi.jp/kurashi/index.html,2026-02-16T00:00:00+09:00,200,https://www.pref.yamanashi.jp/kurashi/index.html,くらし - 山梨県,ja,proprietary,yamanashi_shared_site_rn2023,true,true,true,horizontal_8cat,true,keyword_pageid,false,true,false,,true,false,false,true,card_grid,true,true,https://www.pref.yamanashi.jp/barrier/accessibility.html,false,false,,false,false,false,,good,low,low,[hub] くらし; カテゴリカード型; 新着情報セクション,,
S0019,山梨県,山梨県,prefecture,unknown,article,https://www.pref.yamanashi.jp/koucho/fureai.html,2026-02-16T00:00:00+09:00,200,https://www.pref.yamanashi.jp/koucho/fureai.html,山梨県広報誌「ふれあい」トップページ,ja,proprietary,yamanashi_shared_site_rn2023,true,true,true,horizontal_8cat,true,keyword_pageid,true,false,false,,false,false,false,false,,true,true,https://www.pref.yamanashi.jp/barrier/accessibility.html,true,false,,true,false,true,pdf,good,low,medium,[article] ふれあい; 季刊(4+7+10+1月)+マンスリー(8回/年); PDF+電子ブック+音声版(日英中); 広聴広報課所管,,
S0020,長野県,長野県,prefecture,unknown,top,https://www.pref.nagano.lg.jp/,2026-02-16T00:00:00+09:00,200,https://www.pref.nagano.lg.jp/,長野県公式ホームページ Nagano Prefectural Government,ja,salesforce_sites,nagano_salesforce,true,true,true,horizontal_7cat,true,keyword,false,false,true,volcano_alert,true,true,false,true,card_grid,true,true,https://www.pref.nagano.lg.jp/accessibility/index.html,false,false,,false,false,false,,good,low,low,[nav] 7cat(暮らし環境+健康福祉+産業雇用+観光+教育+県政情報+防災安全); [search] keyword; [emergency] 焼岳噴火警戒レベル2+浅間山; [a11y] ReadSpeaker+ふりがな+フォントサイズ+色変更+accessibility方針; [sns] X+LINE+YouTube; 150周年; Salesforce Sites,,
S0020,長野県,長野県,prefecture,unknown,contact,https://www.pref.nagano.lg.jp/otoiawase/index.html,2026-02-16T00:00:00+09:00,200,https://www.pref.nagano.lg.jp/otoiawase/index.html,県庁へのお問い合わせ - 長野県,ja,salesforce_sites,nagano_salesforce,true,true,true,horizontal_7cat,true,keyword,true,false,false,,false,false,false,false,,true,true,https://www.pref.nagano.lg.jp/accessibility/index.html,true,true,web_form,false,false,false,,good,low,low,[contact] 県庁へのお問い合わせ; tel=026-232-0111; Webフォーム対応,,
S0020,長野県,長野県,prefecture,unknown,service,https://www.pref.nagano.lg.jp/kodomo-katei/hitorioya/shien.html,2026-02-16T00:00:00+09:00,200,https://www.pref.nagano.lg.jp/kodomo-katei/hitorioya/shien.html,ひとり親家庭及び寡婦のみなさんへ - 長野県,ja,salesforce_sites,nagano_salesforce,true,true,true,horizontal_7cat,true,keyword,true,false,false,,false,false,false,false,,true,true,https://www.pref.nagano.lg.jp/accessibility/index.html,true,false,,true,false,false,,good,low,medium,[service] ひとり親家庭支援; 児童手当専用ページなし(市町村事務); こども・家庭課所管; 母子父子寡婦福祉資金等,,
S0020,長野県,長野県,prefecture,unknown,hub,https://www.pref.nagano.lg.jp/kurashi/index.html,2026-02-16T00:00:00+09:00,200,https://www.pref.nagano.lg.jp/kurashi/index.html,暮らし・環境 - 長野県,ja,salesforce_sites,nagano_salesforce,true,true,true,horizontal_7cat,true,keyword,false,true,false,,true,false,false,true,card_grid,true,true,https://www.pref.nagano.lg.jp/accessibility/index.html,false,false,,false,false,false,,good,low,low,[hub] 暮らし・環境; 12section(公共交通+税+人権+NPO+住宅+動物+環境+ゼロカーボン+自然水+廃棄物+相談+申請); カード型+折り畳み展開; ~65subcategory; RSS配信; ReadSpeaker+ふりがな,,
S0020,長野県,長野県,prefecture,unknown,article,https://www.pref.nagano.lg.jp/koho/koho/naganoken/topics.html,2026-02-16T00:00:00+09:00,200,https://www.pref.nagano.lg.jp/koho/koho/naganoken/topics.html,広報紙 最新号・バックナンバー - 長野県,ja,salesforce_sites,nagano_salesforce,true,true,true,horizontal_7cat,true,keyword,true,false,false,,false,false,false,false,,true,true,https://www.pref.nagano.lg.jp/accessibility/index.html,true,false,,true,false,true,pdf,good,low,medium,[article] 県からのたより; タブロイド判4ページ; 新聞折込配布; 点字版・CD版あり(視覚障がい者向け); 広報・共創推進課,,
S0021,岐阜県,岐阜県,prefecture,unknown,top,https://www.pref.gifu.lg.jp/,2026-02-16T00:00:00+09:00,200,https://www.pref.gifu.lg.jp/,岐阜県公式ホームページ トップページ,ja,proprietary,gifu_template,true,true,true,horizontal_7cat,true,google_cse_articleid,false,false,true,volcano_alert,true,true,false,true,card_grid,true,true,https://www.pref.gifu.lg.jp/page/27335.html,false,false,,false,false,false,,good,low,low,[nav] 7cat(くらし防災環境+健康福祉+産業雇用+観光文化+教育+県政情報+地域振興); [search] Google CSE+記事ID; [emergency] 焼岳噴火警戒レベル2; [a11y] ふりがな+フォントサイズ+背景色+ウェブアクセシビリティ方針; [sns] X+Facebook,,
S0021,岐阜県,岐阜県,prefecture,unknown,contact,https://www.pref.gifu.lg.jp/soshiki/,2026-02-16T00:00:00+09:00,200,https://www.pref.gifu.lg.jp/soshiki/,組織でさがす - 岐阜県公式ホームページ,ja,proprietary,gifu_template,true,true,true,horizontal_7cat,true,google_cse_articleid,true,false,false,,false,false,false,false,,true,true,https://www.pref.gifu.lg.jp/page/27335.html,true,false,,false,false,false,,good,low,low,[contact] 組織でさがす; 部局別ディレクトリ; 広報課等の個別ページにtel/fax/email,,
S0021,岐阜県,岐阜県,prefecture,unknown,service,https://www.pref.gifu.lg.jp/page/422748.html,2026-02-16T00:00:00+09:00,200,https://www.pref.gifu.lg.jp/page/422748.html,児童手当 - 岐阜県公式ホームページ,ja,proprietary,gifu_template,true,true,true,horizontal_7cat,true,google_cse_articleid,true,false,false,,false,false,false,false,,true,true,https://www.pref.gifu.lg.jp/page/27335.html,true,false,,true,false,false,,good,low,medium,[service] 児童手当; 記事ID=422748; R6.10制度改正対応,,
S0021,岐阜県,岐阜県,prefecture,unknown,hub,https://www.pref.gifu.lg.jp/life/1/,2026-02-16T00:00:00+09:00,200,https://www.pref.gifu.lg.jp/life/1/,くらし・防災・環境 - 岐阜県公式ホームページ,ja,proprietary,gifu_template,true,true,true,horizontal_7cat,true,google_cse_articleid,false,true,false,,true,false,false,true,card_grid,true,true,https://www.pref.gifu.lg.jp/page/27335.html,false,false,,false,false,false,,good,low,low,[hub] くらし・防災・環境; カテゴリカード型; 新着情報セクション; life/N/パス構造,,
S0021,岐阜県,岐阜県,prefecture,unknown,article,https://www.pref.gifu.lg.jp/page/181.html,2026-02-16T00:00:00+09:00,200,https://www.pref.gifu.lg.jp/page/181.html,県広報「岐阜県からのお知らせ」- 岐阜県公式ホームページ,ja,proprietary,gifu_template,true,true,true,horizontal_7cat,true,google_cse_articleid,true,false,false,,false,false,false,false,,true,true,https://www.pref.gifu.lg.jp/page/27335.html,true,false,,true,true,true,pdf,good,low,medium,[article] 岐阜県からのお知らせ; 月刊; 記事ID=181; PDF(2026年2月号17.77MB); ピックアップ情報+情報ボックス+ミナモ通信; 点字版・音声版あり; 広報課所管,,
S0022,静岡県,静岡県,prefecture,unknown,top,https://www.pref.shizuoka.jp/,2026-02-16T00:30:00+09:00,200,https://www.pref.shizuoka.jp/,静岡県公式ホームページ,ja,kanaboweb,kanaboweb_szok,true,true,true,horizontal_6cat,true,custom_pageid,false,false,true,typhoon,true,true,true,true,icon_card,true,true,https://www.pref.shizuoka.jp/about/accesibility/1007779.html,false,false,,false,false,false,,good,low,low,[nav] 6cat(くらし環境+健康福祉+子ども教育+観光スポーツ+産業しごと+まちづくり); [search] custom+PageID(7桁); [emergency] 令和7年台風第15号; [a11y] 閲覧補助+accessibility方針; [hub] 9目的別icon+6テーマ+6組織; [carousel] 3items stop/play; [cms] KanaboWeb(host_id:pref.szok); GA4,,
S0022,静岡県,静岡県,prefecture,unknown,contact,https://www.pref.shizuoka.jp/kensei/introduction/soshiki/1007470.html,2026-02-16T00:30:00+09:00,200,https://www.pref.shizuoka.jp/kensei/introduction/soshiki/1007470.html,各課（室）への連絡先一覧,ja,kanaboweb,kanaboweb_szok,true,true,true,horizontal_6cat,true,custom_pageid,true,false,false,,false,false,false,false,,true,true,https://www.pref.shizuoka.jp/about/accesibility/1007779.html,true,false,,false,false,false,,good,low,low,[contact] 各課連絡先一覧; 部局別ディレクトリ; tel=054-221-2244(広報広聴課),,
S0022,静岡県,静岡県,prefecture,unknown,service,https://www.pref.shizuoka.jp/kodomokyoiku/kodomokosodate/kosodateservice/1040723/index.html,2026-02-16T00:30:00+09:00,200,https://www.pref.shizuoka.jp/kodomokyoiku/kodomokosodate/kosodateservice/1040723/index.html,児童手当制度,ja,kanaboweb,kanaboweb_szok,true,true,true,horizontal_6cat,true,custom_pageid,true,false,false,,false,false,false,false,,true,true,https://www.pref.shizuoka.jp/about/accesibility/1007779.html,true,false,,true,false,true,pdf,good,low,medium,[service] 児童手当制度; R6.10制度改正対応; PDF説明資料あり,,
S0022,静岡県,静岡県,prefecture,unknown,hub,https://www.pref.shizuoka.jp/kurashikankyo/index.html,2026-02-16T00:30:00+09:00,200,https://www.pref.shizuoka.jp/kurashikankyo/index.html,くらし・環境,ja,kanaboweb,kanaboweb_szok,true,true,true,horizontal_6cat,true,custom_pageid,false,true,false,,true,false,false,true,card_grid,true,true,https://www.pref.shizuoka.jp/about/accesibility/1007779.html,false,false,,false,false,false,,good,low,low,[hub] くらし・環境; UD+自然保全+循環型社会+移住定住+パスポート+消費生活+食; カテゴリカード型,,
S0022,静岡県,静岡県,prefecture,unknown,article,https://www.pref.shizuoka.jp/kensei/pr/johoshi/kenmin/index.html,2026-02-16T00:30:00+09:00,200,https://www.pref.shizuoka.jp/kensei/pr/johoshi/kenmin/index.html,県民だより,ja,kanaboweb,kanaboweb_szok,true,true,true,horizontal_6cat,true,custom_pageid,true,false,false,,false,false,false,false,,true,true,https://www.pref.shizuoka.jp/about/accesibility/1007779.html,true,false,,true,false,true,pdf,good,low,medium,[article] 県民だより; 月刊新聞折込; PDF+音声+点字版; マイ広報紙+マチイロ対応,,
S0023,愛知県,愛知県,prefecture,unknown,top,https://www.pref.aichi.jp/,2026-02-16T00:30:00+09:00,200,https://www.pref.aichi.jp/,愛知県公式Webサイト,ja,proprietary,aichi_slick,true,true,true,mixed_6cat,true,google_cse,false,false,false,,true,true,true,true,banner_card,true,false,,false,false,,false,false,false,,good,low,low,[nav] 6cat(防災+観光+事業者+目的+組織+分類); [search] Google CSE+詳細検索; [a11y] text size+bg color(white/black/blue)+screen reader+adaptive-techs.com; [hub] 12+バナーカード(知事+観光+経済+スポーツ等); [carousel] Slick; [sns] Twitter(防災)+LINE+YouTube; [lang] 7言語(EN/CN/KR/ES/PT/VI),,
S0023,愛知県,愛知県,prefecture,unknown,contact,https://www.pref.aichi.jp/site/soshiki/,2026-02-16T00:30:00+09:00,200,https://www.pref.aichi.jp/site/soshiki/,県庁の組織(各所属のページ),ja,proprietary,aichi_slick,true,true,true,mixed_6cat,true,google_cse,true,false,false,,false,false,false,false,,true,false,,true,false,,false,false,false,,good,low,low,[contact] 県庁の組織; 本庁+地方機関; 部局別ディレクトリ,,
S0023,愛知県,愛知県,prefecture,unknown,service,https://www.pref.aichi.jp/soshiki/kosodate/jidouteate.html,2026-02-16T00:30:00+09:00,200,https://www.pref.aichi.jp/soshiki/kosodate/jidouteate.html,児童手当 - 愛知県,ja,proprietary,aichi_slick,true,true,true,mixed_6cat,true,google_cse,true,false,false,,false,false,false,false,,true,false,,true,false,,true,false,false,,good,low,medium,[service] 児童手当; R6.10制度改正(所得制限撤廃+高校生拡充+第3子3万円); 子育て支援課所管,,
S0023,愛知県,愛知県,prefecture,unknown,hub,https://www.pref.aichi.jp/life/1/,2026-02-16T00:30:00+09:00,200,https://www.pref.aichi.jp/life/1/,くらし・安全 - 愛知県,ja,proprietary,aichi_slick,true,true,true,mixed_6cat,true,google_cse,false,true,false,,true,false,false,true,category_list,true,false,,false,false,,false,false,false,,good,low,low,[hub] くらし・安全; 分類からさがす型; カテゴリリスト,,
S0023,愛知県,愛知県,prefecture,unknown,article,https://www.pref.aichi.jp/soshiki/koho/kohoaichi.html,2026-02-16T00:30:00+09:00,200,https://www.pref.aichi.jp/soshiki/koho/kohoaichi.html,愛知県広報紙「広報あいち」について,ja,proprietary,aichi_slick,true,true,true,mixed_6cat,true,google_cse,true,false,false,,false,false,false,false,,true,false,,true,false,,true,false,true,pdf,good,low,medium,[article] 広報あいち; 毎月第1日曜新聞掲載; マチイロ+マイ広報紙対応; Web版+テキスト版あり; 広報広聴課,,
S0148,新潟県,新潟市,municipality,A,top,https://www.city.niigata.lg.jp/,2026-02-16T00:30:00+09:00,200,https://www.city.niigata.lg.jp/,新潟市,ja,proprietary,niigata_city_custom,true,true,true,horizontal_6cat,true,site_search,false,false,true,emergency_medical,true,true,true,true,life_event_card,true,false,,false,false,,false,false,false,,good,low,low,[nav] 6cat(くらし手続き+子育て教育+健康医療福祉+観光文化スポーツ+産業経済+市政情報); [search] サイト内検索; [emergency] 防災緊急情報+夜間休日急病; [a11y] 音声読み上げ・文字拡大(ZoomSight); [hub] 8ライフイベントカード(出産+結婚+住まい+引越し+ごみ+証明税金+悩み相談+助成手当); [carousel] image slider; [sns] LINE; [lang] Language selector,,
S0148,新潟県,新潟市,municipality,A,contact,https://www.city.niigata.lg.jp/shisei/soshiki/soshikiinfo/index.html,2026-02-16T00:30:00+09:00,200,https://www.city.niigata.lg.jp/shisei/soshiki/soshikiinfo/index.html,組織案内 新潟市,ja,proprietary,niigata_city_custom,true,true,true,horizontal_6cat,true,site_search,true,false,false,,false,false,false,false,,true,false,,true,true,web_form,false,false,false,,good,low,low,[contact] 組織案内; コールセンター025-243-4894(8-21時年中無休); Webフォーム; 8区役所,,
S0148,新潟県,新潟市,municipality,A,service,https://www.city.niigata.lg.jp/kosodate/ninshin/shien/teate/jidoteate/index.html,2026-02-16T00:30:00+09:00,200,https://www.city.niigata.lg.jp/kosodate/ninshin/shien/teate/jidoteate/index.html,児童手当 新潟市,ja,proprietary,niigata_city_custom,true,true,true,horizontal_6cat,true,site_search,true,false,false,,false,false,false,false,,true,false,,true,false,,true,false,false,,good,low,medium,[service] 児童手当; R6.10制度改正; 区役所健康福祉課窓口; マイナンバー確認必要; 市報にいがたプラス連携,,
S0148,新潟県,新潟市,municipality,A,hub,https://www.city.niigata.lg.jp/kurashi/index.html,2026-02-16T00:30:00+09:00,200,https://www.city.niigata.lg.jp/kurashi/index.html,くらし・手続き 新潟市,ja,proprietary,niigata_city_custom,true,true,true,horizontal_6cat,true,site_search,false,true,false,,true,false,false,true,card_grid,true,false,,false,false,,false,false,false,,good,low,low,[hub] くらし・手続き; カテゴリカード型; 新着情報セクション,,
S0148,新潟県,新潟市,municipality,A,article,https://www.city.niigata.lg.jp/shisei/koho/kohoshi/shiho/index.html,2026-02-16T00:30:00+09:00,200,https://www.city.niigata.lg.jp/shisei/koho/kohoshi/shiho/index.html,市報にいがた 新潟市,ja,proprietary,niigata_city_custom,true,true,true,horizontal_6cat,true,site_search,true,false,false,,false,false,false,false,,true,false,,true,false,,true,false,true,pdf,good,low,medium,[article] 市報にいがた; No.2856(2026.2.1); 新聞折込配布; LINE+マイ広報紙+市報にいがたプラス(Webアプリ)対応; TV紹介あり,,
S0149,静岡県,静岡市,municipality,A,top,https://www.city.shizuoka.lg.jp/,2026-02-16T00:30:00+09:00,200,https://www.city.shizuoka.lg.jp/,静岡市公式ホームページ,ja,proprietary,shizuoka_city_tsutaeru,true,true,true,horizontal_7cat,true,keyword_pageid,false,false,false,,true,true,true,false,,true,true,https://www.city.shizuoka.lg.jp/s009185.html,false,false,,false,false,false,,good,low,low,[nav] 7cat(防災安全+くらし手続き+子育て教育+健康医療福祉+しごと産業+観光文化スポーツ+市政情報); [search] keyword+PageID; [emergency] 専用section(現在情報なし); [a11y] フォントサイズ色合い変更+ふりがなON+accessibility方針(/s008994.html); [carousel] 3items; [cms] tsutaeruMO; RSS,,
S0149,静岡県,静岡市,municipality,A,contact,https://www.city.shizuoka.lg.jp/p000013.html,2026-02-16T00:30:00+09:00,200,https://www.city.shizuoka.lg.jp/p000013.html,お問合せ・窓口案内,ja,proprietary,shizuoka_city_tsutaeru,true,true,true,horizontal_7cat,true,keyword_pageid,true,false,false,,false,false,false,false,,true,true,https://www.city.shizuoka.lg.jp/s009185.html,true,true,web_form,false,false,false,,good,low,low,[contact] コールセンター054-200-4894(平日8-20時+土日祝8-17時); Webフォーム; FAQ検索,,
S0149,静岡県,静岡市,municipality,A,service,https://www.city.shizuoka.lg.jp/s2873/s009123.html,2026-02-16T00:30:00+09:00,200,https://www.city.shizuoka.lg.jp/s2873/s009123.html,児童手当制度のご案内,ja,proprietary,shizuoka_city_tsutaeru,true,true,true,horizontal_7cat,true,keyword_pageid,true,false,false,,false,false,false,false,,true,true,https://www.city.shizuoka.lg.jp/s009185.html,true,false,,true,false,false,,good,low,medium,[service] 児童手当; 電子申請(マイナポータル)対応; R6.10制度改正; 物価高対応子育て応援手当併記,,
S0149,静岡県,静岡市,municipality,A,hub,https://www.city.shizuoka.lg.jp/p000002.html,2026-02-16T00:30:00+09:00,200,https://www.city.shizuoka.lg.jp/p000002.html,くらし・手続き,ja,proprietary,shizuoka_city_tsutaeru,true,true,true,horizontal_7cat,true,keyword_pageid,false,true,false,,true,false,false,true,category_list,true,true,https://www.city.shizuoka.lg.jp/s009185.html,false,false,,false,false,false,,good,low,low,[hub] くらし・手続き; トピック別展開型; 防災・安全含む,,
S0149,静岡県,静岡市,municipality,A,article,https://www.city.shizuoka.lg.jp/s006625.html,2026-02-16T00:30:00+09:00,200,https://www.city.shizuoka.lg.jp/s006625.html,お問い合わせ・広報,ja,proprietary,shizuoka_city_tsutaeru,true,true,true,horizontal_7cat,true,keyword_pageid,true,false,false,,false,false,false,false,,true,true,https://www.city.shizuoka.lg.jp/s009185.html,true,false,,true,false,true,pdf,good,low,medium,[article] 広報しずおか; PDF+HTML版; PageID型URL,,
S0150,静岡県,浜松市,municipality,A,top,https://www.city.hamamatsu.shizuoka.jp/,2026-02-16T00:30:00+09:00,200,https://www.city.hamamatsu.shizuoka.jp/,浜松市公式ホームページ,ja,proprietary,hamamatsu_municipal,true,true,true,horizontal_multi,true,site_search,false,false,true,disaster_traffic,true,true,true,true,banner_link,true,true,https://www.city.hamamatsu.shizuoka.jp/accessibility/index.html,false,false,,false,false,false,,good,low,low,[nav] 10+cat(防災+消防+施設+ごみ+手続きくらし+子育て教育+健康福祉+観光+産業+市政); [search] サイト内検索; [emergency] 豪雨災害通行規制; [a11y] skip links(本文+検索)+accessibility方針; [carousel] 4banners(住まい+記念行事+マイナンバー+エヴァコラボ); [hub] tourism+childcare+relocation; [sns] Twitter+Facebook+LINE+YouTube,,
S0150,静岡県,浜松市,municipality,A,contact,https://www.city.hamamatsu.shizuoka.jp/koho2/sosiki/city-office007.html,2026-02-16T00:30:00+09:00,200,https://www.city.hamamatsu.shizuoka.jp/koho2/sosiki/city-office007.html,こども家庭部,ja,proprietary,hamamatsu_municipal,true,true,true,horizontal_multi,true,site_search,true,false,false,,false,false,false,false,,true,true,https://www.city.hamamatsu.shizuoka.jp/accessibility/index.html,true,false,,false,false,false,,good,low,low,[contact] こども家庭部; 市民コールセンター053-457-2111; 組織案内ページ,,
S0150,静岡県,浜松市,municipality,A,service,https://www.city.hamamatsu.shizuoka.jp/kosodate/20230206/jidoteate.html,2026-02-16T00:30:00+09:00,200,https://www.city.hamamatsu.shizuoka.jp/kosodate/20230206/jidoteate.html,児童手当 マイナポータル申請案内,ja,proprietary,hamamatsu_municipal,true,true,true,horizontal_multi,true,site_search,true,false,false,,false,false,false,false,,true,true,https://www.city.hamamatsu.shizuoka.jp/accessibility/index.html,true,false,,true,false,false,,good,low,medium,[service] 児童手当; マイナポータル申請対応; R6.10制度改正; 子育て情報ポータル連携,,
S0150,静岡県,浜松市,municipality,A,hub,https://www.city.hamamatsu.shizuoka.jp/kurashi/index.html,2026-02-16T00:30:00+09:00,200,https://www.city.hamamatsu.shizuoka.jp/kurashi/index.html,くらし・手続き,ja,proprietary,hamamatsu_municipal,true,true,true,horizontal_multi,true,site_search,false,true,false,,true,false,false,true,card_grid,true,true,https://www.city.hamamatsu.shizuoka.jp/accessibility/index.html,false,false,,false,false,false,,good,low,low,[hub] くらし・手続き; カテゴリカード型,,
S0150,静岡県,浜松市,municipality,A,article,https://www.city.hamamatsu.shizuoka.jp/shise/koho/koho/hamamatsu/index.html,2026-02-16T00:30:00+09:00,200,https://www.city.hamamatsu.shizuoka.jp/shise/koho/koho/hamamatsu/index.html,広報はままつ,ja,proprietary,hamamatsu_municipal,true,true,true,horizontal_multi,true,site_search,true,false,false,,false,false,false,false,,true,true,https://www.city.hamamatsu.shizuoka.jp/accessibility/index.html,true,false,,true,false,true,pdf,good,low,medium,[article] 広報はままつ; 毎月5日発行; 自治会配布; PDF+HTML; 広報プラスはままつ; マチイロ対応,,
S0151,愛知県,名古屋市,municipality,A,top,https://www.city.nagoya.jp/,2026-02-16T00:30:00+09:00,200,https://www.city.nagoya.jp/,名古屋市公式ウェブサイト,ja,kanaboweb,kanaboweb_nagoya,true,true,true,horizontal_7cat,true,keyword_suggest,false,false,false,,true,true,true,true,life_event_card,true,true,https://www.city.nagoya.jp/about/site/usability.html,false,false,,false,false,false,,good,low,low,[nav] 7cat(防災安全+くらし手続き+子ども教育+健康福祉+観光文化スポーツ+市政情報+事業者情報); [search] keyword+suggestions+申請手続検索+タグ絞込; [a11y] ふりがな+音声読み上げ+フォントサイズ色変更; [hub] ライフイベントカード(妊娠+学校+引越+結婚等)+16区役所+対象者別; [carousel] multiple sliders; [sns] LINE+X+Instagram+Facebook+YouTube(5SNS!); [cms] KanaboWeb(GTM-MN3JZ36),,
S0151,愛知県,名古屋市,municipality,A,contact,https://www.city.nagoya.jp/shisei/soshiki/index.html,2026-02-16T00:30:00+09:00,200,https://www.city.nagoya.jp/shisei/soshiki/index.html,組織案内 - 名古屋市,ja,kanaboweb,kanaboweb_nagoya,true,true,true,horizontal_7cat,true,keyword_suggest,true,false,false,,false,false,false,false,,true,true,https://www.city.nagoya.jp/about/site/usability.html,true,false,,false,false,false,,good,low,low,[contact] 組織案内; 16区役所+各局; おしえてダイヤル(FAQ)あり,,
S0151,愛知県,名古屋市,municipality,A,service,https://www.city.nagoya.jp/kodomoseishonen/page/0000034404.html,2026-02-16T00:30:00+09:00,200,https://www.city.nagoya.jp/kodomoseishonen/page/0000034404.html,児童手当について,ja,kanaboweb,kanaboweb_nagoya,true,true,true,horizontal_7cat,true,keyword_suggest,true,false,false,,false,false,false,false,,true,true,https://www.city.nagoya.jp/about/site/usability.html,true,false,,true,false,false,,good,low,medium,[service] 児童手当; 区役所民生こども課窓口; 偶数月年6回支給; 外国籍住民も対象,,
S0151,愛知県,名古屋市,municipality,A,hub,https://www.city.nagoya.jp/kurashi/index.html,2026-02-16T00:30:00+09:00,200,https://www.city.nagoya.jp/kurashi/index.html,くらし・手続き - 名古屋市,ja,kanaboweb,kanaboweb_nagoya,true,true,true,horizontal_7cat,true,keyword_suggest,false,true,false,,true,false,false,true,card_grid,true,true,https://www.city.nagoya.jp/about/site/usability.html,false,false,,false,false,false,,good,low,low,[hub] くらし・手続き; カテゴリカード型; ライフイベント連携,,
S0151,愛知県,名古屋市,municipality,A,article,https://www.city.nagoya.jp/shisei/kouhou/1017531/index.html,2026-02-16T00:30:00+09:00,200,https://www.city.nagoya.jp/shisei/kouhou/1017531/index.html,広報なごや,ja,kanaboweb,kanaboweb_nagoya,true,true,true,horizontal_7cat,true,keyword_suggest,true,false,false,,false,false,false,false,,true,true,https://www.city.nagoya.jp/about/site/usability.html,true,false,,true,false,true,pdf,good,low,medium,[article] 広報なごや; 月刊全戸配布約110万部; PDF+HTML+音声+点字+DAISY版; マチイロ+マイ広報紙; tel=052-972-3134,,
S0152,富山県,富山市,municipality,B,top,https://www.city.toyama.lg.jp/,2026-02-16T00:30:00+09:00,200,https://www.city.toyama.lg.jp/,富山市公式ウェブサイト,ja,proprietary,toyama_city_jquery,true,true,true,horizontal_6cat,true,site_search_pageid,false,false,true,earthquake_recovery,true,true,true,true,pickup_card,true,false,,false,false,,false,false,false,,good,low,low,[nav] 6cat(くらし手続き+子育て教育+健康福祉+観光文化スポーツ+産業ビジネス+市政情報); [search] サイト内検索+PageID; [emergency] 能登半島地震バナー(復興支援継続); [a11y] 文字サイズ配色変更; [hub] ピックアップ+施策カルーセル; [carousel] panorama+events; [sns] YouTube+LINE+X+Facebook+Instagram(5SNS); [lang] 7言語(EN/CN-S/CN-T/KR/PT/VI/RU),,
S0152,富山県,富山市,municipality,B,contact,https://www.city.toyama.lg.jp/shisei/soshiki/index.html,2026-02-16T00:30:00+09:00,200,https://www.city.toyama.lg.jp/shisei/soshiki/index.html,市の組織,ja,proprietary,toyama_city_jquery,true,true,true,horizontal_6cat,true,site_search_pageid,true,false,false,,false,false,false,false,,true,false,,true,false,,false,false,false,,good,low,low,[contact] 市の組織; 部局別ディレクトリ; 組織図・事務分掌あり,,
S0152,富山県,富山市,municipality,B,service,https://www.city.toyama.lg.jp/kosodate/kosodate/1010418/1008357.html,2026-02-16T00:30:00+09:00,200,https://www.city.toyama.lg.jp/kosodate/kosodate/1010418/1008357.html,児童手当,ja,proprietary,toyama_city_jquery,true,true,true,horizontal_6cat,true,site_search_pageid,true,false,false,,false,false,false,false,,true,false,,true,false,,true,false,false,,good,low,medium,[service] 児童手当; tel=076-443-2249; 偶数月6回支給; 育さぽとやまポータル連携; R6.10制度改正,,
S0152,富山県,富山市,municipality,B,hub,https://www.city.toyama.lg.jp/kurashi/index.html,2026-02-16T00:30:00+09:00,200,https://www.city.toyama.lg.jp/kurashi/index.html,くらし・手続き,ja,proprietary,toyama_city_jquery,true,true,true,horizontal_6cat,true,site_search_pageid,false,true,false,,true,false,false,true,card_grid,true,false,,false,false,,false,false,false,,good,low,low,[hub] くらし・手続き; カテゴリカード型; 水道下水道含む; 外国人住民相談窓口,,
S0152,富山県,富山市,municipality,B,article,https://www.city.toyama.lg.jp/shisei/koho/1002802/index.html,2026-02-16T00:30:00+09:00,200,https://www.city.toyama.lg.jp/shisei/koho/1002802/index.html,広報とやま,ja,proprietary,toyama_city_jquery,true,true,true,horizontal_6cat,true,site_search_pageid,true,false,false,,false,false,false,false,,true,false,,true,false,,true,false,true,pdf,good,low,medium,[article] 広報とやま; HTML+PDF; バックナンバーあり; 広報広聴課,,
S0154,福井県,福井市,municipality,B,top,https://www.city.fukui.lg.jp/,2026-02-16T07:50:00+09:00,200,https://www.city.fukui.lg.jp/,福井市公式ホームページへようこそ,ja,custom_cms,readspeaker_splide,true,true,true,horizontal_6cat_life_target,true,keyword,false,false,false,,true,true,true,true,icon_card_life_event,true,true,,false,false,,false,false,false,,good,low,low,[nav] 6cat+life events+target audiences; [search] keyword; [carousel] Splide dual(top_slide+news); [a11y] ReadSpeaker+font/color+8lang; GA4+microAd+UserLocal; LINE+Facebook+X+YouTube,,
S0154,福井県,福井市,municipality,B,contact,https://www.city.fukui.lg.jp/dept/kodomo/kodomo/index.html,2026-02-16T07:50:00+09:00,200,https://www.city.fukui.lg.jp/dept/kodomo/kodomo/index.html,こども政策課|福井市役所,ja,custom_cms,readspeaker_splide,true,true,true,horizontal_6cat_life_target,true,keyword,true,true,false,,true,false,false,false,,true,true,,true,true,email_link,false,false,false,,good,low,low,[contact] こども政策課; tel=0776-20-5412; fax=0776-20-5735; 所属一覧型; 左sidebar=40+リンク,,
S0154,福井県,福井市,municipality,B,service,https://www.city.fukui.lg.jp/fukusi/kosodate/jidofukusi/index2.html,2026-02-16T07:50:00+09:00,200,https://www.city.fukui.lg.jp/fukusi/kosodate/jidofukusi/index2.html,児童手当について,ja,custom_cms,readspeaker_splide,true,true,true,horizontal_6cat_life_target,true,keyword,true,false,false,,false,false,false,false,,true,true,,true,true,email_link,true,true,true,pdf_excel,good,low,low,[service] 児童手当; 更新日2024-04-01; PageNo=011316; TOC expandable; PDF+Excel申請書多数; tel=0776-20-5412,,
S0154,福井県,福井市,municipality,B,hub,https://www.city.fukui.lg.jp/kurasi/index.html,2026-02-16T07:50:00+09:00,200,https://www.city.fukui.lg.jp/kurasi/index.html,くらし | 福井市ホームページ,ja,custom_cms,readspeaker_splide,true,true,true,horizontal_6cat_life_target,true,keyword,true,true,false,,false,false,false,true,hierarchical_menu,true,true,,false,false,,false,false,false,,good,low,low,[hub] くらし; 11categories hierarchical; 左sidebar=collapsible branches+広告バナー; AIチャット+手続きナビ,,
S0154,福井県,福井市,municipality,B,article,https://www.city.fukui.lg.jp/sisei/kohou/kohousi/index.html,2026-02-16T07:50:00+09:00,200,https://www.city.fukui.lg.jp/sisei/kohou/kohousi/index.html,広報紙 | 福井市ホームページ,ja,custom_cms,readspeaker_splide,true,true,true,horizontal_6cat_life_target,true,keyword,true,true,false,,true,false,false,false,,true,true,,false,false,,false,false,false,,good,low,low,[article] 広報ふくい; 月2回発行(10日+25日); PDF版+カタログポケット; 年度別アーカイブ; 広報プロモーション課,,
S0155,山梨県,甲府市,municipality,B,top,https://www.city.kofu.yamanashi.jp/,2026-02-16T07:50:00+09:00,200,https://www.city.kofu.yamanashi.jp/,甲府市,ja,custom,readspeaker,true,true,true,horizontal_7cat,true,multi_scope,false,false,false,,true,true,true,true,card_life_event,true,true,https://www.city.kofu.yamanashi.jp/accessibility/index.html,false,false,,false,false,false,,good,low,low,[nav] 7cat; [search] multi-scope(市民情報+FAQ+観光+施設+イベント+キッズ); [carousel] 4items; [a11y] ReadSpeaker+font/color; LINE,,
S0155,山梨県,甲府市,municipality,B,contact,https://www.city.kofu.yamanashi.jp/shise/gaiyo/soshiki/index.html,2026-02-16T07:50:00+09:00,200,https://www.city.kofu.yamanashi.jp/shise/gaiyo/soshiki/index.html,甲府市／組織案内,ja,custom,readspeaker,true,true,true,horizontal_7cat,true,multi_scope,true,true,false,,false,false,false,false,,true,true,https://www.city.kofu.yamanashi.jp/accessibility/index.html,true,false,,true,false,false,,good,low,low,[contact] 組織案内; 更新日2024-03-30; 部局別ディレクトリ; tel=055-237-1161(代表); sidebar=組織カテゴリ,,
S0155,山梨県,甲府市,municipality,B,service,https://www.city.kofu.yamanashi.jp/jidoikuse/kenko/kosodate/teate/jidou3.html,2026-02-16T07:50:00+09:00,200,https://www.city.kofu.yamanashi.jp/jidoikuse/kenko/kosodate/teate/jidou3.html,甲府市／児童手当,ja,custom,readspeaker,true,true,true,horizontal_7cat,true,multi_scope,true,false,false,,false,false,false,false,,true,true,https://www.city.kofu.yamanashi.jp/accessibility/index.html,true,false,,true,true,true,word,good,low,low,[service] 児童手当; 更新日2025-06-23; 7sections; Word委任状DL; tel=055-237-5674; 電子申請対応,,
S0155,山梨県,甲府市,municipality,B,hub,https://www.city.kofu.yamanashi.jp/kurashi/index.html,2026-02-16T07:50:00+09:00,200,https://www.city.kofu.yamanashi.jp/kurashi/index.html,甲府市／くらし,ja,custom,readspeaker,true,true,true,horizontal_7cat,true,multi_scope,true,true,false,,true,false,false,true,card_grid,true,true,https://www.city.kofu.yamanashi.jp/accessibility/index.html,false,false,,false,false,false,,good,low,low,[hub] くらし; 14+categories(戸籍+保険+リサイクル+税+選挙+外国人+移住等); news=最新トピックス; sidebar=subcategory,,
S0155,山梨県,甲府市,municipality,B,article,https://www.city.kofu.yamanashi.jp/shise/koho/kohoshi/index.html,2026-02-16T07:50:00+09:00,200,https://www.city.kofu.yamanashi.jp/shise/koho/kohoshi/index.html,甲府市／広報誌,ja,custom,readspeaker,true,true,true,horizontal_7cat,true,multi_scope,true,true,false,,true,false,false,false,,true,true,https://www.city.kofu.yamanashi.jp/accessibility/index.html,true,false,,true,false,true,pdf,good,low,low,[article] 広報こうふ; 更新日2025-12-23; 年度別アーカイブ(R5-R8); WARP国会図書館保存; マチイロ+マイ広報紙; tel=055-237-5314,,
S0156,長野県,長野市,municipality,B,top,https://www.city.nagano.nagano.jp/,2026-02-16T07:50:00+09:00,200,https://www.city.nagano.nagano.jp/,長野市公式ホームページ,ja,custom,custom,true,true,true,horizontal_7cat,true,keyword,false,false,false,,true,true,true,true,card_life_event,true,true,https://www.city.nagano.nagano.jp/aboutwebsite.html,false,false,,false,false,false,,good,low,low,[nav] 7cat(市民+子育て+高齢者+事業者+防災+くらし+市政); [search] keyword; [carousel] multiple; [a11y] 閲覧支援; LINE+X+Instagram+YouTube(4SNS); JS-dependent,,
S0156,長野県,長野市,municipality,B,contact,https://www.city.nagano.nagano.jp/aboutwebsite.html,2026-02-16T07:50:00+09:00,200,https://www.city.nagano.nagano.jp/aboutwebsite.html,ウェブアクセシビリティ - 長野市公式ホームページ,ja,custom,custom,true,true,true,horizontal_7cat,true,keyword,true,false,false,,false,false,false,false,,true,true,https://www.city.nagano.nagano.jp/aboutwebsite.html,true,false,,true,false,false,,good,low,low,[contact] ウェブアクセシビリティ方針; 更新日2023-01-23; tel=026-226-4911(代表); contact=about/website型,,
S0156,長野県,長野市,municipality,B,service,https://www.city.nagano.nagano.jp/n116000/kosodate/p001467.html,2026-02-16T07:50:00+09:00,200,https://www.city.nagano.nagano.jp/n116000/kosodate/p001467.html,児童手当 - 長野市公式ホームページ,ja,custom,custom,true,true,true,horizontal_7cat,true,keyword,true,false,false,,false,false,false,false,,true,true,https://www.city.nagano.nagano.jp/aboutwebsite.html,true,false,,true,true,true,pdf,good,low,low,[service] 児童手当; 更新日2026-01-14; 6sections(お知らせ+概要+対象+支給額+手続き+現況届); PDF申請書+記入例; tel=026-224-5031,,
S0156,長野県,長野市,municipality,B,hub,https://www.city.nagano.nagano.jp/menu/2/index.html,2026-02-16T07:50:00+09:00,200,https://www.city.nagano.nagano.jp/menu/2/index.html,くらし・手続き - 長野市公式ホームページ,ja,custom,custom,true,true,true,horizontal_7cat,true,keyword,true,false,false,,true,false,false,true,card_grid,true,true,https://www.city.nagano.nagano.jp/aboutwebsite.html,false,false,,false,false,false,,good,low,low,[hub] くらし・手続き; 14categories(届出+国保+税金+ごみ+土地+上下水道+葬儀+ペット+交通+地域活動+人権+消費+し尿); news=5件; subcategory links,,
S0156,長野県,長野市,municipality,B,article,https://www.city.nagano.nagano.jp/menu/8/6/3/index.html,2026-02-16T07:50:00+09:00,200,https://www.city.nagano.nagano.jp/menu/8/6/3/index.html,広報ながの - 長野市公式ホームページ,ja,custom,custom,true,true,true,horizontal_7cat,true,keyword,true,true,false,,true,false,false,false,,true,true,https://www.city.nagano.nagano.jp/aboutwebsite.html,false,false,,false,false,true,pdf,good,low,low,[article] 広報ながの; 月1回発行; 声の広報(音声版); NAGANOebooks+マチイロ; PDF年度別アーカイブ(R2-R8); sidebar=広報・広聴カテゴリ,,
S0157,岐阜県,岐阜市,municipality,B,top,https://www.city.gifu.lg.jp/,2026-02-16T07:50:00+09:00,200,https://www.city.gifu.lg.jp/,岐阜市公式ホームページ,ja,kanaboweb_like,kanaboweb_gifu,true,true,true,horizontal_6cat_faq,true,keyword_pageid,false,false,true,emergency_section,true,true,true,true,icon_card,true,true,,false,false,,false,false,false,,good,low,low,[nav] 6cat+FAQ; [search] keyword+7桁PageID; [emergency] もしもの時は(災害+#7119+ハザードマップ+AED); [carousel] 3slides; [a11y] 読み上げ+font/color; Facebook+YouTube+Instagram+X+LINE(5SNS); FI.jQuery,,
S0157,岐阜県,岐阜市,municipality,B,contact,https://www.city.gifu.lg.jp/info/soshiki/index.html,2026-02-16T07:50:00+09:00,200,https://www.city.gifu.lg.jp/info/soshiki/index.html,市の機構と主な事務｜岐阜市公式ホームページ,ja,kanaboweb_like,kanaboweb_gifu,true,true,true,horizontal_6cat_faq,true,keyword_pageid,true,true,false,,false,false,false,false,,true,true,,true,false,,false,false,false,,good,low,low,[contact] 市の機構と主な事務; PageNo=1010436; 20+部署ディレクトリ; tel=058-265-4141(代表); ご意見・お問い合わせリンク; X/Facebook/LINE共有,,
S0157,岐阜県,岐阜市,municipality,B,service,https://www.city.gifu.lg.jp/kosodate/ninshin/1003571/1003572.html,2026-02-16T07:50:00+09:00,200,https://www.city.gifu.lg.jp/kosodate/ninshin/1003571/1003572.html,児童手当｜岐阜市公式ホームページ,ja,kanaboweb_like,kanaboweb_gifu,true,true,true,horizontal_6cat_faq,true,keyword_pageid,true,false,false,,false,false,false,false,,true,true,,true,false,,true,true,true,pdf,good,low,low,[service] 児童手当; 更新日2024-12-09; 3tier支給額; R6.10所得制限撤廃; PDF申請書9種; マイナポータル対応; tel=058-214-2146; 子ども支援課2F,,
S0157,岐阜県,岐阜市,municipality,B,hub,https://www.city.gifu.lg.jp/kurashi/index.html,2026-02-16T07:50:00+09:00,200,https://www.city.gifu.lg.jp/kurashi/index.html,くらし・手続き｜岐阜市公式ホームページ,ja,kanaboweb_like,kanaboweb_gifu,true,true,true,horizontal_6cat_faq,true,keyword_pageid,true,true,true,emergency_section,true,false,false,true,card_grid,true,true,,false,false,,false,false,false,,good,low,low,[hub] くらし・手続き; 16categories; [emergency] もしもの時は section; news=ごみ有料化+災害等; sidebar=category drilldown,,
S0157,岐阜県,岐阜市,municipality,B,article,https://www.city.gifu.lg.jp/info/kouhou/index.html,2026-02-16T07:50:00+09:00,200,https://www.city.gifu.lg.jp/info/kouhou/index.html,広報｜岐阜市公式ホームページ,ja,kanaboweb_like,kanaboweb_gifu,true,true,true,horizontal_6cat_faq,true,keyword_pageid,true,false,false,,true,false,false,false,,true,true,,false,false,,false,false,false,,good,low,low,[article] 広報ぎふ+記者発表+シティプロモーション+広報番組+SNS; 6channels hub; PageNo=1008353; 100+言語翻訳; GTM(G-FTFZBD7YZ7),,
S0158,長野県,松本市,municipality,B,top,https://www.city.matsumoto.nagano.jp/,2026-02-16T07:50:00+09:00,200,https://www.city.matsumoto.nagano.jp/,松本市ホームページ,ja,custom,custom,true,true,true,horizontal_8cat,true,multi_faceted,false,false,true,volcano,true,true,true,true,card_carousel,true,true,,false,false,,false,false,false,,good,low,low,[nav] 8cat; [search] multi-faceted(分類+組織+カレンダー+地図+site/PDF); [emergency] 火山警戒(焼岳); [carousel] 8cards; [a11y] 閲覧補助(音声+font/color); 5SNS; 8lang,,
S0158,長野県,松本市,municipality,B,contact,https://www.city.matsumoto.nagano.jp/soshiki/index.html,2026-02-16T07:50:00+09:00,200,https://www.city.matsumoto.nagano.jp/soshiki/index.html,組織でさがす - 松本市ホームページ,ja,custom,custom,true,true,true,horizontal_8cat,true,multi_faceted,true,false,false,,false,false,false,false,,true,true,,true,false,,false,false,false,,good,low,low,[contact] 組織でさがす; 部局別+50音順; 22部局; tel=0263-34-3000(代表); 閲覧補助メニュー,,
S0158,長野県,松本市,municipality,B,service,https://www.city.matsumoto.nagano.jp/site/kosodate/141661.html,2026-02-16T07:50:00+09:00,200,https://www.city.matsumoto.nagano.jp/site/kosodate/141661.html,児童手当 - 松本市ホームページ,ja,custom,custom,true,true,true,horizontal_8cat,true,multi_faceted,true,false,false,,false,false,false,false,,true,true,,true,false,,true,true,true,pdf,good,low,low,[service] 児童手当; 更新日2025-11-11; 八十二銀行+長野銀行合併注記; 偶数月支給; PDF申請書; マイナポータル+郵送対応; tel=0263-33-9855; こども福祉課東棟1F,,
S0158,長野県,松本市,municipality,B,hub,https://www.city.matsumoto.nagano.jp/life/index.html,2026-02-16T07:50:00+09:00,200,https://www.city.matsumoto.nagano.jp/life/index.html,分類でさがす - 松本市ホームページ,ja,custom,custom,true,true,true,horizontal_8cat,true,multi_faceted,true,false,false,,false,false,false,true,card_grid,true,true,,false,false,,false,false,false,,good,low,low,[hub] 分類でさがす; 7+categories(医療健康+環境水道+子育て教育+くらし安全+住まい交通+しごと産業+観光文化+基本情報); 注目キーワード,,
S0158,長野県,松本市,municipality,B,article,https://www.city.matsumoto.nagano.jp/site/kouhoumatsumoto/,2026-02-16T07:50:00+09:00,200,https://www.city.matsumoto.nagano.jp/site/kouhoumatsumoto/,広報まつもと（2月号） - 松本市ホームページ,ja,custom,custom,true,true,true,horizontal_8cat,true,multi_faceted,true,false,false,,true,false,false,false,,true,true,,true,false,,true,false,true,pdf,good,low,low,[article] 広報まつもと2月号; PDF=19.88MB; 秘書広報室tel=0263-34-3271; お知らせ+募集+催し+スポーツ+健康福祉+美術館+芸術館+相談日程,,
S0159,愛知県,豊橋市,municipality,B,top,https://www.city.toyohashi.lg.jp/,2026-02-16T07:50:00+09:00,200,https://www.city.toyohashi.lg.jp/,ホーム/豊橋市,ja,aspnet,aspnet_jquery,true,true,true,horizontal_6cat,true,dual_search,false,false,true,water_conservation,true,true,true,true,splide_carousel,true,true,,false,false,,false,false,false,,good,low,low,[nav] 6cat(くらし+健康福祉+教育文化+魅力観光+産業事業+市政); [search] dual(サイト内+HP番号); [emergency] 節水呼びかけ; [carousel] Splide 5slides; [a11y] ふりがな+色+フォントサイズ; ASP.NET+jQuery,,
S0159,愛知県,豊橋市,municipality,B,contact,https://www.city.toyohashi.lg.jp/1106.htm,2026-02-16T07:50:00+09:00,200,https://www.city.toyohashi.lg.jp/1106.htm,各課連絡先/豊橋市,ja,aspnet,aspnet_jquery,true,true,true,horizontal_6cat,true,dual_search,true,true,false,,false,false,false,false,,true,true,,true,false,,false,false,false,,good,low,low,[contact] 各課連絡先; 40+部署一覧; tel=0532-51-2111(代表)+夜間休日=0532-51-2421; sidebar=組織別リンク,,
S0159,愛知県,豊橋市,municipality,B,service,https://www.city.toyohashi.lg.jp/45630.htm,2026-02-16T07:50:00+09:00,200,https://www.city.toyohashi.lg.jp/45630.htm,児童手当制度/豊橋市,ja,aspnet,aspnet_jquery,true,true,true,horizontal_6cat,true,dual_search,true,false,false,,false,false,false,false,,true,true,,true,false,,false,true,true,pdf_excel,good,low,low,[service] 児童手当制度; 4sections(概要+届出+受給証明+寄付); PDF+Excel申請書; tel=0532-51-2325; email=kosodate@city.toyohashi.lg.jp,,
S0159,愛知県,豊橋市,municipality,B,hub,https://www.city.toyohashi.lg.jp/kurashi/,2026-02-16T07:50:00+09:00,200,https://www.city.toyohashi.lg.jp/kurashi/,くらし/豊橋市,ja,aspnet,aspnet_jquery,true,true,true,horizontal_6cat,true,dual_search,true,true,false,,true,false,false,true,card_grid,true,true,,false,false,,false,false,false,,good,low,low,[hub] くらし; 11categories(届出+防災+ごみ+ペット+水道+河川+税+引越+交通+市民活動+就労); news=最新お知らせ; sidebar=subcategory links,,
S0159,愛知県,豊橋市,municipality,B,article,https://www.city.toyohashi.lg.jp/2630.htm,2026-02-16T07:50:00+09:00,200,https://www.city.toyohashi.lg.jp/2630.htm,広報とよはし/豊橋市,ja,aspnet,aspnet_jquery,true,true,true,horizontal_6cat,true,dual_search,true,true,false,,true,false,false,false,,true,true,,true,false,,false,false,false,,good,low,low,[article] 広報とよはし; 企画部広報広聴課; tel=0532-51-2165; 年度別バックナンバー(R2-R8); カタログポケット+ちいき本棚+マチイロ+マイ広報紙; HP番号検索対応,,
S0160,愛知県,岡崎市,municipality,B,top,https://www.city.okazaki.lg.jp/,2026-02-16T07:50:00+09:00,200,https://www.city.okazaki.lg.jp/,ホーム | 岡崎市ホームページ,ja,custom,custom,false,true,true,horizontal_3cat,false,,false,false,true,emergency_banner,true,true,true,true,setcover_carousel,true,true,,false,false,,false,false,false,,good,medium,low,[nav] 3cat(くらし行政+観光+事業者); [search] not evident; [emergency] 緊急情報(防災+救急医療); [carousel] setCover 7.5sec; [a11y] 音声読み上げ+色+フォントサイズ; LINE+Twitter+Facebook+Instagram(4SNS); skip_link not found,,
S0160,愛知県,岡崎市,municipality,B,contact,https://www.city.okazaki.lg.jp/1100/1103/index.html,2026-02-16T07:50:00+09:00,200,https://www.city.okazaki.lg.jp/1100/1103/index.html,相談・労働・市民活動・国際 | 岡崎市ホームページ,ja,custom,custom,true,true,true,horizontal_5cat,false,,true,true,false,,false,false,false,false,,true,true,,true,false,,false,false,false,,good,low,low,[contact] 相談・労働・市民活動・国際; 9service links; tel=0564-23-6000(代表); Top5人気ページ表示; 英語+ポルトガル語+中国語,,
S0160,愛知県,岡崎市,municipality,B,service,https://www.city.okazaki.lg.jp/1100/1104/1131/p011147.html,2026-02-16T07:50:00+09:00,200,https://www.city.okazaki.lg.jp/1100/1104/1131/p011147.html,児童手当 | 岡崎市ホームページ,ja,custom,custom,true,true,true,horizontal_5cat,false,,true,false,false,,false,false,false,false,,true,true,,true,false,,true,true,true,pdf,good,low,low,[service] 児童手当; 更新日R7-12-09; PageID=011147; 5sections(支給要件+手続き+現況届+受給証明+寄付); PDFマニュアル; tel=0564-23-6628; 子育て支援室東庁舎1F,,
S0160,愛知県,岡崎市,municipality,B,hub,https://www.city.okazaki.lg.jp/1100/1101/1115/index.html,2026-02-16T07:50:00+09:00,200,https://www.city.okazaki.lg.jp/1100/1101/1115/index.html,窓口・各種サービスのご案内 | 岡崎市ホームページ,ja,custom,custom,true,true,true,horizontal_5cat,false,,true,true,false,,false,false,false,true,card_service,true,true,,false,false,,false,false,false,,good,low,low,[hub] 窓口・各種サービスのご案内; 10service cards(パートナー制度+市民サービスコーナー+水道証明+マイナンバー+キャッシュレス+時間外届出+電子申請); Topics動的読込; #content skip,,
S0160,愛知県,岡崎市,municipality,B,article,https://www.city.okazaki.lg.jp/shiseidayori/index.html,2026-02-16T07:50:00+09:00,200,https://www.city.okazaki.lg.jp/shiseidayori/index.html,市政だより「おかざき」| 岡崎市ホームページ,ja,custom,custom,true,true,true,horizontal_5cat,false,,true,false,false,,true,false,false,false,,true,true,,false,false,,false,false,false,,good,low,low,[article] 市政だよりおかざき; 月1回1日発行; 年度別アーカイブ(R8-H27); マチイロアプリ; 施設配架; クイズ企画; 音声版あり; 5cat navigation,,
S0161,愛知県,豊田市,municipality,B,top,https://www.city.toyota.aichi.jp/,2026-02-16T08:30:00+09:00,200,https://www.city.toyota.aichi.jp/,豊田市公式ホームページ,ja,kanaboweb_like,kanaboweb_toyota,true,true,true,horizontal_5cat,true,keyword_hpnum,false,false,false,,true,true,true,true,icon_card_13,true,true,,false,false,,false,false,false,,good,low,low,[nav] 5cat(くらし+施設+事業者+市政+魅力観光); [search] keyword+HP番号; [carousel] custom pause/play; [hub] 13 life-scene icon cards; [a11y] KanaboVoice読み上げ+やさしい日本語+手話電話; X+Instagram+Facebook+YouTube+LINE(5SNS); GTM+GA4; SDGs; スマート窓口; チャットボット; イベントカレンダー,,
S0161,愛知県,豊田市,municipality,B,contact,https://www.city.toyota.aichi.jp/shisei/soshiki/index.html,2026-02-16T08:30:00+09:00,200,https://www.city.toyota.aichi.jp/shisei/soshiki/index.html,市の組織｜豊田市,ja,kanaboweb_like,kanaboweb_toyota,true,true,true,horizontal_5cat,true,keyword_hpnum,true,true,false,,false,false,false,false,,true,true,,true,false,,false,false,false,,good,low,low,[contact] 市の組織; 23部局; tel=0565-31-1212(代表); fax=0565-33-2221,,
S0161,愛知県,豊田市,municipality,B,service,https://www.city.toyota.aichi.jp/kurashi/kosodateshien/teate/1003328/1003329.html,2026-02-16T08:30:00+09:00,200,https://www.city.toyota.aichi.jp/kurashi/kosodateshien/teate/1003328/1003329.html,児童手当の概要｜豊田市,ja,kanaboweb_like,kanaboweb_toyota,true,true,true,horizontal_5cat,true,keyword_hpnum,true,true,false,,false,false,false,false,,true,true,,true,false,,true,false,false,,good,low,low,[service] 児童手当の概要; 更新日2025-10-15; tel=0565-34-6966; おやこ応援課; sidebar=関連ページリンク,,
S0161,愛知県,豊田市,municipality,B,hub,https://www.city.toyota.aichi.jp/kurashi/,2026-02-16T08:30:00+09:00,200,https://www.city.toyota.aichi.jp/kurashi/,くらしの情報｜豊田市,ja,kanaboweb_like,kanaboweb_toyota,true,true,true,horizontal_5cat,true,keyword_hpnum,true,true,false,,true,false,false,true,card_grid,true,true,,false,false,,false,false,false,,good,low,low,[hub] くらしの情報; categories(届出+税+保険+子育て+福祉+防災+住宅+環境+交通等); sidebar=subcategory,,
S0161,愛知県,豊田市,municipality,B,article,https://www.city.toyota.aichi.jp/shisei/koho/kohotoyota/index.html,2026-02-16T08:30:00+09:00,200,https://www.city.toyota.aichi.jp/shisei/koho/kohotoyota/index.html,広報とよた｜豊田市,ja,kanaboweb_like,kanaboweb_toyota,true,true,true,horizontal_5cat,true,keyword_hpnum,true,true,false,,true,false,false,false,,true,true,,true,false,,false,false,false,,good,low,low,[article] 広報とよた; No.1536(2026年2月号); 年度別アーカイブ; 広報課,,
S0163,新潟県,上越市,municipality,C,top,https://www.city.joetsu.niigata.jp/,2026-02-16T08:30:00+09:00,200,https://www.city.joetsu.niigata.jp/,上越市ホームページ トップページ,ja,custom,custom,true,true,true,horizontal_6cat,true,keyword,false,false,true,snow_measles,true,true,true,true,card_life_event,true,true,,false,false,,false,false,false,,good,low,low,"[nav] 6cat(くらし+子育て教育+健康福祉+産業入札+観光文化+市政); [search] keyword; [emergency] 雪事故警報+はしか注意; [carousel] banner(雪情報+光フェスタ+特産品); [hub] life-event cards(引越+妊娠+子育て+介護+お悔やみ); LINE+X+YouTube; 人口表示(177,670人); RSS",,
S0163,新潟県,上越市,municipality,C,contact,https://www.city.joetsu.niigata.jp/soshiki/,2026-02-16T08:30:00+09:00,200,https://www.city.joetsu.niigata.jp/soshiki/,組織でさがす - 上越市ホームページ,ja,custom,custom,true,true,true,horizontal_6cat,true,keyword,true,false,false,,false,false,false,false,,true,true,,true,false,,false,false,false,,good,low,low,[contact] 組織でさがす; 部局別ディレクトリ; tel=025-526-5111,,
S0163,新潟県,上越市,municipality,C,service,https://www.city.joetsu.niigata.jp/soshiki/kodomo/kodomo23-10.html,2026-02-16T08:30:00+09:00,200,https://www.city.joetsu.niigata.jp/soshiki/kodomo/kodomo23-10.html,児童手当 - 上越市ホームページ,ja,custom,custom,true,true,true,horizontal_6cat,true,keyword,true,false,false,,false,false,false,false,,true,true,,true,false,,true,true,true,pdf,good,low,low,[service] 児童手当; こども・子育て部; PDF申請書; 電子申請対応,,
S0163,新潟県,上越市,municipality,C,hub,https://www.city.joetsu.niigata.jp/life/7/76/85/,2026-02-16T08:30:00+09:00,200,https://www.city.joetsu.niigata.jp/life/7/76/85/,手当・助成 - 上越市ホームページ,ja,custom,custom,true,true,true,horizontal_6cat,true,keyword,true,true,false,,true,false,false,true,card_list,true,true,,false,false,,false,false,false,,good,low,low,[hub] 手当・助成; 子どもカテゴリ配下; 手当種別リスト型,,
S0163,新潟県,上越市,municipality,C,article,https://www.city.joetsu.niigata.jp/life/5/83/227/,2026-02-16T08:30:00+09:00,200,https://www.city.joetsu.niigata.jp/life/5/83/227/,広報紙 - 上越市ホームページ,ja,custom,custom,true,true,true,horizontal_6cat,true,keyword,true,true,false,,true,false,false,false,,true,true,,true,false,,false,false,false,,good,low,low,[article] 広報上越; 広報対話課; 年度別バックナンバー,,
S0164,富山県,高岡市,municipality,C,top,https://www.city.takaoka.toyama.jp/,2026-02-16T08:30:00+09:00,200,https://www.city.takaoka.toyama.jp/,ホーム／高岡市公式ホームページ,ja,smart_cms,smart_cms,true,true,true,horizontal_4cat_audience,true,keyword,false,false,true,noto_earthquake,true,true,true,true,card_audience_4,true,true,,false,false,,false,false,false,,good,low,low,[nav] 4cat audience-based(市民+観光+移住+ふるさと納税); [search] keyword+お問い合わせ; [emergency] 能登半島地震(R6); [carousel] 4images(雨晴海岸+勝興寺+瑞龍寺+高岡大仏); [hub] audience-based card navigation; SMART CMS; GTM; JS動的ページリスト,,
S0164,富山県,高岡市,municipality,C,contact,https://www.city.takaoka.toyama.jp/soshiki/index.html,2026-02-16T08:30:00+09:00,200,https://www.city.takaoka.toyama.jp/soshiki/index.html,組織から探す／高岡市公式ホームページ,ja,smart_cms,smart_cms,true,true,true,horizontal_4cat_audience,true,keyword,true,false,false,,false,false,false,false,,true,true,,true,false,,false,false,false,,good,low,low,[contact] 組織から探す; 部局別ディレクトリ,,
S0164,富山県,高岡市,municipality,C,service,https://www.city.takaoka.toyama.jp/soshiki/kodomo_kosodateka/2/4/1/2/1/5149.html,2026-02-16T08:30:00+09:00,200,https://www.city.takaoka.toyama.jp/soshiki/kodomo_kosodateka/2/4/1/2/1/5149.html,児童手当／高岡市公式ホームページ,ja,smart_cms,smart_cms,true,true,true,horizontal_4cat_audience,true,keyword,true,false,false,,false,false,false,false,,true,true,,true,false,,true,false,true,pdf,good,low,low,[service] 児童手当; 子ども・子育て課; tel=0766-20-1381; マイナンバー電子申請対応,,
S0164,富山県,高岡市,municipality,C,hub,https://www.city.takaoka.toyama.jp/gyosei/kosodate_kyoiku/kosodateshienjoho/2/index.html,2026-02-16T08:30:00+09:00,200,https://www.city.takaoka.toyama.jp/gyosei/kosodate_kyoiku/kosodateshienjoho/2/index.html,子どもに関する手当・助成|高岡市公式ホームページ,ja,smart_cms,smart_cms,true,true,true,horizontal_4cat_audience,true,keyword,true,true,false,,true,false,false,true,card_list,true,true,,false,false,,false,false,false,,good,low,low,[hub] 子どもに関する手当・助成; 子育て支援情報カテゴリ配下,,
S0164,富山県,高岡市,municipality,C,article,https://www.city.takaoka.toyama.jp/soshiki/kohohasshinka/2/7/3/1/index.html,2026-02-16T08:30:00+09:00,200,https://www.city.takaoka.toyama.jp/soshiki/kohohasshinka/2/7/3/1/index.html,広報紙／高岡市公式ホームページ,ja,smart_cms,smart_cms,true,true,true,horizontal_4cat_audience,true,keyword,true,false,false,,true,false,false,false,,true,true,,true,false,,false,false,false,,good,low,low,[article] たかおか市民と市政; 広報発信課; 年度別アーカイブ,,
S0165,石川県,小松市,municipality,C,top,https://www.city.komatsu.lg.jp/,2026-02-16T08:30:00+09:00,200,https://www.city.komatsu.lg.jp/,ホーム／小松市ホームページ,ja,smart_cms,smart_cms,true,true,true,horizontal_6cat,true,keyword_filetype,false,false,false,,false,false,true,true,icon_card_12,true,true,,false,false,,false,false,false,,good,low,low,"[nav] 6cat(くらし+健康福祉+子育て教育+観光文化+産業+市政); [search] keyword+filetype(HTML/PDF/All); [carousel] 3images(白山+那谷寺+曳山); [hub] 12 icon cards(妊娠+子育て+就職+住まい+介護+葬儀+e-service+ごみ+図書+バス+入札+申請); J-ALERT; Facebook+X+LINE+Instagram+YouTube(5SNS); もしもしセンター(0761-20-0404); 窓口待ち時間; FAQチャットボット; 人口=104,785",,
S0165,石川県,小松市,municipality,C,contact,https://www.city.komatsu.lg.jp/soshiki/837.html,2026-02-16T08:30:00+09:00,200,https://www.city.komatsu.lg.jp/soshiki/837.html,各課連絡先（組織から探す） - 小松市,ja,smart_cms,smart_cms,true,true,true,horizontal_6cat,true,keyword_filetype,true,false,false,,false,false,false,false,,true,true,,true,false,,false,false,false,,good,low,low,[contact] 各課連絡先; 組織から探す,,
S0165,石川県,小松市,municipality,C,service,https://www.city.komatsu.lg.jp/soshiki/1029/kakushuteate/16993.html,2026-02-16T08:30:00+09:00,200,https://www.city.komatsu.lg.jp/soshiki/1029/kakushuteate/16993.html,児童手当（令和6年10月改正） - 小松市,ja,smart_cms,smart_cms,true,true,true,horizontal_6cat,true,keyword_filetype,true,false,false,,false,false,false,false,,true,true,,true,false,,true,false,true,pdf,good,low,low,[service] 児童手当(R6.10改正); 子育て支援課; tel=0761-24-8057; PDF申請書,,
S0165,石川県,小松市,municipality,C,hub,https://www.city.komatsu.lg.jp/kurasi_tetuzuki/index.html,2026-02-16T08:30:00+09:00,200,https://www.city.komatsu.lg.jp/kurasi_tetuzuki/index.html,くらし・手続き／小松市ホームページ,ja,smart_cms,smart_cms,true,true,true,horizontal_6cat,true,keyword_filetype,true,true,false,,true,false,false,true,card_grid,true,true,,false,false,,false,false,false,,good,low,low,[hub] くらし・手続き; categories(届出+税+保険+ごみ+住宅+水道+防災等),,
S0165,石川県,小松市,municipality,C,article,https://www.city.komatsu.lg.jp/shiseijoho/koho_kocho/1/index.html,2026-02-16T08:30:00+09:00,200,https://www.city.komatsu.lg.jp/shiseijoho/koho_kocho/1/index.html,広報こまつ／小松市ホームページ,ja,smart_cms,smart_cms,true,true,true,horizontal_6cat,true,keyword_filetype,true,true,false,,true,false,false,false,,true,true,,true,false,,false,false,false,,good,low,low,[article] 広報こまつ; 広報秘書課; 年度別アーカイブ,,
S0166,石川県,白山市,municipality,C,top,https://www.city.hakusan.lg.jp/,2026-02-16T08:30:00+09:00,200,https://www.city.hakusan.lg.jp/,白山市公式ホームページ,ja,custom,custom,true,true,true,horizontal_8cat,true,faq_dept,false,false,true,disaster_medical,true,true,true,true,icon_card_12,true,true,,false,false,,false,false,false,,good,low,low,[nav] 8cat(暮らし+環境安全+健康福祉+教育文化+まちづくり産業+観光+市政+サイトマップ等); [search] FAQ+部署別; [emergency] 危機管理(災害情報+救急); [carousel] 4images(税申告+TrainPark+ジオパーク+白山); [hub] 12 icon cards(妊娠+子育て+入学+防災+就職+結婚+引越+住宅+葬儀+高齢者+障害者+ごみ); 3-tab news(新着+イベント+お知らせ); Facebook+YouTube+LINE; font/color A11y,,
S0166,石川県,白山市,municipality,C,contact,https://www.city.hakusan.lg.jp/shisei/soshiki/index.html,2026-02-16T08:30:00+09:00,200,https://www.city.hakusan.lg.jp/shisei/soshiki/index.html,市の組織｜白山市公式ホームページ,ja,custom,custom,true,true,true,horizontal_8cat,true,faq_dept,true,true,false,,false,false,false,false,,true,true,,true,false,,false,false,false,,good,low,low,[contact] 市の組織; 本庁+支所+関連施設; 課別ディレクトリ,,
S0166,石川県,白山市,municipality,C,service,https://www.city.hakusan.lg.jp/kosodate/1001577/1001582.html,2026-02-16T08:30:00+09:00,200,https://www.city.hakusan.lg.jp/kosodate/1001577/1001582.html,児童手当のしくみ｜白山市公式ホームページ,ja,custom,custom,true,true,true,horizontal_8cat,true,faq_dept,true,false,false,,false,false,false,false,,true,true,,true,false,,true,false,true,pdf,good,low,low,[service] 児童手当のしくみ; 子育て支援課; tel=076-274-9575,,
S0166,石川県,白山市,municipality,C,hub,https://www.city.hakusan.lg.jp/kurashi/index.html,2026-02-16T08:30:00+09:00,200,https://www.city.hakusan.lg.jp/kurashi/index.html,暮らし｜白山市公式ホームページ,ja,custom,custom,true,true,true,horizontal_8cat,true,faq_dept,true,true,false,,true,false,false,true,card_grid,true,true,,false,false,,false,false,false,,good,low,low,[hub] 暮らし; 16subcategories,,
S0166,石川県,白山市,municipality,C,article,https://www.city.hakusan.lg.jp/shisei/kohokocho/koho/index.html,2026-02-16T08:30:00+09:00,200,https://www.city.hakusan.lg.jp/shisei/kohokocho/koho/index.html,広報はくさん｜白山市公式ホームページ,ja,custom,custom,true,true,true,horizontal_8cat,true,faq_dept,true,true,false,,true,false,false,false,,true,true,,true,false,,false,false,true,pdf,good,low,low,[article] 広報はくさん; シティプロモーション推進課; バックナンバー; 最新号R7.9月号,,
S0167,福井県,敦賀市,municipality,C,top,https://www.city.tsuruga.lg.jp/,2026-02-16T08:30:00+09:00,200,https://www.city.tsuruga.lg.jp/,敦賀市-Tsuruga City-,ja,custom,custom_gtm,true,true,true,horizontal_6cat,true,keyword,false,false,true,noto_earthquake_influenza,true,true,true,true,card_life_scenario,true,true,,false,false,,false,false,false,,good,low,low,[nav] 6cat(くらし+子育て教育+健康福祉+安心安全+市政+観光); [search] keyword; [emergency] 能登半島地震+インフルエンザ; [carousel] 3banners(雪情報+インフルエンザ+まつり); [hub] life-scenario cards(妊娠+子育て+就職+結婚+引越+高齢+死亡相談)+category cards; 4-tab news(Topics+新着+募集+イベント); GTM(GTM-57V87HR); 3 skip links; いつどこナビ(時間+利用者別); イベントカレンダー; 30+バナー; font/color+ZoomSight; YouTube,,
S0167,福井県,敦賀市,municipality,C,contact,https://www.city.tsuruga.lg.jp/about_city/index.html,2026-02-16T08:30:00+09:00,200,https://www.city.tsuruga.lg.jp/about_city/index.html,市政情報 敦賀市-Tsuruga City-,ja,custom,custom_gtm,true,true,true,horizontal_6cat,true,keyword,true,false,false,,false,false,false,false,,true,true,,true,false,,false,false,false,,good,low,low,[contact] 市政情報; 市役所案内+組織一覧,,
S0167,福井県,敦賀市,municipality,C,service,https://www.city.tsuruga.lg.jp/kosodate/kosodate/shien_teate/teate_josei/index.html,2026-02-16T08:30:00+09:00,200,https://www.city.tsuruga.lg.jp/kosodate/kosodate/shien_teate/teate_josei/index.html,手当・助成 敦賀市-Tsuruga City-,ja,custom,custom_gtm,true,true,true,horizontal_6cat,true,keyword,true,true,false,,true,false,false,true,card_list,true,true,,false,false,,false,false,false,,good,low,low,[service] 手当・助成(児童手当含む); カテゴリページ; 児童手当+児童扶養手当+特別児童扶養手当等リンク,,
S0167,福井県,敦賀市,municipality,C,hub,https://www.city.tsuruga.lg.jp/kurashi/index.html,2026-02-16T08:30:00+09:00,200,https://www.city.tsuruga.lg.jp/kurashi/index.html,くらし 敦賀市-Tsuruga City-,ja,custom,custom_gtm,true,true,true,horizontal_6cat,true,keyword,true,true,false,,true,false,false,true,card_grid,true,true,,false,false,,false,false,false,,good,low,low,[hub] くらし; categories(届出+障害福祉+手続き+ごみ+施設利用許可等),,
S0167,福井県,敦賀市,municipality,C,article,https://www.city.tsuruga.lg.jp/about_city/koho/backnumber/index.html,2026-02-16T08:30:00+09:00,200,https://www.city.tsuruga.lg.jp/about_city/koho/backnumber/index.html,広報つるが 敦賀市-Tsuruga City-,ja,custom,custom_gtm,true,true,true,horizontal_6cat,true,keyword,true,true,false,,true,false,false,false,,true,true,,true,false,,false,false,true,pdf,good,low,low,[article] 広報つるが; 年度別バックナンバー; PDF版; SNS+報道発表資料リンク,,
S0168,山梨県,富士吉田市,municipality,D,top,https://www.city.fujiyoshida.yamanashi.jp/,2026-02-16T08:30:00+09:00,200,https://www.city.fujiyoshida.yamanashi.jp/,富士吉田市公式ホームページ,ja,custom,slick,true,true,true,horizontal_4cat,true,google_cse,false,false,false,,false,false,true,false,,true,true,,false,false,,false,false,false,,good,low,low,[nav] 4cat(ホーム+English+観光ガイド+ふるさと納税); [search] Google CSE; [carousel] Slick; [a11y] skip link; GA+Microsoft Clarity; タグライン=ここにはいつも富士がある,,
S0168,山梨県,富士吉田市,municipality,D,contact,https://www.city.fujiyoshida.yamanashi.jp/soshiki/,2026-02-16T08:30:00+09:00,200,https://www.city.fujiyoshida.yamanashi.jp/soshiki/,組織でさがす - 富士吉田市公式ホームページ,ja,custom,slick,true,true,true,horizontal_4cat,true,google_cse,true,false,false,,false,false,false,false,,true,true,,true,false,,false,false,false,,good,low,low,[contact] 組織でさがす; 部署一覧,,
S0168,山梨県,富士吉田市,municipality,D,service,https://www.city.fujiyoshida.yamanashi.jp/site/kosodate/1580.html,2026-02-16T08:30:00+09:00,200,https://www.city.fujiyoshida.yamanashi.jp/site/kosodate/1580.html,児童手当 - 子育てサイト - 富士吉田市公式ホームページ,ja,custom,slick,true,true,true,horizontal_4cat,true,google_cse,true,false,false,,false,false,false,false,,true,true,,true,false,,true,false,true,pdf,good,low,low,[service] 児童手当; 子育てサイト配下; こども家庭センター tel=0555-22-5155,,
S0168,山梨県,富士吉田市,municipality,D,hub,https://www.city.fujiyoshida.yamanashi.jp/life/1/,2026-02-16T08:30:00+09:00,200,https://www.city.fujiyoshida.yamanashi.jp/life/1/,くらし - 富士吉田市公式ホームページ,ja,custom,slick,true,true,true,horizontal_4cat,true,google_cse,true,true,false,,true,false,false,true,card_grid,true,true,,false,false,,false,false,false,,good,low,low,[hub] くらし; /life/1/ path,,
S0168,山梨県,富士吉田市,municipality,D,article,https://www.city.fujiyoshida.yamanashi.jp/life/6/28/128/,2026-02-16T08:30:00+09:00,200,https://www.city.fujiyoshida.yamanashi.jp/life/6/28/128/,広報ふじよしだ - 富士吉田市公式ホームページ,ja,custom,slick,true,true,true,horizontal_4cat,true,google_cse,true,true,false,,true,false,false,false,,true,true,,true,false,,false,false,true,pdf,good,low,low,[article] 広報ふじよしだ; 市民協働推進課 tel=0555-22-1111(内線214); PDF版; 町内会配布,,
S0169,長野県,上田市,municipality,C,top,https://www.city.ueda.nagano.jp/,2026-02-16T10:00:00+09:00,200,https://www.city.ueda.nagano.jp/,上田市ホームページ,ja,tsutaeruMO,tsutaeruMO,true,true,true,horizontal_5cat,true,keyword+PageID+PDF,false,false,true,休日緊急医+防災情報,true,true,false,true,life_stage_icon_cards,true,true,,false,false,,false,false,false,,good,low,low,[nav] 5cat(生活防災+健康福祉子育て+観光文化+産業建設+市政); [search] keyword+PageID+PDFフィルタ; [emergency] 休日緊急医+防災バナー; [hub] ライフステージ別icon_cards; [a11y] やさしい日本語+ruby+font_size; LINE+YouTube+X(3SNS); tsutaeruMO; GA4,,
S0169,長野県,上田市,municipality,C,contact,https://www.city.ueda.nagano.jp/soshiki/,2026-02-16T10:00:00+09:00,200,https://www.city.ueda.nagano.jp/soshiki/,組織でさがす - 上田市ホームページ,ja,tsutaeruMO,tsutaeruMO,true,true,true,horizontal_5cat,true,keyword+PageID+PDF,true,false,false,,false,false,false,false,,true,true,,true,false,,false,false,false,,good,low,low,[contact] 組織でさがす; 部局別階層リスト; tel=0268-22-4100(代表); 50音検索対応,,
S0169,長野県,上田市,municipality,C,service,https://www.city.ueda.nagano.jp/soshiki/kosodate-k/102205.html,2026-02-16T10:00:00+09:00,200,https://www.city.ueda.nagano.jp/soshiki/kosodate-k/102205.html,児童手当 - 上田市ホームページ,ja,tsutaeruMO,tsutaeruMO,true,true,true,horizontal_5cat,true,keyword+PageID+PDF,true,true,false,,false,false,false,false,,true,true,,true,false,,true,false,true,pdf,good,low,low,[service] 児童手当; 子育て・子育ち支援課; PDF申請書7種; 印刷ボタン; accordion展開; 3地域事務所tel; 更新日=2025-07-01,,
S0169,長野県,上田市,municipality,C,hub,https://www.city.ueda.nagano.jp/life/,2026-02-16T10:00:00+09:00,200,https://www.city.ueda.nagano.jp/life/,分類でさがす - 上田市ホームページ,ja,tsutaeruMO,tsutaeruMO,true,true,true,horizontal_5cat,true,keyword+PageID+PDF,true,false,false,,false,false,false,true,life_stage_icon_cards,true,true,,false,false,,false,false,false,,good,low,low,[hub] 分類でさがす; 5大カテゴリ+ライフステージicon; テキストリスト型,,
S0169,長野県,上田市,municipality,C,article,https://www.city.ueda.nagano.jp/site/koho/,2026-02-16T10:00:00+09:00,200,https://www.city.ueda.nagano.jp/site/koho/,広報うえだ - 上田市ホームページ,ja,tsutaeruMO,tsutaeruMO,true,true,true,horizontal_5cat,true,keyword+PageID+PDF,true,true,false,,false,false,false,false,,true,true,,true,false,,true,false,true,pdf,good,low,low,[article] 広報うえだ; 月刊(毎月16日); PDF全ページ+分割DL; 年度別バックナンバー; マチイロ+マイ広報紙+NAGANO ebooks対応,,
S0170,長野県,飯田市,municipality,C,top,https://www.city.iida.lg.jp/,2026-02-16T10:00:00+09:00,200,https://www.city.iida.lg.jp/,飯田市ホームページ ホーム,ja,custom,custom,true,true,true,horizontal_5cat,true,keyword+PageID_GoogleCSE,false,false,true,防災情報+防災行政無線,true,true,false,true,special_site_cards_8,true,true,,false,false,,false,false,false,,good,low,low,[nav] 5cat(くらし+イベント+観光+事業者+市政); [search] keyword+PageID(Google CSE); [emergency] 防災情報+防災行政無線; [hub] 8特設サイトcards(子育て+移住+ゼロカーボン+リニア等); [a11y] ふりがな+font_size+色変更; LINE+YouTube+Facebook+Instagram+X(5SNS),,
S0170,長野県,飯田市,municipality,C,contact,https://www.city.iida.lg.jp/soshiki/,2026-02-16T10:00:00+09:00,200,https://www.city.iida.lg.jp/soshiki/,組織でさがす - 飯田市ホームページ,ja,custom,custom,true,true,true,horizontal_5cat,true,keyword+PageID_GoogleCSE,true,false,false,,false,false,false,false,,true,true,,true,false,,false,false,false,,good,low,low,[contact] 組織でさがす; 部局別(総務+企画+リニア推進+市民協働環境+福祉+こども未来健康+産業経済+建設+水道+病院+危機管理+教育+議会),,
S0170,長野県,飯田市,municipality,C,service,https://www.city.iida.lg.jp/soshiki/12/-jidoute.html,2026-02-16T10:00:00+09:00,200,https://www.city.iida.lg.jp/soshiki/12/-jidoute.html,児童手当 - 飯田市ホームページ,ja,custom,custom,true,true,true,horizontal_5cat,true,keyword+PageID_GoogleCSE,true,true,false,,false,false,false,false,,true,true,,true,false,,true,false,true,pdf+excel,good,low,low,[service] 児童手当; 保育家庭課; PDF+Excel申請書; 印刷ボタン; 更新日=2024-11-20; X+Facebook+Instagram+YouTube+LINE(footer SNS),,
S0170,長野県,飯田市,municipality,C,hub,https://www.city.iida.lg.jp/life/,2026-02-16T10:00:00+09:00,200,https://www.city.iida.lg.jp/life/,分類でさがす - 飯田市ホームページ,ja,custom,custom,true,true,true,horizontal_5cat,true,keyword+PageID_GoogleCSE,true,false,false,,false,false,false,false,,true,true,,false,false,,false,false,false,,good,low,low,[hub] 分類でさがす; 5大カテゴリ(くらし15sub+イベント+事業者+市政10sub+地区+地図); テキストリスト型; icon_cards不在,,
S0170,長野県,飯田市,municipality,C,article,https://www.city.iida.lg.jp/life/5/31/,2026-02-16T10:00:00+09:00,200,https://www.city.iida.lg.jp/life/5/31/,広報いいだ - 飯田市ホームページ,ja,custom,custom,true,true,true,horizontal_5cat,true,keyword+PageID_GoogleCSE,true,true,false,,true,false,false,false,,true,true,,true,false,,true,false,false,,good,low,low,[article] 広報いいだ; 年度別アーカイブ(2021-2026); 広報ブランド推進課; 最新号+バックナンバー構成,,
S0171,岐阜県,大垣市,municipality,C,top,https://www.city.ogaki.lg.jp/,2026-02-16T10:00:00+09:00,200,https://www.city.ogaki.lg.jp/,大垣市公式ホームページ 水の都おおがき,ja,custom,custom_ogaki,true,true,true,horizontal_6cat,true,keyword+PageID,false,false,true,森林火災予防+道路通行止+水道料金,true,true,false,true,icon_card_9,true,true,,false,false,,false,false,false,,good,low,low,[nav] 6cat(暮らし+子育て教育+健康福祉+観光文化+事業者+市政); [search] keyword+ページ番号; [emergency] 森林火災予防+道路通行止+水道料金改定; [hub] 9目的別icon_cards; [a11y] ReadSpeaker+ふりがな+やさしい日本語+font_size+色反転+6言語; AIチャットボット(public-edia); GA4+UA; 人口表示; SNS一覧ページあり,,
S0171,岐阜県,大垣市,municipality,C,contact,https://www.city.ogaki.lg.jp/soshiki/,2026-02-16T10:00:00+09:00,403,https://www.city.ogaki.lg.jp/soshiki/,,ja,custom,custom_ogaki,false,false,false,,false,,false,false,false,,false,false,false,false,,false,false,,false,false,,false,false,false,,unknown,unknown,unknown,[contact] /soshiki/ HTTP403 Forbidden; 個別部署ページ(/soshiki/19-1-0-0-0_6.html等)は正常; ディレクトリ一覧非公開,,
S0171,岐阜県,大垣市,municipality,C,service,https://www.city.ogaki.lg.jp/0000006989.html,2026-02-16T10:00:00+09:00,200,https://www.city.ogaki.lg.jp/0000006989.html,児童手当 | 大垣市公式ホームページ,ja,custom,custom_ogaki,true,true,true,horizontal_6cat,true,keyword+PageID,true,true,false,,false,false,false,false,,true,true,,true,false,,true,false,true,pdf,good,low,low,[service] 児童手当; 子育て支援課; ページ番号6989; PDF申請書5種; accordion展開; 制度改正比較表; tel=0584-47-7092; 更新日=2025-12-02,,
S0171,岐阜県,大垣市,municipality,C,hub,https://www.city.ogaki.lg.jp/category/2-0-0-0-0-0-0-0-0-0.html,2026-02-16T10:00:00+09:00,200,https://www.city.ogaki.lg.jp/category/2-0-0-0-0-0-0-0-0-0.html,暮らし・手続き | 大垣市公式ホームページ,ja,custom,custom_ogaki,true,true,true,horizontal_6cat,true,keyword+PageID,true,false,false,,false,false,false,true,category_list,true,true,,false,false,,false,false,false,,good,low,low,[hub] 暮らし・手続き; カテゴリID=2; サブカテゴリ一覧; テキストリスト型,,
S0171,岐阜県,大垣市,municipality,C,article,https://www.city.ogaki.lg.jp/0000058260.html,2026-02-16T10:00:00+09:00,200,https://www.city.ogaki.lg.jp/0000058260.html,広報おおがき | 大垣市公式ホームページ,ja,custom,custom_ogaki,true,true,true,horizontal_6cat,true,keyword+PageID,true,true,false,,true,false,false,false,,true,true,,true,false,,true,false,true,pdf,good,low,low,[article] 広報おおがき; 月2回(1日+15日)発行; タブロイド判; マチイロアプリ; PDF個別ページDL対応,,
S0172,岐阜県,各務原市,municipality,C,top,https://www.city.kakamigahara.lg.jp/,2026-02-16T10:00:00+09:00,200,https://www.city.kakamigahara.lg.jp/,各務原市総合トップページ｜各務原市公式ウェブサイト,ja,custom,custom_typekit,true,true,true,horizontal_3cat,false,,false,false,false,,false,false,true,false,,true,false,,false,false,,false,false,false,,fair,medium,medium,[nav] 3cat(くらし・市政+移住定住+観光); [carousel] Supersized(5slides:航空博物館+公園+桜+文化財+市景); [a11y] minimal(JS必須通知のみ); Typekit; GA4+UA; footer=最小構成(住所+tel+sitemap); 言語=日本語only,,
S0172,岐阜県,各務原市,municipality,C,contact,https://www.city.kakamigahara.lg.jp/about/1005270.html,2026-02-16T10:00:00+09:00,200,https://www.city.kakamigahara.lg.jp/about/1005270.html,市へのお問い合わせ｜各務原市公式ウェブサイト,ja,custom,custom_typekit,true,true,true,horizontal_3cat,false,,true,false,false,,false,false,false,false,,true,false,,true,true,web_form,false,false,false,,fair,medium,medium,[contact] 市へのお問い合わせ; tel=058-383-1111(代表); Webフォームあり; ページID=1005270,,
S0172,岐阜県,各務原市,municipality,C,service,https://www.city.kakamigahara.lg.jp/kodomo/teate/1002010/1002011.html,2026-02-16T10:00:00+09:00,200,https://www.city.kakamigahara.lg.jp/kodomo/teate/1002010/1002011.html,児童手当制度｜各務原市公式ウェブサイト,ja,custom,custom_typekit,true,true,true,horizontal_3cat,true,keyword+PageID,true,true,true,いざというときに,false,false,false,false,,true,true,,true,false,,true,false,true,pdf,good,low,low,[service] 児童手当制度; 社会福祉課; ページID=1002011; PDF認定請求書等7種; 印刷+大文字印刷ボタン; tel=058-383-7217; 電子申請(ぴったりサービス); emergency_sidebar=いざというときに(防災+火災+救急),,
S0172,岐阜県,各務原市,municipality,C,hub,https://www.city.kakamigahara.lg.jp/kodomo/index.html,2026-02-16T10:00:00+09:00,200,https://www.city.kakamigahara.lg.jp/kodomo/index.html,子育て・教育｜各務原市公式ウェブサイト,ja,custom,custom_typekit,true,true,true,horizontal_3cat,true,keyword+PageID,true,false,false,,false,false,false,true,category_list,true,true,,false,false,,false,false,false,,good,low,low,[hub] 子育て・教育; サブカテゴリ(保育+手当助成+学校+支援+医療等); テキストリスト型,,
S0172,岐阜県,各務原市,municipality,C,article,https://www.city.kakamigahara.lg.jp/shisei/koho/1006566/index.html,2026-02-16T10:00:00+09:00,200,https://www.city.kakamigahara.lg.jp/shisei/koho/1006566/index.html,広報各務原｜各務原市公式ウェブサイト,ja,custom,custom_typekit,true,true,true,horizontal_3cat,true,keyword+PageID,true,true,false,,true,false,false,false,,true,true,,true,false,,true,false,false,,good,low,low,[article] 広報各務原; 2026年4月から月1回発行に変更; マチイロアプリ; 広報課tel=058-383-1900,,
S0173,静岡県,富士市,municipality,C,top,https://www.city.fuji.shizuoka.jp/,2026-02-16T10:00:00+09:00,200,https://www.city.fuji.shizuoka.jp/,富士市公式ウェブサイト,ja,custom,custom_fuji,true,true,true,horizontal_7cat,true,keyword+PageID,false,false,false,,true,true,true,true,icon_card_9,true,true,,false,false,,false,false,false,,good,low,low,[nav] 7+1cat(防災+暮らし+子育て教育+健康医療福祉+観光文化+都市整備環境+しごと産業+市政情報); [search] keyword+PageID; [emergency] 緊急情報=現在情報なし→false; [hub] 9ライフステージicon_cards(妊娠→おくやみ); [carousel] banner_images; [a11y] ReadSpeaker+ふりがな+font_size色変更+8言語; LINE+YouTube+Instagram+X+Facebook+メール+ラジオエフ(7ch); audience_segmentation(一般+子育て+シニア+事業者); RSS,,
S0173,静岡県,富士市,municipality,C,contact,https://www.city.fuji.shizuoka.jp/shiseijoho/gaiyo/chosha/gyomuannai/index.html,2026-02-16T10:00:00+09:00,200,https://www.city.fuji.shizuoka.jp/shiseijoho/gaiyo/chosha/gyomuannai/index.html,業務案内・行政機構図 | 静岡県富士市,ja,custom,custom_fuji,true,true,true,horizontal_7cat,true,keyword+PageID,true,true,false,,false,false,false,false,,true,true,,true,false,,false,false,false,,good,low,low,[contact] 業務案内・行政機構図; 部局別一覧; こども未来部等,,
S0173,静岡県,富士市,municipality,C,service,https://www.city.fuji.shizuoka.jp/1023200000/p001560.html,2026-02-16T10:00:00+09:00,200,https://www.city.fuji.shizuoka.jp/1023200000/p001560.html,児童手当 | 静岡県富士市,ja,custom,custom_fuji,true,true,true,horizontal_7cat,true,keyword+PageID,true,true,false,,false,false,false,false,,true,true,,true,false,,true,true,true,pdf,good,low,low,[service] 児童手当; こども未来部子育て給付課; PageID=1451; 目次(TOC)あり; PDF12種; tel=0545-55-2738; 更新日=2025-05-09; 同カテゴリ11関連ページ,,
S0173,静岡県,富士市,municipality,C,hub,https://www.city.fuji.shizuoka.jp/kurashi/index.html,2026-02-16T10:00:00+09:00,200,https://www.city.fuji.shizuoka.jp/kurashi/index.html,暮らし・手続き | 静岡県富士市,ja,custom,custom_fuji,true,true,true,horizontal_7cat,true,keyword+PageID,true,false,false,,false,false,false,true,category_list,true,true,,false,false,,false,false,false,,good,low,low,[hub] 暮らし・手続き; サブカテゴリ一覧,,
S0173,静岡県,富士市,municipality,C,article,https://www.city.fuji.shizuoka.jp/shiseijoho/koho/kohofuji/index.html,2026-02-16T10:00:00+09:00,200,https://www.city.fuji.shizuoka.jp/shiseijoho/koho/kohofuji/index.html,広報ふじ | 静岡県富士市,ja,custom,custom_fuji,true,true,true,horizontal_7cat,true,keyword+PageID,true,true,false,,true,false,false,false,,true,true,,true,false,,true,false,true,pdf,good,low,low,[article] 広報ふじ; 月2回(5日+20日)発行; テキスト版+PDF; 静岡ebooks+マチイロ; tel=0545-55-2700; バックナンバー充実,,
S0174,静岡県,沼津市,municipality,C,top,https://www.city.numazu.shizuoka.jp/,2026-02-16T10:00:00+09:00,200,https://www.city.numazu.shizuoka.jp/,沼津市公式ウェブサイト,ja,custom,custom_numazu,true,true,true,horizontal_8cat,true,keyword,false,false,true,防災ポータル,true,true,true,true,icon_card_8,true,true,,false,false,,false,false,false,,good,low,low,"[nav] 8cat(ホーム+市民+事業者+市政+観光+FAQ+防災ポータル+緊急情報); [search] keyword+注目キーワード; [emergency] 防災ポータル常設; [hub] 8ライフステージicon_cards(妊娠→おくやみ); [carousel] 6slides(狩野川+御浜岬等); [a11y] font_size(小標準大)+色(標準青黄黒)+Google Translate 25+言語; X+LINE+Facebook+Instagram+YouTube+TikTok(6SNS); 人口=183,510; Well-being city; X-Tech NUMAZU",,
S0174,静岡県,沼津市,municipality,C,contact,https://www.city.numazu.shizuoka.jp/shisei/office/ichiran/,2026-02-16T10:00:00+09:00,200,https://www.city.numazu.shizuoka.jp/shisei/office/ichiran/,課（所属）ごとの業務一覧,ja,custom,custom_numazu,true,true,true,horizontal_8cat,true,keyword,true,true,false,,false,false,false,false,,true,true,,true,false,,false,false,false,,good,low,low,[contact] 課ごとの業務一覧; 部別構成; 組織・機構図別ページあり,,
S0174,静岡県,沼津市,municipality,C,service,https://www.city.numazu.shizuoka.jp/kurashi/kyoiku/kosodate/tetsuzuki/jidoteate.htm,2026-02-16T10:00:00+09:00,200,https://www.city.numazu.shizuoka.jp/kurashi/kyoiku/kosodate/tetsuzuki/jidoteate.htm,児童手当／沼津市子育てポータルサイト,ja,custom,custom_numazu,true,true,true,horizontal_8cat,true,keyword,true,true,false,,false,false,false,false,,true,true,,true,false,,true,false,false,,good,low,low,[service] 児童手当; 子育てポータルサイト内; こども未来創造課; tel=055-934-4827; 支給額表+支給日程表; 更新日=2025-04-01,,
S0174,静岡県,沼津市,municipality,C,hub,https://www.city.numazu.shizuoka.jp/kurashi/,2026-02-16T10:00:00+09:00,200,https://www.city.numazu.shizuoka.jp/kurashi/,市民のみなさんへ,ja,custom,custom_numazu,true,true,true,horizontal_8cat,true,keyword,true,false,false,,false,false,false,true,category_list,true,true,,false,false,,false,false,false,,good,low,low,[hub] 市民のみなさんへ; サブカテゴリ一覧(届出+税+保険+教育+環境+防災等),,
S0174,静岡県,沼津市,municipality,C,article,https://www.city.numazu.shizuoka.jp/shisei/pr/kohonumazu/,2026-02-16T10:00:00+09:00,200,https://www.city.numazu.shizuoka.jp/shisei/pr/kohonumazu/,広報ぬまづ,ja,custom,custom_numazu,true,true,true,horizontal_8cat,true,keyword,true,true,false,,true,false,false,false,,true,true,,true,false,,true,false,false,,good,low,low,[article] 広報ぬまづ; 月2回(1日+15日)発行; 裏表紙=ぬまづの宝100選; 公共施設+コンビニ配置; No.番号管理,,
S0175,静岡県,磐田市,municipality,C,top,https://www.city.iwata.shizuoka.jp/,2026-02-16T10:00:00+09:00,200,https://www.city.iwata.shizuoka.jp/,磐田市公式ウェブサイト,ja,FI_cms,FI_iwata,true,true,true,horizontal_7cat,true,keyword+PageID,false,false,true,同報無線+選挙情報,true,true,true,true,icon_card_10,true,true,,false,false,,false,false,false,,good,low,low,[nav] 7cat(防災安全+くらし手続き+子育て教育+健康福祉医療+スポーツみどころ+産業ビジネス+市政情報); [search] keyword+ページ番号; [emergency] 同報無線放送+選挙情報; [hub] 10topic_icon_cards; [carousel] banners(20周年+スポーツ+自治会); [a11y] font_size+色変更+Google Translate 6言語; X+Facebook+LINE+YouTube+Instagram(5SNS); FI系CMS(FI.smpcss); jQuery noConflict,,
S0175,静岡県,磐田市,municipality,C,contact,https://www.city.iwata.shizuoka.jp/shiseijouhou/soshikiannai/index.html,2026-02-16T10:00:00+09:00,200,https://www.city.iwata.shizuoka.jp/shiseijouhou/soshikiannai/index.html,組織案内｜磐田市公式ウェブサイト,ja,FI_cms,FI_iwata,true,true,true,horizontal_7cat,true,keyword+PageID,true,true,false,,false,false,false,false,,true,true,,true,false,,false,false,false,,good,low,low,[contact] 組織案内; 庁舎案内+組織機構+支所連絡先; フリーダイヤル問合せフォーム,,
S0175,静岡県,磐田市,municipality,C,service,https://www.city.iwata.shizuoka.jp/kosodate_kyouiku/kosodate_hojo_josei_yuushi/1001779.html,2026-02-16T10:00:00+09:00,200,https://www.city.iwata.shizuoka.jp/kosodate_kyouiku/kosodate_hojo_josei_yuushi/1001779.html,児童手当｜磐田市公式ウェブサイト,ja,FI_cms,FI_iwata,true,true,true,horizontal_7cat,true,keyword+PageID,true,true,false,,false,false,false,false,,true,true,,true,false,,true,true,false,,good,low,low,[service] 児童手当; こども未来課; ページ番号1001779; 支給額表+支給日程; TOC(目次)ジャンプリンク; 厚労省外部リンク; X+Facebook+LINE+YouTube+Instagram(footer); 更新日=2026-02-05,,
S0175,静岡県,磐田市,municipality,C,hub,https://www.city.iwata.shizuoka.jp/kurashi_tetsuzuki/index.html,2026-02-16T10:00:00+09:00,200,https://www.city.iwata.shizuoka.jp/kurashi_tetsuzuki/index.html,くらし・手続き｜磐田市公式ウェブサイト,ja,FI_cms,FI_iwata,true,true,true,horizontal_7cat,true,keyword+PageID,true,false,false,,false,false,false,true,category_list,true,true,,false,false,,false,false,false,,good,low,low,[hub] くらし・手続き; サブカテゴリ(届出+税+保険+環境+住宅+地域交流等),,
S0175,静岡県,磐田市,municipality,C,article,https://www.city.iwata.shizuoka.jp/shiseijouhou/kouhou_kouchou/kouhou_iwata/index.html,2026-02-16T10:00:00+09:00,200,https://www.city.iwata.shizuoka.jp/shiseijouhou/kouhou_kouchou/kouhou_iwata/index.html,広報いわた｜磐田市公式ウェブサイト,ja,FI_cms,FI_iwata,true,true,true,horizontal_7cat,true,keyword+PageID,true,true,false,,true,false,false,false,,true,true,,true,false,,true,false,false,,good,low,low,"[article] 広報いわた; 月刊(毎月15日頃); 約61,000部配布; 年度別アーカイブ(R3-R7); 電子書籍(磐田市立図書館); 声の広報あり(視覚障害者向け)",,
S0176,愛知県,一宮市,municipality,C,top,https://www.city.ichinomiya.aichi.jp/,2026-02-16T08:30:00+09:00,200,https://www.city.ichinomiya.aichi.jp/,一宮市,ja,,custom,true,true,true,6cat_horizontal,true,keyword+PageID,false,false,true,防災LINE登録促進,true,false,true,true,7-slide_carousel,true,false,,false,true,3段階,false,false,false,,,,,8 life-scene cards; MaaS イッテミーヤ; GA4+UA,,
S0176,愛知県,一宮市,municipality,C,contact,https://www.city.ichinomiya.aichi.jp/shisei/shiryo/1009809/1010499.html,2026-02-16T08:30:00+09:00,200,https://www.city.ichinomiya.aichi.jp/shisei/shiryo/1009809/1010499.html,行政機構図,ja,,custom,true,true,true,6cat_horizontal,true,keyword+PageID,true,true,false,,false,false,false,false,,true,false,,false,true,3段階,false,false,true,PDF,,,,行政機構図PDF; 部署一覧,,
S0176,愛知県,一宮市,municipality,C,service,https://www.city.ichinomiya.aichi.jp/kodomokatei/kosodateshien/1044090/1000379/1001383.html,2026-02-16T08:30:00+09:00,200,https://www.city.ichinomiya.aichi.jp/kodomokatei/kosodateshien/1044090/1000379/1001383.html,児童手当,ja,,custom,true,true,true,6cat_horizontal,true,keyword+PageID,true,true,false,,false,false,false,false,,true,false,,false,true,3段階,false,false,true,PDF,,,,担当課連絡先あり,,
S0176,愛知県,一宮市,municipality,C,hub,https://www.city.ichinomiya.aichi.jp/kurashi/,2026-02-16T08:30:00+09:00,200,https://www.city.ichinomiya.aichi.jp/kurashi/,くらし,ja,,custom,true,true,true,6cat_horizontal,true,keyword+PageID,true,false,false,,false,false,true,false,,true,false,,false,true,3段階,false,false,false,,,,,カテゴリ別リンク一覧,,
S0176,愛知県,一宮市,municipality,C,article,https://www.city.ichinomiya.aichi.jp/sougouseisaku/koho/1044428/1000236/index.html,2026-02-16T08:30:00+09:00,200,https://www.city.ichinomiya.aichi.jp/sougouseisaku/koho/1044428/1000236/index.html,広報一宮,ja,,custom,true,true,true,6cat_horizontal,true,keyword+PageID,true,true,false,,true,true,false,false,,true,false,,false,true,3段階,true,false,true,PDF,,,,バックナンバー一覧; 月刊,,
S0177,愛知県,春日井市,municipality,C,top,https://www.city.kasugai.lg.jp/,2026-02-16T08:30:00+09:00,200,https://www.city.kasugai.lg.jp/,春日井市公式ホームページ,ja,,custom,true,true,true,6cat_horizontal,true,keyword+PageID,false,false,true,林野火災注意報,true,false,true,true,3-slide_carousel,true,false,,false,true,3段階,false,false,false,,,,,7 life-event cards; LINE+X+YouTube; やさしい日本語,,
S0177,愛知県,春日井市,municipality,C,contact,https://www.city.kasugai.lg.jp/shisei/shiyakusyo/index.html,2026-02-16T08:30:00+09:00,200,https://www.city.kasugai.lg.jp/shisei/shiyakusyo/index.html,市の組織,ja,,custom,true,true,true,6cat_horizontal,true,keyword+PageID,true,true,false,,false,false,false,false,,true,false,,false,true,3段階,false,false,false,,,,,部局別一覧,,
S0177,愛知県,春日井市,municipality,C,service,https://www.city.kasugai.lg.jp/kosodate/fukushi/1033221/kodomoteate.html,2026-02-16T08:30:00+09:00,200,https://www.city.kasugai.lg.jp/kosodate/fukushi/1033221/kodomoteate.html,こども手当,ja,,custom,true,true,true,6cat_horizontal,true,keyword+PageID,true,true,false,,false,false,false,false,,true,false,,false,true,3段階,false,false,true,PDF,,,,担当課連絡先あり,,
S0177,愛知県,春日井市,municipality,C,hub,https://www.city.kasugai.lg.jp/kurashi/,2026-02-16T08:30:00+09:00,200,https://www.city.kasugai.lg.jp/kurashi/,くらし,ja,,custom,true,true,true,6cat_horizontal,true,keyword+PageID,true,false,false,,false,false,true,false,,true,false,,false,true,3段階,false,false,false,,,,,カテゴリ別リンク,,
S0177,愛知県,春日井市,municipality,C,article,https://www.city.kasugai.lg.jp/shisei/koho/kohokasugai/index.html,2026-02-16T08:30:00+09:00,200,https://www.city.kasugai.lg.jp/shisei/koho/kohokasugai/index.html,広報春日井,ja,,custom,true,true,true,6cat_horizontal,true,keyword+PageID,true,true,false,,true,true,false,false,,true,false,,false,true,3段階,true,false,true,PDF,,,,バックナンバー一覧,,
S0179,新潟県,妙高市,municipality,D,top,https://www.city.myoko.niigata.jp/,2026-02-16T08:30:00+09:00,200,https://www.city.myoko.niigata.jp/,妙高市,ja,Cms::Page,custom,true,true,true,8cat_horizontal,false,,false,false,false,,true,false,true,true,card-based,true,false,,false,true,3段階+ふりがな+読み上げ,false,false,false,,,,,/kana/+/translate/ paths; GA4+GTM,,
S0179,新潟県,妙高市,municipality,D,contact,https://www.city.myoko.niigata.jp/city-info/organization/,2026-02-16T08:30:00+09:00,200,https://www.city.myoko.niigata.jp/city-info/organization/,組織,ja,Cms::Page,custom,true,true,true,8cat_horizontal,false,,true,true,false,,false,false,false,false,,true,false,,false,true,3段階+ふりがな+読み上げ,false,false,false,,,,,組織概要+各課業務リンク,,
S0179,新潟県,妙高市,municipality,D,service,https://www.city.myoko.niigata.jp/docs/504.html,2026-02-16T08:30:00+09:00,200,https://www.city.myoko.niigata.jp/docs/504.html,各種手当・助成制度,ja,Cms::Page,custom,true,true,true,8cat_horizontal,false,,true,true,false,,false,false,false,false,,true,false,,false,true,3段階+ふりがな+読み上げ,false,true,true,Word+PDF,,,,児童手当含む5手当一覧; 担当課連絡先あり,,
S0179,新潟県,妙高市,municipality,D,hub,https://www.city.myoko.niigata.jp/life-info/,2026-02-16T08:30:00+09:00,200,https://www.city.myoko.niigata.jp/life-info/,くらし・手続き,ja,Cms::Page,custom,true,true,true,8cat_horizontal,false,,true,false,false,,false,false,true,false,,true,false,,false,true,3段階+ふりがな+読み上げ,false,false,false,,,,,10 icon cards; 雪情報セクション含む,,
S0179,新潟県,妙高市,municipality,D,article,https://www.city.myoko.niigata.jp/city-info/public-info/myoko-magazine/,2026-02-16T08:30:00+09:00,200,https://www.city.myoko.niigata.jp/city-info/public-info/myoko-magazine/,市報みょうこう,ja,Cms::Page,custom,true,true,true,8cat_horizontal,false,,true,true,false,,true,true,false,false,,true,false,,false,true,3段階+ふりがな+読み上げ,true,false,true,PDF,,,,バックナンバー一覧,,
S0180,富山県,南砺市,municipality,D,top,https://www.city.nanto.toyama.jp/,2026-02-16T08:30:00+09:00,200,https://www.city.nanto.toyama.jp/,南砺市,ja,SMART CMS,SmartValue(api5th),true,true,true,6cat_horizontal,true,keyword+PageID,false,false,false,,true,false,true,true,carousel,true,true,,false,true,ReadSpeaker+ふりがな+やさしい日本語+11言語,false,false,false,,api5th.smart-lgov.jp,,,8 life-event cards; Instagram+Facebook+LINE+X; 人口=45061,,
S0180,富山県,南砺市,municipality,D,contact,https://www.city.nanto.toyama.jp/soshiki/index.html,2026-02-16T08:30:00+09:00,200,https://www.city.nanto.toyama.jp/soshiki/index.html,組織から探す,ja,SMART CMS,SmartValue(api5th),true,true,true,6cat_horizontal,true,keyword+PageID,true,false,false,,false,false,false,false,,true,true,,false,true,ReadSpeaker+ふりがな+やさしい日本語+11言語,false,false,false,,api5th.smart-lgov.jp,,,40+部署リスト; footer=住所+電話,,
S0180,富山県,南砺市,municipality,D,service,https://www.city.nanto.toyama.jp/soshiki/kodomo/1/1/5086.html,2026-02-16T08:30:00+09:00,200,https://www.city.nanto.toyama.jp/soshiki/kodomo/1/1/5086.html,児童手当,ja,SMART CMS,SmartValue(api5th),true,true,true,6cat_horizontal,true,keyword+PageID,true,true,false,,false,false,false,false,,true,true,,false,true,ReadSpeaker+ふりがな+やさしい日本語+11言語,false,false,true,PDF,api5th.smart-lgov.jp,,,担当課連絡先あり,,
S0180,富山県,南砺市,municipality,D,hub,https://www.city.nanto.toyama.jp/kurashi-tetsuzuki/index.html,2026-02-16T08:30:00+09:00,200,https://www.city.nanto.toyama.jp/kurashi-tetsuzuki/index.html,くらし・手続き,ja,SMART CMS,SmartValue(api5th),true,true,true,6cat_horizontal,true,keyword+PageID,true,false,false,,false,false,false,false,,true,true,,false,true,ReadSpeaker+ふりがな+やさしい日本語+11言語,false,false,false,,api5th.smart-lgov.jp,,,13カテゴリ; テキストリンク形式,,
S0180,富山県,南砺市,municipality,D,article,https://www.city.nanto.toyama.jp/soshiki/johoseisaku/5/2/index.html,2026-02-16T08:30:00+09:00,200,https://www.city.nanto.toyama.jp/soshiki/johoseisaku/5/2/index.html,広報なんと,ja,SMART CMS,SmartValue(api5th),true,true,true,6cat_horizontal,true,keyword+PageID,true,true,false,,true,true,false,false,,true,true,,false,true,ReadSpeaker+ふりがな+やさしい日本語+11言語,true,false,true,PDF,api5th.smart-lgov.jp,,,バックナンバー一覧,,
S0181,石川県,能登町,municipality,D,top,https://www.town.noto.lg.jp/,2026-02-16T08:30:00+09:00,200,https://www.town.noto.lg.jp/,能登町,ja,SMART CMS,SmartValue(api5th),true,true,true,5cat_horizontal,true,keyword+filetype+PageID,false,false,true,石川県河川情報+生活再建支援ガイド(震災復興),true,false,true,true,carousel,true,true,,false,true,ReadSpeaker+ふりがな+やさしい日本語+6言語,false,false,false,,api5th.smart-lgov.jp,,,8 life-event cards; 人口=13678,,
S0181,石川県,能登町,municipality,D,contact,https://www.town.noto.lg.jp/kakuka/index.html,2026-02-16T08:30:00+09:00,200,https://www.town.noto.lg.jp/kakuka/index.html,各課から探す,ja,SMART CMS,SmartValue(api5th),true,true,true,5cat_horizontal,true,keyword+filetype+PageID,true,false,false,,false,false,false,false,,true,true,,false,true,ReadSpeaker+ふりがな+やさしい日本語+6言語,false,false,false,,api5th.smart-lgov.jp,,,21課+支所; 電話0768-62-1000,,
S0181,石川県,能登町,municipality,D,service,https://www.town.noto.lg.jp/www/service/detail.jsp?common_id=4543,2026-02-16T08:30:00+09:00,200,https://www.town.noto.lg.jp/www/service/detail.jsp?common_id=4543,児童手当,ja,SMART CMS,SmartValue(api5th),true,true,true,5cat_horizontal,true,keyword+filetype+PageID,true,true,false,,false,false,false,false,,true,true,,false,true,ReadSpeaker+ふりがな+やさしい日本語+6言語,false,false,false,,api5th.smart-lgov.jp,,,JSPベース; 担当課連絡先あり,,
S0181,石川県,能登町,municipality,D,hub,https://www.town.noto.lg.jp/kurashi-tetsuzuki/index.html,2026-02-16T08:30:00+09:00,200,https://www.town.noto.lg.jp/kurashi-tetsuzuki/index.html,くらし・手続き,ja,SMART CMS,SmartValue(api5th),true,true,true,5cat_horizontal,true,keyword+filetype+PageID,true,false,false,,false,false,true,false,,true,true,,false,true,ReadSpeaker+ふりがな+やさしい日本語+6言語,false,false,false,,api5th.smart-lgov.jp,,,17カテゴリ; ライフイベントアイコン含む,,
S0181,石川県,能登町,municipality,D,article,https://www.town.noto.lg.jp/chosei/koho-kocho/2/2/index.html,2026-02-16T08:30:00+09:00,200,https://www.town.noto.lg.jp/chosei/koho-kocho/2/2/index.html,広報のと,ja,SMART CMS,SmartValue(api5th),true,true,true,5cat_horizontal,true,keyword+filetype+PageID,true,true,false,,true,true,false,false,,true,true,,false,true,ReadSpeaker+ふりがな+やさしい日本語+6言語,true,false,true,PDF,api5th.smart-lgov.jp,,,バックナンバー一覧,,
S0182,石川県,珠洲市,municipality,D,top,https://www.city.suzu.lg.jp/,2026-02-16T08:30:00+09:00,200,https://www.city.suzu.lg.jp/,珠洲市ホームページ,ja,,custom(Slick),true,true,true,4cat_horizontal,true,Google_CSE+PageID,false,false,true,地震+豪雨復興基金,true,false,true,true,Slick_carousel,true,false,,false,true,3段階+背景色,false,false,false,,,,,8 lifestyle cards; YouTube; SDGs認定2018; 人口=10332,,
S0182,石川県,珠洲市,municipality,D,contact,https://www.city.suzu.lg.jp/soshiki/,2026-02-16T08:30:00+09:00,200,https://www.city.suzu.lg.jp/soshiki/,組織でさがす,ja,,custom(Slick),true,true,true,4cat_horizontal,true,Google_CSE+PageID,true,false,false,,false,false,false,false,,true,false,,false,true,3段階+背景色,false,false,false,,,,,17課一覧; 電話0768-82-2222,,
S0182,石川県,珠洲市,municipality,D,service,https://www.city.suzu.lg.jp/soshiki/6/17637.html,2026-02-16T08:30:00+09:00,200,https://www.city.suzu.lg.jp/soshiki/6/17637.html,児童手当,ja,,custom(Slick),true,true,true,4cat_horizontal,true,Google_CSE+PageID,true,true,false,,false,false,false,false,,true,false,,false,true,3段階+背景色,false,false,false,,,,,担当課連絡先あり,,
S0182,石川県,珠洲市,municipality,D,hub,https://www.city.suzu.lg.jp/life/1/,2026-02-16T08:30:00+09:00,200,https://www.city.suzu.lg.jp/life/1/,くらし・手続き,ja,,custom(Slick),true,true,true,4cat_horizontal,true,Google_CSE+PageID,true,false,false,,false,false,true,false,,true,false,,false,true,3段階+背景色,false,false,false,,,,,16カテゴリ; icon cards grid,,
S0182,石川県,珠洲市,municipality,D,article,https://www.city.suzu.lg.jp/site/kouhou-suzu/,2026-02-16T08:30:00+09:00,200,https://www.city.suzu.lg.jp/site/kouhou-suzu/,広報すず,ja,,custom(Slick),true,true,true,4cat_horizontal,true,Google_CSE+PageID,true,true,false,,true,true,false,false,,true,false,,false,true,3段階+背景色,true,false,true,PDF,,,,バックナンバー一覧,,
S0183,長野県,根羽村,municipality,D,top,https://www.nebamura.jp/,2026-02-16T08:30:00+09:00,200,https://www.nebamura.jp/,根羽村役場 | NEVER FOREST,ja,WordPress,WordPress(nebamura),true,false,true,7cat_horizontal,false,,false,false,false,,true,false,true,true,bxSlider,false,false,,false,false,,false,false,false,,,nebamura.jp(旧vill.neba.nagano.jp),,Twitter+Instagram+YouTube; screen-reader-text; GA4,,
S0183,長野県,根羽村,municipality,D,contact,https://www.nebamura.jp/contact/,2026-02-16T08:30:00+09:00,200,https://www.nebamura.jp/contact/,お問い合わせ,ja,WordPress,WordPress(nebamura),true,false,true,7cat_horizontal,false,,true,false,false,,false,false,false,false,,false,false,,false,false,,false,false,false,,,nebamura.jp(旧vill.neba.nagano.jp),,Contact Form 7; 4課; 電話0265-49-2111,,
S0183,長野県,根羽村,municipality,D,hub,https://www.nebamura.jp/nebalife/,2026-02-16T08:30:00+09:00,200,https://www.nebamura.jp/nebalife/,NEBA LIFE(根羽村の暮らし),ja,WordPress,WordPress(nebamura),true,false,true,7cat_horizontal,false,,true,false,false,,false,false,true,false,,false,false,,false,false,,false,false,false,,,nebamura.jp(旧vill.neba.nagano.jp),,14 thumbnail cards; 行政サービス+役場各課,,
S0184,長野県,泰阜村,municipality,D,top,https://www.vill.yasuoka.nagano.jp/,2026-02-16T09:30:00+09:00,200,https://www.vill.yasuoka.nagano.jp/,泰阜村,ja,SS.config,custom,false,true,true,8cat_horizontal,true,keyword,false,false,true,緊急・災害セクション,true,false,true,true,6-slide_carousel(play/pause),false,true,,false,true,3段階,false,false,false,,,,,Instagram+TikTok+Wix craft; GA+GTM; 人口=1405(636世帯),,
S0184,長野県,泰阜村,municipality,D,contact,https://www.vill.yasuoka.nagano.jp/,2026-02-16T09:30:00+09:00,200,https://www.vill.yasuoka.nagano.jp/,泰阜村,ja,SS.config,custom,false,true,true,8cat_horizontal,true,keyword,false,false,true,緊急・災害セクション,true,false,true,true,6-slide_carousel(play/pause),false,true,,false,true,3段階,false,false,false,,,,,contact=top兼用(専用ページなし); footer=TEL:0260-26-2111,,
S0184,長野県,泰阜村,municipality,D,service,https://www.vill.yasuoka.nagano.jp/children/docs/subsidy.html,2026-02-16T09:30:00+09:00,200,https://www.vill.yasuoka.nagano.jp/children/docs/subsidy.html,手当・助成金,ja,SS.config,custom,false,true,true,8cat_horizontal,true,keyword,true,true,false,,false,false,false,false,,false,true,,false,true,3段階,false,true,true,PDF_leaflet,,,,児童手当含む; 子育て家庭への経済的援助セクション; 別ドメイン子育てサイト,,
S0184,長野県,泰阜村,municipality,D,hub,https://www.vill.yasuoka.nagano.jp/life/,2026-02-16T09:30:00+09:00,200,https://www.vill.yasuoka.nagano.jp/life/,暮らし・各種手続き,ja,SS.config,custom,false,true,true,8cat_horizontal,true,keyword,true,false,false,,false,false,true,false,,false,true,,false,true,3段階,false,false,false,,,,,7カテゴリ+8 icon cards(Target Navigation),,
S0184,長野県,泰阜村,municipality,D,article,https://www.vill.yasuoka.nagano.jp/docs/308750.html,2026-02-16T09:30:00+09:00,200,https://www.vill.yasuoka.nagano.jp/docs/308750.html,広報やすおか第214号~,ja,SS.config,custom,false,true,true,8cat_horizontal,true,keyword,true,false,false,,true,false,false,false,,false,true,,false,true,3段階,true,false,true,PDF,,,,バックナンバー一覧; RSS配信,,
S0185,岐阜県,白川村,municipality,D,top,https://www.vill.shirakawa.lg.jp/,2026-02-16T09:30:00+09:00,200,https://www.vill.shirakawa.lg.jp/,白川郷 | 白川村役場,ja,,custom,false,false,true,4cat_horizontal+Tourist,false,,false,false,true,重要なお知らせ,true,false,true,false,,false,false,,false,true,font_size+背景色(blackstyle),false,false,false,,,,,世界遺産白川郷; GA4(G-1SF6PDKVRT); jQuery; 静的景観画像; shirakawa-go.org=SSL_error→vill.shirakawa.lg.jp,,
S0185,岐阜県,白川村,municipality,D,contact,https://www.vill.shirakawa.lg.jp/1014.htm,2026-02-16T09:30:00+09:00,200,https://www.vill.shirakawa.lg.jp/1014.htm,各課連絡先,ja,,custom,false,false,true,4cat_horizontal+Tourist,false,,true,false,false,,false,false,false,false,,false,false,,false,true,font_size+背景色(blackstyle),false,false,false,,,,,8課一覧; TEL:05769-6-1311(共通); お問い合わせフォームリンク,,
S0185,岐阜県,白川村,municipality,D,service,https://www.vill.shirakawa.lg.jp/1133.htm,2026-02-16T09:30:00+09:00,200,https://www.vill.shirakawa.lg.jp/1133.htm,児童手当制度について,ja,,custom,false,false,true,4cat_horizontal+Tourist,false,,true,true,false,,false,false,false,false,,false,false,,false,true,font_size+背景色(blackstyle),false,false,false,,,,,子育て>児童手当; 担当課リンク,,
S0185,岐阜県,白川村,municipality,D,hub,https://www.vill.shirakawa.lg.jp/1.htm,2026-02-16T09:30:00+09:00,200,https://www.vill.shirakawa.lg.jp/1.htm,暮らしの情報,ja,,custom,false,false,true,4cat_horizontal+Tourist,false,,false,false,false,,true,false,true,true,carousel,false,false,,false,true,font_size+背景色(blackstyle),false,false,false,,,,,6カテゴリ(実質行政トップ); タブ付きNews/Event/募集; 19サブカテゴリ,,
S0185,岐阜県,白川村,municipality,D,article,https://www.vill.shirakawa.lg.jp/kouhou/,2026-02-16T09:30:00+09:00,200,https://www.vill.shirakawa.lg.jp/kouhou/,広報しらかわ,ja,,custom,false,false,true,4cat_horizontal+Tourist,false,,true,false,false,,true,false,false,false,,false,false,,false,true,font_size+背景色(blackstyle),true,false,true,PDF,,,,広報しらかわ+議会だより; バックナンバー(2017~),,
S0186,静岡県,川根本町,municipality,D,top,https://www.town.kawanehon.shizuoka.jp/,2026-02-16T09:30:00+09:00,200,https://www.town.kawanehon.shizuoka.jp/,川根本町公式ホームページ,ja,SMART CMS,SmartValue(api3rd),true,true,true,6cat_horizontal,true,keyword,false,false,true,クマ目撃+林野火災+節水,true,false,true,true,3-slide_carousel,true,true,,false,true,ReadSpeaker+ふりがな+font_size+背景色,false,false,false,,api3rd.smart-lgov.jp,,,Instagram+LINE+YouTube; tabbed_news; 人口=5495; 161011,,
S0186,静岡県,川根本町,municipality,D,contact,https://www.town.kawanehon.shizuoka.jp/soshiki/index.html,2026-02-16T09:30:00+09:00,200,https://www.town.kawanehon.shizuoka.jp/soshiki/index.html,組織から探す,ja,SMART CMS,SmartValue(api3rd),true,true,true,6cat_horizontal,true,keyword,true,false,false,,false,false,false,false,,true,true,,false,true,ReadSpeaker+ふりがな+font_size+背景色,false,false,false,,api3rd.smart-lgov.jp,,,14課一覧; 本庁+出張所; TEL:0547-56-1111,,
S0186,静岡県,川根本町,municipality,D,service,https://www.town.kawanehon.shizuoka.jp/kosodate/1/14499.html,2026-02-16T09:30:00+09:00,200,https://www.town.kawanehon.shizuoka.jp/kosodate/1/14499.html,児童手当の制度改正(拡充)について,ja,SMART CMS,SmartValue(api3rd),true,true,true,6cat_horizontal,true,keyword,true,true,false,,false,false,false,false,,true,true,,false,true,ReadSpeaker+ふりがな+font_size+背景色,false,false,false,,api3rd.smart-lgov.jp,,,制度改正案内; 担当課連絡先あり,,
S0186,静岡県,川根本町,municipality,D,hub,https://www.town.kawanehon.shizuoka.jp/kurashi_tetsuduki/index.html,2026-02-16T09:30:00+09:00,200,https://www.town.kawanehon.shizuoka.jp/kurashi_tetsuduki/index.html,くらし・手続き,ja,SMART CMS,SmartValue(api3rd),true,true,true,6cat_horizontal,true,keyword,true,false,false,,false,false,false,false,,true,true,,false,true,ReadSpeaker+ふりがな+font_size+背景色,false,false,false,,api3rd.smart-lgov.jp,,,12カテゴリ; テキストリンク形式,,
S0186,静岡県,川根本町,municipality,D,article,https://www.town.kawanehon.shizuoka.jp/chosei/4_1/2/index.html,2026-02-16T09:30:00+09:00,200,https://www.town.kawanehon.shizuoka.jp/chosei/4_1/2/index.html,広報かわねほんちょう,ja,SMART CMS,SmartValue(api3rd),true,true,true,6cat_horizontal,true,keyword,true,true,false,,true,true,false,false,,true,true,,false,true,ReadSpeaker+ふりがな+font_size+背景色,true,false,true,PDF,api3rd.smart-lgov.jp,,,バックナンバー一覧,,
S0187,愛知県,東栄町,municipality,D,top,https://www.town.toei.aichi.jp/,2026-02-16T09:30:00+09:00,200,https://www.town.toei.aichi.jp/,東栄町ホーム,ja,i-site,i-site CMS,true,true,true,6cat_horizontal,true,keyword,false,false,true,緊急情報=防災行政無線,true,false,true,true,5-slide_carousel,true,true,,false,true,ふりがな+font_size+背景色,false,false,false,,,,,X+LINE+Facebook+YouTube+Instagram; pickup cards; Google Maps API; 人口=2600,,
S0187,愛知県,東栄町,municipality,D,contact,https://www.town.toei.aichi.jp/1014.htm,2026-02-16T09:30:00+09:00,200,https://www.town.toei.aichi.jp/1014.htm,各課連絡先一覧,ja,i-site,i-site CMS,true,true,true,6cat_horizontal,true,keyword,true,false,false,,false,false,false,false,,true,true,,false,true,ふりがな+font_size+背景色,false,false,false,,,,,8課一覧; TEL+FAX+Email; お問い合わせフォームリンク,,
S0187,愛知県,東栄町,municipality,D,service,https://www.town.toei.aichi.jp/1376.htm,2026-02-16T09:30:00+09:00,200,https://www.town.toei.aichi.jp/1376.htm,子育て,ja,i-site,i-site CMS,true,true,true,6cat_horizontal,true,keyword,true,true,false,,false,false,false,false,,true,true,,false,true,ふりがな+font_size+背景色,false,false,false,,,,,児童手当についてリンク含む14項目; 福祉課TEL:0536-76-1815,,
S0187,愛知県,東栄町,municipality,D,hub,https://www.town.toei.aichi.jp/kurashi/,2026-02-16T09:30:00+09:00,200,https://www.town.toei.aichi.jp/kurashi/,くらしの情報,ja,i-site,i-site CMS,true,true,true,6cat_horizontal,true,keyword,true,false,false,,false,false,false,false,,true,true,,false,true,ふりがな+font_size+背景色,false,false,false,,,,,28カテゴリ; accordion形式; テキストリスト,,
S0187,愛知県,東栄町,municipality,D,article,https://www.town.toei.aichi.jp/1311.htm,2026-02-16T09:30:00+09:00,200,https://www.town.toei.aichi.jp/1311.htm,広報とうえい,ja,i-site,i-site CMS,true,true,true,6cat_horizontal,true,keyword,true,true,false,,true,false,false,false,,true,true,,false,true,ふりがな+font_size+背景色,true,false,true,PDF+ebook,,,,バックナンバー; 電子ブック(ebook)形式あり,,
S0024,三重県,三重県,prefecture,unknown,top,https://www.pref.mie.lg.jp/,2026-02-16T09:00:00+09:00,200,https://www.pref.mie.lg.jp/index.shtm,三重県,ja,,custom,true,true,true,8cat_mega,true,keyword,false,false,true,クマアラート+大雨警戒,true,false,true,true,4-item_random(play/pause),true,true,/KOHO/HP/guide/index.htm,true,true,3段階,false,false,false,,,,,GA(G-TD7EMDSR48); color=4mode,,
S0024,三重県,三重県,prefecture,unknown,contact,https://www.pref.mie.lg.jp/s_kencho/index.htm,2026-02-16T09:00:00+09:00,200,https://www.pref.mie.lg.jp/s_kencho/index.htm,組織から探す,ja,,custom,true,true,true,8cat_mega,true,keyword,true,true,false,,false,false,false,false,,true,true,/KOHO/HP/guide/index.htm,true,true,3段階,false,false,false,,,,,部局一覧,,
S0024,三重県,三重県,prefecture,unknown,service,https://www.pref.mie.lg.jp/D1KODOMO/000117833.htm,2026-02-16T09:00:00+09:00,200,https://www.pref.mie.lg.jp/D1KODOMO/000117833.htm,児童手当,ja,,custom,true,true,true,8cat_mega,true,keyword,true,true,false,,false,false,false,false,,true,true,/KOHO/HP/guide/index.htm,true,true,3段階,true,false,true,PDF,,,,児童手当 令和6年10月以降; article_meta=2024-10-04,,
S0024,三重県,三重県,prefecture,unknown,hub,https://www.pref.mie.lg.jp/s_kurashi/index.htm,2026-02-16T09:00:00+09:00,200,https://www.pref.mie.lg.jp/s_kurashi/index.htm,くらし・環境,ja,,custom,true,true,true,8cat_mega,true,keyword,true,false,false,,false,false,true,false,,true,true,/KOHO/HP/guide/index.htm,true,true,3段階,false,false,false,,,,,カテゴリ一覧,,
S0024,三重県,三重県,prefecture,unknown,article,https://www.pref.mie.lg.jp/DAYORI/index.htm,2026-02-16T09:00:00+09:00,200,https://www.pref.mie.lg.jp/DAYORI/index.htm,県政だより,ja,,custom,true,true,true,8cat_mega,true,keyword,true,false,false,,true,false,false,false,,true,true,/KOHO/HP/guide/index.htm,true,true,3段階,true,false,true,PDF,,,,広報みえ; バックナンバー一覧,,
S0025,滋賀県,滋賀県,prefecture,unknown,top,https://www.pref.shiga.lg.jp/,2026-02-16T09:00:00+09:00,200,https://www.pref.shiga.lg.jp/,滋賀県,ja,,custom,true,false,true,8cat,true,Google_CSE,false,false,true,火災+渇水,true,false,true,true,carousel,true,true,,false,true,3段階,false,false,false,,,,,Google_CSE(cx:001429382534592644305); jQuery; voice=yes,,
S0025,滋賀県,滋賀県,prefecture,unknown,contact,https://www.pref.shiga.lg.jp/kensei/gaiyou/soshiki/,2026-02-16T09:00:00+09:00,200,https://www.pref.shiga.lg.jp/kensei/gaiyou/soshiki/,組織から探す,ja,,custom,true,false,true,8cat,true,Google_CSE,true,true,false,,false,false,false,false,,true,true,,false,true,3段階,false,false,false,,,,,部局・課一覧,,
S0025,滋賀県,滋賀県,prefecture,unknown,service,https://www.pref.shiga.lg.jp/ippan/kosodatekyouiku/kosodate/339992.html,2026-02-16T09:00:00+09:00,200,https://www.pref.shiga.lg.jp/ippan/kosodatekyouiku/kosodate/339992.html,児童手当,ja,,custom,true,false,true,8cat,true,Google_CSE,true,true,false,,false,false,false,false,,true,true,,false,true,3段階,true,false,true,PDF,,,,児童手当制度改正後,,
S0025,滋賀県,滋賀県,prefecture,unknown,hub,https://www.pref.shiga.lg.jp/ippan/kurashi/,2026-02-16T09:00:00+09:00,200,https://www.pref.shiga.lg.jp/ippan/kurashi/,くらし,ja,,custom,true,false,true,8cat,true,Google_CSE,true,false,false,,false,false,true,false,,true,true,,false,true,3段階,false,false,false,,,,,カテゴリ一覧,,
S0025,滋賀県,滋賀県,prefecture,unknown,article,https://www.pref.shiga.lg.jp/kensei/koho/,2026-02-16T09:00:00+09:00,200,https://www.pref.shiga.lg.jp/kensei/koho/,広報しが,ja,,custom,true,false,true,8cat,true,Google_CSE,true,false,false,,true,false,false,false,,true,true,,false,true,3段階,true,false,true,PDF,,,,広報しが; バックナンバー,,
S0026,京都府,京都府,prefecture,unknown,top,https://www.pref.kyoto.jp/,2026-02-16T09:00:00+09:00,200,https://www.pref.kyoto.jp/,京都府,ja,,custom,true,true,true,9cat,true,keyword,false,false,true,緊急情報リンク,true,false,true,true,carousel,true,true,,true,true,font_size+color変更,false,false,false,,,,,ReadSpeaker+ふりがな,,
S0026,京都府,京都府,prefecture,unknown,contact,https://www.pref.kyoto.jp/soudan/index.html,2026-02-16T09:00:00+09:00,200,https://www.pref.kyoto.jp/soudan/index.html,総合案内・相談窓口,ja,,custom,true,true,true,9cat,true,keyword,true,true,false,,false,false,false,false,,true,true,,true,true,font_size+color変更,false,false,false,,,,,相談窓口一覧,,
S0026,京都府,京都府,prefecture,unknown,service,https://www.pref.kyoto.jp/kosodate/kodomoteate.html,2026-02-16T09:00:00+09:00,200,https://www.pref.kyoto.jp/kosodate/kodomoteate.html,子ども手当,ja,,custom,true,true,true,9cat,true,keyword,true,true,false,,false,false,false,false,,true,true,,true,true,font_size+color変更,true,false,false,,,,,児童手当,,
S0026,京都府,京都府,prefecture,unknown,hub,https://www.pref.kyoto.jp/kurashi/index.html,2026-02-16T09:00:00+09:00,200,https://www.pref.kyoto.jp/kurashi/index.html,くらし,ja,,custom,true,true,true,9cat,true,keyword,true,false,false,,false,false,true,false,,true,true,,true,true,font_size+color変更,false,false,false,,,,,カテゴリ一覧,,
S0026,京都府,京都府,prefecture,unknown,article,https://www.pref.kyoto.jp/koho/index.html,2026-02-16T09:00:00+09:00,200,https://www.pref.kyoto.jp/koho/index.html,広報・広聴,ja,,custom,true,true,true,9cat,true,keyword,true,false,false,,true,false,false,false,,true,true,,true,true,font_size+color変更,true,false,true,PDF,,,,京都府広報,,
S0028,兵庫県,兵庫県,prefecture,unknown,top,https://www.pref.hyogo.lg.jp/,2026-02-16T09:00:00+09:00,200,https://web.pref.hyogo.lg.jp/,兵庫県,ja,,custom,true,true,true,8cat,true,Google_CSE,false,false,true,災害関連情報,true,false,true,true,carousel,true,true,,true,true,ReadSpeaker+ふりがな,false,false,false,,,,,URL移転www→web; ReadSpeaker,,
S0028,兵庫県,兵庫県,prefecture,unknown,contact,https://web.pref.hyogo.lg.jp/org/index.html,2026-02-16T09:00:00+09:00,200,https://web.pref.hyogo.lg.jp/org/index.html,組織から探す,ja,,custom,true,true,true,8cat,true,Google_CSE,true,true,false,,false,false,false,false,,true,true,,true,true,ReadSpeaker+ふりがな,false,false,false,,,,,部局一覧,,
S0028,兵庫県,兵庫県,prefecture,unknown,service,https://web.pref.hyogo.lg.jp/kf12/hw10_000000068.html,2026-02-16T09:00:00+09:00,200,https://web.pref.hyogo.lg.jp/kf12/hw10_000000068.html,児童扶養手当,ja,,custom,true,true,true,8cat,true,Google_CSE,true,true,false,,false,false,false,false,,true,true,,true,true,ReadSpeaker+ふりがな,true,false,true,PDF,,,,児童扶養手当(児童手当専用ページなし),,
S0028,兵庫県,兵庫県,prefecture,unknown,hub,https://web.pref.hyogo.lg.jp/life/index.html,2026-02-16T09:00:00+09:00,200,https://web.pref.hyogo.lg.jp/life/index.html,くらし,ja,,custom,true,true,true,8cat,true,Google_CSE,true,false,false,,false,false,true,false,,true,true,,true,true,ReadSpeaker+ふりがな,false,false,false,,,,,カテゴリ一覧,,
S0028,兵庫県,兵庫県,prefecture,unknown,article,https://web.pref.hyogo.lg.jp/cgi-bin/press/press.cgi,2026-02-16T09:00:00+09:00,200,https://web.pref.hyogo.lg.jp/cgi-bin/press/press.cgi,報道発表,ja,,custom,true,true,true,8cat,true,Google_CSE,true,false,false,,true,true,false,false,,true,true,,true,true,ReadSpeaker+ふりがな,true,false,false,,,,,報道発表一覧; CGI動的生成,,
S0029,奈良県,奈良県,prefecture,unknown,top,https://www.pref.nara.jp/,2026-02-16T09:00:00+09:00,200,https://www.pref.nara.jp/,奈良県,ja,,custom,true,true,true,8cat,true,HP番号+keyword+全文検索,false,false,true,節水+山火事,true,false,true,true,5slides,true,true,,true,true,2段階,false,false,false,,,,,GTM(GTM-5ZMPHL6R); jQuery; color=黒/白,,
S0029,奈良県,奈良県,prefecture,unknown,contact,https://www.pref.nara.jp/1208.htm,2026-02-16T09:00:00+09:00,200,https://www.pref.nara.jp/1208.htm,県庁案内,ja,,custom,true,true,true,8cat,true,HP番号+keyword+全文検索,true,true,false,,false,false,false,false,,true,true,,true,true,2段階,false,false,false,,,,,各課連絡先,,
S0029,奈良県,奈良県,prefecture,unknown,service,https://www.pref.nara.jp/46143.htm,2026-02-16T09:00:00+09:00,200,https://www.pref.nara.jp/46143.htm,児童手当,ja,,custom,true,true,true,8cat,true,HP番号+keyword+全文検索,true,true,false,,false,false,false,false,,true,true,,true,true,2段階,true,false,false,,,,,児童手当,,
S0029,奈良県,奈良県,prefecture,unknown,hub,https://www.pref.nara.jp/1260.htm,2026-02-16T09:00:00+09:00,200,https://www.pref.nara.jp/1260.htm,くらし,ja,,custom,true,true,true,8cat,true,HP番号+keyword+全文検索,true,false,false,,false,false,true,false,,true,true,,true,true,2段階,false,false,false,,,,,カテゴリ一覧,,
S0029,奈良県,奈良県,prefecture,unknown,article,https://www.pref.nara.jp/1623.htm,2026-02-16T09:00:00+09:00,200,https://www.pref.nara.jp/1623.htm,広報,ja,,custom,true,true,true,8cat,true,HP番号+keyword+全文検索,true,false,false,,true,false,false,false,,true,true,,true,true,2段階,true,false,true,PDF,,,,広報; バックナンバー,,
S0030,和歌山県,和歌山県,prefecture,unknown,top,https://www.pref.wakayama.lg.jp/,2026-02-16T09:00:00+09:00,200,https://www.pref.wakayama.lg.jp/,和歌山県,ja,,custom,true,true,true,5cat,true,keyword,false,false,true,,true,false,true,true,5slides+play/stop,true,true,,true,true,2段階,false,false,false,,,,,GA(G-4F1V4LYK2Y); skip_link=4箇所; ReadSpeaker; color=白/黒/青,,
S0030,和歌山県,和歌山県,prefecture,unknown,contact,https://www.pref.wakayama.lg.jp/prefg/000200/inquiry.html,2026-02-16T09:00:00+09:00,200,https://www.pref.wakayama.lg.jp/prefg/000200/inquiry.html,お問い合わせ,ja,,custom,true,true,true,5cat,true,keyword,true,true,false,,false,false,false,false,,true,true,,true,true,2段階,false,false,false,,,,,問い合わせ一覧,,
S0030,和歌山県,和歌山県,prefecture,unknown,service,https://www.pref.wakayama.lg.jp/prefg/040200/jidoteate.html,2026-02-16T09:00:00+09:00,200,https://www.pref.wakayama.lg.jp/prefg/040200/jidoteate.html,児童手当,ja,,custom,true,true,true,5cat,true,keyword,true,true,false,,false,false,false,false,,true,true,,true,true,2段階,true,false,true,PDF,,,,児童手当,,
S0030,和歌山県,和歌山県,prefecture,unknown,article,https://www.pref.wakayama.lg.jp/prefg/000200/,2026-02-16T09:00:00+09:00,200,https://www.pref.wakayama.lg.jp/prefg/000200/,広報,ja,,custom,true,true,true,5cat,true,keyword,true,false,false,,true,false,false,false,,true,true,,true,true,2段階,true,false,true,PDF,,,,県民の友; バックナンバー,,
S0188,京都府,京都市,municipality,A,top,https://www.city.kyoto.lg.jp/,2026-02-16T09:00:00+09:00,200,https://www.city.kyoto.lg.jp/index.html,京都市,ja,KanaboWeb,KanaboWeb,true,true,true,6cat,true,Google_CSE,false,false,true,,true,false,true,true,5slides,true,true,,true,true,ReadSpeaker+ふりがな,false,false,false,,,,,GTM(GTM-KKNZV3Q); bxslider; ReadSpeaker+ふりがな+やさしい日本語; Google_CSE(cx:d65aa2c189dd8476b),,
S0188,京都府,京都市,municipality,A,contact,https://www.city.kyoto.lg.jp/main/soshiki_list.html,2026-02-16T09:00:00+09:00,200,https://www.city.kyoto.lg.jp/main/soshiki_list.html,組織一覧,ja,KanaboWeb,KanaboWeb,true,true,true,6cat,true,Google_CSE,true,true,false,,false,false,false,false,,true,true,,true,true,ReadSpeaker+ふりがな,false,false,false,,,,,局・区一覧,,
S0188,京都府,京都市,municipality,A,service,https://www.city.kyoto.lg.jp/hagukumi/page/0000182951.html,2026-02-16T09:00:00+09:00,200,https://www.city.kyoto.lg.jp/hagukumi/page/0000182951.html,児童手当,ja,KanaboWeb,KanaboWeb,true,true,true,6cat,true,Google_CSE,true,true,false,,false,false,false,false,,true,true,,true,true,ReadSpeaker+ふりがな,true,false,true,PDF,,,,児童手当,,
S0188,京都府,京都市,municipality,A,hub,https://www.city.kyoto.lg.jp/menu1/index.html,2026-02-16T09:00:00+09:00,200,https://www.city.kyoto.lg.jp/menu1/index.html,暮らしの情報,ja,KanaboWeb,KanaboWeb,true,true,true,6cat,true,Google_CSE,true,false,false,,false,false,true,false,,true,true,,true,true,ReadSpeaker+ふりがな,false,false,false,,,,,カテゴリ一覧,,
S0188,京都府,京都市,municipality,A,article,https://www.city.kyoto.lg.jp/menu5/category/72-2-0-0-0-0-0-0-0-0.html,2026-02-16T09:00:00+09:00,200,https://www.city.kyoto.lg.jp/menu5/category/72-2-0-0-0-0-0-0-0-0.html,市民しんぶん,ja,KanaboWeb,KanaboWeb,true,true,true,6cat,true,Google_CSE,true,false,false,,true,true,false,false,,true,true,,true,true,ReadSpeaker+ふりがな,true,false,true,PDF,,,,市民しんぶん; バックナンバー,,
S0189,大阪府,大阪市,municipality,A,top,https://www.city.osaka.lg.jp/,2026-02-16T10:00:00+09:00,200,https://www.city.osaka.lg.jp/,大阪市：トップページ,ja,KanaboWeb,KanaboWeb,true,true,true,4cat,true,Google_CSE,false,false,true,防災ポータルサイト,true,false,true,true,4slides+play/pause,true,true,,true,true,拡大/標準,false,false,false,,,,,GTM(GTM-KGK4TZK); ReadSpeaker+ふりがな; LINE+X+YouTube; 24区,,
S0189,大阪府,大阪市,municipality,A,contact,https://www.city.osaka.lg.jp/main/soshiki_list.html,2026-02-16T10:00:00+09:00,200,https://www.city.osaka.lg.jp/main/soshiki_list.html,組織から探す,ja,KanaboWeb,KanaboWeb,true,true,true,4cat,true,Google_CSE,true,true,false,,false,false,false,false,,true,true,,true,true,拡大/標準,false,false,false,,,,,局一覧,,
S0189,大阪府,大阪市,municipality,A,service,https://www.city.osaka.lg.jp/kodomo/page/0000370608.html,2026-02-16T10:00:00+09:00,200,https://www.city.osaka.lg.jp/kodomo/page/0000370608.html,児童手当,ja,KanaboWeb,KanaboWeb,true,true,true,4cat,true,Google_CSE,true,true,false,,false,false,false,false,,true,true,,true,true,拡大/標準,true,false,true,PDF,,,,児童手当,,
S0189,大阪府,大阪市,municipality,A,hub,https://www.city.osaka.lg.jp/kurashi/,2026-02-16T10:00:00+09:00,200,https://www.city.osaka.lg.jp/kurashi/,くらし,ja,KanaboWeb,KanaboWeb,true,true,true,4cat,true,Google_CSE,true,false,false,,false,false,true,false,,true,true,,true,true,拡大/標準,false,false,false,,,,,カテゴリ一覧,,
S0189,大阪府,大阪市,municipality,A,article,https://www.city.osaka.lg.jp/shisei/category/3064-1-1-0-0-0-0-0-0-0.html,2026-02-16T10:00:00+09:00,200,https://www.city.osaka.lg.jp/shisei/category/3064-1-1-0-0-0-0-0-0-0.html,区の広報紙,ja,KanaboWeb,KanaboWeb,true,true,true,4cat,true,Google_CSE,true,false,false,,true,false,false,false,,true,true,,true,true,拡大/標準,true,false,true,PDF,,,,区ごとの広報紙,,
S0190,大阪府,堺市,municipality,A,top,https://www.city.sakai.lg.jp/,2026-02-16T10:00:00+09:00,200,https://www.city.sakai.lg.jp/,堺市ホームページ,ja,,custom,true,true,true,6cat_horizontal,true,keyword,false,false,true,Jアラート受信情報,true,false,true,true,4slides+autoplay/stop,true,true,,false,true,ZoomSight,false,false,false,,,,,ZoomSight(zoomsight-sv2.jp); SNS=LINE+X+IG+YT+FB; やさしい日本語,,
S0190,大阪府,堺市,municipality,A,contact,https://www.city.sakai.lg.jp/shisei/soshiki/,2026-02-16T10:00:00+09:00,200,https://www.city.sakai.lg.jp/shisei/soshiki/,組織一覧,ja,,custom,true,true,true,6cat_horizontal,true,keyword,true,true,false,,false,false,false,false,,true,true,,false,true,ZoomSight,false,false,false,,,,,部局一覧,,
S0190,大阪府,堺市,municipality,A,service,https://www.city.sakai.lg.jp/kosodate/hughug/kosodatekankyo/kosodate/jidoteate.html,2026-02-16T10:00:00+09:00,200,https://www.city.sakai.lg.jp/kosodate/hughug/kosodatekankyo/kosodate/jidoteate.html,児童手当,ja,,custom,true,true,true,6cat_horizontal,true,keyword,true,true,false,,false,false,false,false,,true,true,,false,true,ZoomSight,true,false,true,PDF,,,,児童手当,,
S0190,大阪府,堺市,municipality,A,hub,https://www.city.sakai.lg.jp/kurashi/,2026-02-16T10:00:00+09:00,200,https://www.city.sakai.lg.jp/kurashi/,くらし・手続き,ja,,custom,true,true,true,6cat_horizontal,true,keyword,true,false,false,,false,false,true,false,,true,true,,false,true,ZoomSight,false,false,false,,,,,カテゴリ一覧,,
S0190,大阪府,堺市,municipality,A,article,https://www.city.sakai.lg.jp/shisei/koho/,2026-02-16T10:00:00+09:00,200,https://www.city.sakai.lg.jp/shisei/koho/,広報さかい,ja,,custom,true,true,true,6cat_horizontal,true,keyword,true,false,false,,true,false,false,false,,true,true,,false,true,ZoomSight,true,false,true,PDF,,,,広報さかい,,
S0191,兵庫県,神戸市,municipality,A,top,https://www.city.kobe.lg.jp/,2026-02-16T10:00:00+09:00,200,https://www.city.kobe.lg.jp/,神戸市：ホーム,ja,,custom,true,true,true,8cat,true,keyword+ページID,false,false,true,橋通行止め+詐欺警告,true,false,true,true,4banners,true,true,,true,true,文字サイズ・色合い変更,false,false,false,,,,,ReadSpeaker(11041); SNS=X+FB+IG+YT+LINE+note; e-KOBE,,
S0191,兵庫県,神戸市,municipality,A,contact,https://www.city.kobe.lg.jp/information/about/construction/organization/,2026-02-16T10:00:00+09:00,200,https://www.city.kobe.lg.jp/information/about/construction/organization/,組織情報,ja,,custom,true,true,true,8cat,true,keyword+ページID,true,true,false,,false,false,false,false,,true,true,,true,true,文字サイズ・色合い変更,false,false,false,,,,,組織一覧,,
S0191,兵庫県,神戸市,municipality,A,service,https://www.city.kobe.lg.jp/a32986/kosodate/shien/support/b016/index.html,2026-02-16T10:00:00+09:00,200,https://www.city.kobe.lg.jp/a32986/kosodate/shien/support/b016/index.html,児童手当,ja,,custom,true,true,true,8cat,true,keyword+ページID,true,true,false,,false,false,false,false,,true,true,,true,true,文字サイズ・色合い変更,true,false,true,PDF,,,,児童手当,,
S0191,兵庫県,神戸市,municipality,A,hub,https://www.city.kobe.lg.jp/a10219/kurashi/,2026-02-16T10:00:00+09:00,200,https://www.city.kobe.lg.jp/a10219/kurashi/,くらし,ja,,custom,true,true,true,8cat,true,keyword+ページID,true,false,false,,false,false,true,false,,true,true,,true,true,文字サイズ・色合い変更,false,false,false,,,,,カテゴリ一覧,,
S0191,兵庫県,神戸市,municipality,A,article,https://www.city.kobe.lg.jp/a86732/shise/about/koho/,2026-02-16T10:00:00+09:00,200,https://www.city.kobe.lg.jp/a86732/shise/about/koho/,広報KOBE,ja,,custom,true,true,true,8cat,true,keyword+ページID,true,false,false,,true,true,false,false,,true,true,,true,true,文字サイズ・色合い変更,true,false,true,PDF,,,,広報こうべ,,
S0192,三重県,津市,municipality,C,top,https://www.info.city.tsu.mie.jp/,2026-02-16T10:00:00+09:00,200,https://www.info.city.tsu.mie.jp/,津市公式ウェブサイト,ja,,custom,true,false,true,6cat_accordion,true,keyword,false,false,true,インフルエンザ,true,false,true,true,4slides+play/pause,false,true,/about/accessibility/index.html,true,true,文字サイズ・配色変更,false,false,false,,webapp-jichitai-cdn.azureedge.net,,,GA(G-0THLB9JXX3); jQuery; Facebook+LINE; Azure_CDN,,
S0192,三重県,津市,municipality,C,contact,https://www.info.city.tsu.mie.jp/shisei/shiyakusho_annai/,2026-02-16T10:00:00+09:00,200,https://www.info.city.tsu.mie.jp/shisei/shiyakusho_annai/,市役所案内,ja,,custom,true,false,true,6cat_accordion,true,keyword,true,true,false,,false,false,false,false,,false,true,/about/accessibility/index.html,true,true,文字サイズ・配色変更,false,false,false,,webapp-jichitai-cdn.azureedge.net,,,部署一覧,,
S0192,三重県,津市,municipality,C,service,https://www.info.city.tsu.mie.jp/www/contents/1001000000750/index.html,2026-02-16T10:00:00+09:00,200,https://www.info.city.tsu.mie.jp/www/contents/1001000000750/index.html,児童手当,ja,,custom,true,false,true,6cat_accordion,true,keyword,true,true,false,,false,false,false,false,,false,true,/about/accessibility/index.html,true,true,文字サイズ・配色変更,true,false,true,PDF,webapp-jichitai-cdn.azureedge.net,,,児童手当,,
S0192,三重県,津市,municipality,C,hub,https://www.info.city.tsu.mie.jp/kurashi/,2026-02-16T10:00:00+09:00,200,https://www.info.city.tsu.mie.jp/kurashi/,くらし,ja,,custom,true,false,true,6cat_accordion,true,keyword,true,false,false,,false,false,true,false,,false,true,/about/accessibility/index.html,true,true,文字サイズ・配色変更,false,false,false,,webapp-jichitai-cdn.azureedge.net,,,カテゴリ一覧,,
S0192,三重県,津市,municipality,C,article,https://www.info.city.tsu.mie.jp/shisei/koho/,2026-02-16T10:00:00+09:00,200,https://www.info.city.tsu.mie.jp/shisei/koho/,広報津,ja,,custom,true,false,true,6cat_accordion,true,keyword,true,false,false,,true,false,false,false,,false,true,/about/accessibility/index.html,true,true,文字サイズ・配色変更,true,false,true,PDF,webapp-jichitai-cdn.azureedge.net,,,広報津,,
S0193,滋賀県,大津市,municipality,B,top,https://www.city.otsu.lg.jp/,2026-02-16T10:00:00+09:00,200,https://www.city.otsu.lg.jp/,大津市,ja,SMART CMS,SmartValue(api4th),true,true,true,11cat_vertical,true,keyword+ID番号,false,false,true,通行止め+防災情報,true,false,true,false,,true,true,,true,true,標準/拡大,false,false,false,,lg-api4th.smart-lgov.jp,,,GTM(GTM-5C95DCWG); 6言語; ポケットおおつ; 人口=343316,,
S0193,滋賀県,大津市,municipality,B,contact,https://www.city.otsu.lg.jp/soshiki/,2026-02-16T10:00:00+09:00,200,https://www.city.otsu.lg.jp/soshiki/,組織から探す,ja,SMART CMS,SmartValue(api4th),true,true,true,11cat_vertical,true,keyword+ID番号,true,true,false,,false,false,false,false,,true,true,,true,true,標準/拡大,false,false,false,,lg-api4th.smart-lgov.jp,,,部署一覧,,
S0193,滋賀県,大津市,municipality,B,service,https://www.city.otsu.lg.jp/kosodate/te/ji/index.html,2026-02-16T10:00:00+09:00,200,https://www.city.otsu.lg.jp/kosodate/te/ji/index.html,児童手当,ja,SMART CMS,SmartValue(api4th),true,true,true,11cat_vertical,true,keyword+ID番号,true,true,false,,false,false,false,false,,true,true,,true,true,標準/拡大,true,false,true,PDF,lg-api4th.smart-lgov.jp,,,児童手当,,
S0193,滋賀県,大津市,municipality,B,hub,https://www.city.otsu.lg.jp/kurashi/,2026-02-16T10:00:00+09:00,200,https://www.city.otsu.lg.jp/kurashi/,くらし,ja,SMART CMS,SmartValue(api4th),true,true,true,11cat_vertical,true,keyword+ID番号,true,false,false,,false,false,true,false,,true,true,,true,true,標準/拡大,false,false,false,,lg-api4th.smart-lgov.jp,,,カテゴリ一覧,,
S0193,滋賀県,大津市,municipality,B,article,https://www.city.otsu.lg.jp/koho/,2026-02-16T10:00:00+09:00,200,https://www.city.otsu.lg.jp/koho/,広報おおつ,ja,SMART CMS,SmartValue(api4th),true,true,true,11cat_vertical,true,keyword+ID番号,true,false,false,,true,true,false,false,,true,true,,true,true,標準/拡大,true,false,true,PDF,lg-api4th.smart-lgov.jp,,,広報おおつWEB,,
S0194,奈良県,奈良市,municipality,B,top,https://www.city.nara.lg.jp/,2026-02-16T10:00:00+09:00,200,https://www.city.nara.lg.jp/,奈良市ホームページ,ja,,custom,true,false,true,7cat,true,keyword+ページID,false,false,true,緊急・災害,true,false,true,true,Slick_carousel,true,false,,true,true,標準/拡大,false,false,false,,,,,GA(G-G9GSJK7YWR)+GTM(GTM-MQ237ZP); Slick; color=白/黒/青; チャットボット,,
S0194,奈良県,奈良市,municipality,B,contact,https://www.city.nara.lg.jp/soshiki/,2026-02-16T10:00:00+09:00,200,https://www.city.nara.lg.jp/soshiki/,組織から探す,ja,,custom,true,false,true,7cat,true,keyword+ページID,true,true,false,,false,false,false,false,,true,false,,true,true,標準/拡大,false,false,false,,,,,部署一覧,,
S0194,奈良県,奈良市,municipality,B,service,https://www.city.nara.lg.jp/site/kosodate/9367.html,2026-02-16T10:00:00+09:00,200,https://www.city.nara.lg.jp/site/kosodate/9367.html,児童手当,ja,,custom,true,false,true,7cat,true,keyword+ページID,true,true,false,,false,false,false,false,,true,false,,true,true,標準/拡大,true,false,true,PDF,,,,児童手当,,
S0194,奈良県,奈良市,municipality,B,hub,https://www.city.nara.lg.jp/site/kurashi/,2026-02-16T10:00:00+09:00,200,https://www.city.nara.lg.jp/site/kurashi/,くらし・手続き,ja,,custom,true,false,true,7cat,true,keyword+ページID,true,false,false,,false,false,true,false,,true,false,,true,true,標準/拡大,false,false,false,,,,,カテゴリ一覧,,
S0194,奈良県,奈良市,municipality,B,article,https://www.city.nara.lg.jp/site/koho/,2026-02-16T10:00:00+09:00,200,https://www.city.nara.lg.jp/site/koho/,広報なら,ja,,custom,true,false,true,7cat,true,keyword+ページID,true,false,false,,true,false,false,false,,true,false,,true,true,標準/拡大,true,false,true,PDF,,,,広報なら,,
S0195,和歌山県,和歌山市,municipality,B,top,https://www.city.wakayama.wakayama.jp/,2026-02-16T10:00:00+09:00,200,https://www.city.wakayama.wakayama.jp/,和歌山市,ja,FI,FI系CMS,true,false,true,5cat_horizontal,true,keyword+FAQ,false,false,true,いざというときに,true,false,true,true,9slides+play/stop,false,true,./site/size.html,true,true,色・文字サイズ変更,false,false,false,,,,,GA(G-M1TMWY205W); FI.jQuery; Google_Translate_18言語; 手続き案内サービス,,
S0195,和歌山県,和歌山市,municipality,B,contact,https://www.city.wakayama.wakayama.jp/shisei/soshiki/,2026-02-16T10:00:00+09:00,200,https://www.city.wakayama.wakayama.jp/shisei/soshiki/,組織から探す,ja,FI,FI系CMS,true,false,true,5cat_horizontal,true,keyword+FAQ,true,true,false,,false,false,false,false,,false,true,./site/size.html,true,true,色・文字サイズ変更,false,false,false,,,,,部署一覧,,
S0195,和歌山県,和歌山市,municipality,B,service,https://www.city.wakayama.wakayama.jp/kurashi/kosodate/1001105/1058443/index.html,2026-02-16T10:00:00+09:00,200,https://www.city.wakayama.wakayama.jp/kurashi/kosodate/1001105/1058443/index.html,児童手当,ja,FI,FI系CMS,true,false,true,5cat_horizontal,true,keyword+FAQ,true,true,false,,false,false,false,false,,false,true,./site/size.html,true,true,色・文字サイズ変更,true,false,true,PDF,,,,児童手当,,
S0195,和歌山県,和歌山市,municipality,B,hub,https://www.city.wakayama.wakayama.jp/kurashi/,2026-02-16T10:00:00+09:00,200,https://www.city.wakayama.wakayama.jp/kurashi/,暮らし,ja,FI,FI系CMS,true,false,true,5cat_horizontal,true,keyword+FAQ,true,false,false,,false,false,true,false,,false,true,./site/size.html,true,true,色・文字サイズ変更,false,false,false,,,,,カテゴリ一覧,,
S0195,和歌山県,和歌山市,municipality,B,article,https://www.city.wakayama.wakayama.jp/shisei/koho/,2026-02-16T10:00:00+09:00,200,https://www.city.wakayama.wakayama.jp/shisei/koho/,広報わかやま,ja,FI,FI系CMS,true,false,true,5cat_horizontal,true,keyword+FAQ,true,false,false,,true,false,false,false,,false,true,./site/size.html,true,true,色・文字サイズ変更,true,false,true,PDF,,,,広報わかやま,,
S0196,大阪府,東大阪市,municipality,B,top,https://www.city.higashiosaka.lg.jp/,2026-02-16T10:30:00+09:00,200,https://www.city.higashiosaka.lg.jp/,東大阪市,ja,,custom,true,true,true,6cat,true,keyword,false,false,true,防災ポータルサイト,true,false,true,true,carousel,false,true,,false,true,ReadSpeaker(tsutaeru),false,false,false,,,,,GTM(GTM-M62VVTR); UA-74695009-1; ReadSpeaker(tsutaeru); やさしい日本語,,
S0196,大阪府,東大阪市,municipality,B,contact,https://www.city.higashiosaka.lg.jp/soshiki/,2026-02-16T10:30:00+09:00,200,https://www.city.higashiosaka.lg.jp/soshiki/,組織から探す,ja,,custom,true,true,true,6cat,true,keyword,true,true,false,,false,false,false,false,,false,true,,false,true,ReadSpeaker(tsutaeru),false,false,false,,,,,部署一覧,,
S0196,大阪府,東大阪市,municipality,B,service,https://www.city.higashiosaka.lg.jp/kosodate/0000010174.html,2026-02-16T10:30:00+09:00,200,https://www.city.higashiosaka.lg.jp/kosodate/0000010174.html,児童手当制度,ja,,custom,true,true,true,6cat,true,keyword,true,true,false,,false,false,false,false,,false,true,,false,true,ReadSpeaker(tsutaeru),true,false,true,PDF,,,,児童手当,,
S0196,大阪府,東大阪市,municipality,B,hub,https://www.city.higashiosaka.lg.jp/kurashi/,2026-02-16T10:30:00+09:00,200,https://www.city.higashiosaka.lg.jp/kurashi/,くらし,ja,,custom,true,true,true,6cat,true,keyword,true,false,false,,false,false,true,false,,false,true,,false,true,ReadSpeaker(tsutaeru),false,false,false,,,,,カテゴリ一覧,,
S0196,大阪府,東大阪市,municipality,B,article,https://www.city.higashiosaka.lg.jp/shisei/koho/,2026-02-16T10:30:00+09:00,200,https://www.city.higashiosaka.lg.jp/shisei/koho/,広報ひがしおおさか,ja,,custom,true,true,true,6cat,true,keyword,true,false,false,,true,false,false,false,,false,true,,false,true,ReadSpeaker(tsutaeru),true,false,true,PDF,,,,広報,,
S0197,大阪府,豊中市,municipality,B,top,https://www.city.toyonaka.osaka.jp/,2026-02-16T10:30:00+09:00,200,https://www.city.toyonaka.osaka.jp/,豊中市,ja,,custom,true,true,true,8cat,true,keyword+ページ番号,false,false,true,緊急・災害,true,false,true,true,carousel,true,true,,false,true,音声読み上げ/文字拡大,false,false,false,,,,,SNS=LINE+X+FB+YT+IG+note,,
S0197,大阪府,豊中市,municipality,B,contact,https://www.city.toyonaka.osaka.jp/soshiki/,2026-02-16T10:30:00+09:00,200,https://www.city.toyonaka.osaka.jp/soshiki/,組織一覧,ja,,custom,true,true,true,8cat,true,keyword+ページ番号,true,true,false,,false,false,false,false,,true,true,,false,true,音声読み上げ/文字拡大,false,false,false,,,,,部署一覧,,
S0197,大阪府,豊中市,municipality,B,service,https://www.city.toyonaka.osaka.jp/kosodate/teate_josei/kosodate/kodomoteate2013.html,2026-02-16T10:30:00+09:00,200,https://www.city.toyonaka.osaka.jp/kosodate/teate_josei/kosodate/kodomoteate2013.html,児童手当,ja,,custom,true,true,true,8cat,true,keyword+ページ番号,true,true,false,,false,false,false,false,,true,true,,false,true,音声読み上げ/文字拡大,true,false,true,PDF,,,,児童手当,,
S0197,大阪府,豊中市,municipality,B,hub,https://www.city.toyonaka.osaka.jp/kurashi/,2026-02-16T10:30:00+09:00,200,https://www.city.toyonaka.osaka.jp/kurashi/,くらし・手続き,ja,,custom,true,true,true,8cat,true,keyword+ページ番号,true,false,false,,false,false,true,false,,true,true,,false,true,音声読み上げ/文字拡大,false,false,false,,,,,カテゴリ一覧,,
S0197,大阪府,豊中市,municipality,B,article,https://www.city.toyonaka.osaka.jp/shisei/koho/,2026-02-16T10:30:00+09:00,200,https://www.city.toyonaka.osaka.jp/shisei/koho/,広報とよなか,ja,,custom,true,true,true,8cat,true,keyword+ページ番号,true,false,false,,true,false,false,false,,true,true,,false,true,音声読み上げ/文字拡大,true,false,true,PDF,,,,広報,,
S0198,大阪府,高槻市,municipality,B,top,https://www.city.takatsuki.osaka.jp/,2026-02-16T10:30:00+09:00,200,https://www.city.takatsuki.osaka.jp/,高槻市,ja,,custom,true,false,true,6cat,true,Google_CSE,false,false,true,防災情報メール,true,false,true,true,Slick_carousel,true,true,,false,true,,false,false,false,,,,,GA(G-SKRMRF8H3R+UA-28398975-1+G-TYKWFYEG8H); Slick,,
S0198,大阪府,高槻市,municipality,B,contact,https://www.city.takatsuki.osaka.jp/soshiki/,2026-02-16T10:30:00+09:00,200,https://www.city.takatsuki.osaka.jp/soshiki/,組織一覧,ja,,custom,true,false,true,6cat,true,Google_CSE,true,true,false,,false,false,false,false,,true,true,,false,true,,false,false,false,,,,,部署一覧,,
S0198,大阪府,高槻市,municipality,B,service,https://www.city.takatsuki.osaka.jp/life/2/22/110/,2026-02-16T10:30:00+09:00,200,https://www.city.takatsuki.osaka.jp/life/2/22/110/,児童手当,ja,,custom,true,false,true,6cat,true,Google_CSE,true,true,false,,false,false,false,false,,true,true,,false,true,,true,false,true,PDF,,,,児童手当,,
S0198,大阪府,高槻市,municipality,B,hub,https://www.city.takatsuki.osaka.jp/kurashi/,2026-02-16T10:30:00+09:00,200,https://www.city.takatsuki.osaka.jp/kurashi/,くらし,ja,,custom,true,false,true,6cat,true,Google_CSE,true,false,false,,false,false,true,false,,true,true,,false,true,,false,false,false,,,,,カテゴリ一覧,,
S0198,大阪府,高槻市,municipality,B,article,https://www.city.takatsuki.osaka.jp/shisei/koho/,2026-02-16T10:30:00+09:00,200,https://www.city.takatsuki.osaka.jp/shisei/koho/,広報たかつき,ja,,custom,true,false,true,6cat,true,Google_CSE,true,false,false,,true,false,false,false,,true,true,,false,true,,true,false,true,PDF,,,,広報,,
S0199,大阪府,枚方市,municipality,B,top,https://www.city.hirakata.osaka.jp/,2026-02-16T10:30:00+09:00,200,https://www.city.hirakata.osaka.jp/,枚方市,ja,,custom,true,true,true,7cat,true,Google_CSE,false,false,true,選挙結果,true,false,true,true,carousel,true,true,,true,true,標準/拡大+反転,false,false,false,,,,,GTM(GTM-5TWFCWC); UA-20128129-1; color_inversion; SNS=LINE+X+IG+YT+FB,,
S0199,大阪府,枚方市,municipality,B,contact,https://www.city.hirakata.osaka.jp/soshiki/,2026-02-16T10:30:00+09:00,200,https://www.city.hirakata.osaka.jp/soshiki/,組織一覧,ja,,custom,true,true,true,7cat,true,Google_CSE,true,true,false,,false,false,false,false,,true,true,,true,true,標準/拡大+反転,false,false,false,,,,,部署一覧,,
S0199,大阪府,枚方市,municipality,B,service,https://www.city.hirakata.osaka.jp/kosodate/0000000544.html,2026-02-16T10:30:00+09:00,200,https://www.city.hirakata.osaka.jp/kosodate/0000000544.html,児童手当の概要,ja,,custom,true,true,true,7cat,true,Google_CSE,true,true,false,,false,false,false,false,,true,true,,true,true,標準/拡大+反転,true,false,true,PDF,,,,児童手当,,
S0199,大阪府,枚方市,municipality,B,hub,https://www.city.hirakata.osaka.jp/kurashi/,2026-02-16T10:30:00+09:00,200,https://www.city.hirakata.osaka.jp/kurashi/,くらし・手続き,ja,,custom,true,true,true,7cat,true,Google_CSE,true,false,false,,false,false,true,false,,true,true,,true,true,標準/拡大+反転,false,false,false,,,,,カテゴリ一覧,,
S0199,大阪府,枚方市,municipality,B,article,https://www.city.hirakata.osaka.jp/shisei/koho/,2026-02-16T10:30:00+09:00,200,https://www.city.hirakata.osaka.jp/shisei/koho/,広報ひらかた,ja,,custom,true,true,true,7cat,true,Google_CSE,true,false,false,,true,false,false,false,,true,true,,true,true,標準/拡大+反転,true,false,true,PDF,,,,広報,,
S0200,大阪府,八尾市,municipality,B,top,https://www.city.yao.osaka.jp/,2026-02-16T10:30:00+09:00,200,https://www.city.yao.osaka.jp/,八尾市,ja,FI,FI系CMS,true,true,true,7cat,true,keyword+ページID,false,false,true,災害・救急,true,false,true,true,carousel,true,true,,true,true,文字サイズ/色,false,false,false,,,,,GA(G-S6ZWE88ZHV); FI系CMS; 手話電話; やさしい日本語; SNS=LINE+X+FB+YT,,
S0200,大阪府,八尾市,municipality,B,contact,https://www.city.yao.osaka.jp/soshiki/,2026-02-16T10:30:00+09:00,200,https://www.city.yao.osaka.jp/soshiki/,組織一覧,ja,FI,FI系CMS,true,true,true,7cat,true,keyword+ページID,true,true,false,,false,false,false,false,,true,true,,true,true,文字サイズ/色,false,false,false,,,,,部署一覧,,
S0200,大阪府,八尾市,municipality,B,service,https://www.city.yao.osaka.jp/0000017404.html,2026-02-16T10:30:00+09:00,200,https://www.city.yao.osaka.jp/0000017404.html,児童手当制度詳細,ja,FI,FI系CMS,true,true,true,7cat,true,keyword+ページID,true,true,false,,false,false,false,false,,true,true,,true,true,文字サイズ/色,true,false,true,PDF,,,,児童手当,,
S0200,大阪府,八尾市,municipality,B,hub,https://www.city.yao.osaka.jp/kurashi/,2026-02-16T10:30:00+09:00,200,https://www.city.yao.osaka.jp/kurashi/,くらし・手続き,ja,FI,FI系CMS,true,true,true,7cat,true,keyword+ページID,true,false,false,,false,false,true,false,,true,true,,true,true,文字サイズ/色,false,false,false,,,,,カテゴリ一覧,,
S0200,大阪府,八尾市,municipality,B,article,https://www.city.yao.osaka.jp/shisei/koho/,2026-02-16T10:30:00+09:00,200,https://www.city.yao.osaka.jp/shisei/koho/,広報やお,ja,FI,FI系CMS,true,true,true,7cat,true,keyword+ページID,true,false,false,,true,false,false,false,,true,true,,true,true,文字サイズ/色,true,false,true,PDF,,,,広報,,
S0202,兵庫県,尼崎市,municipality,B,top,https://www.city.amagasaki.hyogo.jp/,2026-02-16T10:30:00+09:00,200,https://www.city.amagasaki.hyogo.jp/,尼崎市,ja,FI,FI系CMS,true,false,true,5cat,true,keyword+市報ID,false,false,true,災害・火災・救急,true,false,true,true,4slides+play/stop,false,true,,true,true,文字サイズ/色+15言語,false,false,false,,,,,GA(G-XCZYCS5339+UA-114119279-1); FI系CMS; 15言語; SNS=LINE+FB+X+YT,,
S0202,兵庫県,尼崎市,municipality,B,contact,https://www.city.amagasaki.hyogo.jp/soshiki/,2026-02-16T10:30:00+09:00,200,https://www.city.amagasaki.hyogo.jp/soshiki/,組織一覧,ja,FI,FI系CMS,true,false,true,5cat,true,keyword+市報ID,true,true,false,,false,false,false,false,,false,true,,true,true,文字サイズ/色+15言語,false,false,false,,,,,部署一覧,,
S0202,兵庫県,尼崎市,municipality,B,service,https://www.city.amagasaki.hyogo.jp/kosodate-kyoiku/kosodate/047jidouteate/047jidou_annai.html,2026-02-16T10:30:00+09:00,200,https://www.city.amagasaki.hyogo.jp/kosodate-kyoiku/kosodate/047jidouteate/047jidou_annai.html,児童手当制度のご案内,ja,FI,FI系CMS,true,false,true,5cat,true,keyword+市報ID,true,true,false,,false,false,false,false,,false,true,,true,true,文字サイズ/色+15言語,true,false,true,PDF,,,,児童手当,,
S0202,兵庫県,尼崎市,municipality,B,hub,https://www.city.amagasaki.hyogo.jp/kurashi/,2026-02-16T10:30:00+09:00,200,https://www.city.amagasaki.hyogo.jp/kurashi/,くらし・手続き,ja,FI,FI系CMS,true,false,true,5cat,true,keyword+市報ID,true,false,false,,false,false,true,false,,false,true,,true,true,文字サイズ/色+15言語,false,false,false,,,,,カテゴリ一覧,,
S0202,兵庫県,尼崎市,municipality,B,article,https://www.city.amagasaki.hyogo.jp/shisei/koho/,2026-02-16T10:30:00+09:00,200,https://www.city.amagasaki.hyogo.jp/shisei/koho/,市報あまがさき,ja,FI,FI系CMS,true,false,true,5cat,true,keyword+市報ID,true,false,false,,true,false,false,false,,false,true,,true,true,文字サイズ/色+15言語,true,false,true,PDF,,,,広報,,
S0203,兵庫県,西宮市,municipality,B,top,https://www.nishi.or.jp/,2026-02-16T10:30:00+09:00,200,https://www.nishi.or.jp/,西宮市,ja,,custom,true,true,true,8cat,true,keyword+ページ番号,false,false,true,防災ガイド+通行止め,true,false,true,true,carousel+play/stop,true,true,,false,true,音声読み上げ/文字拡大+やさしい日本語,false,false,false,,,,,GTM(GTM-N3PHRW5); tsutaeruMO; SNS=LINE+X+FB+YT+IG; 多言語,,
S0203,兵庫県,西宮市,municipality,B,contact,https://www.nishi.or.jp/soshiki/,2026-02-16T10:30:00+09:00,200,https://www.nishi.or.jp/soshiki/,組織一覧,ja,,custom,true,true,true,8cat,true,keyword+ページ番号,true,true,false,,false,false,false,false,,true,true,,false,true,音声読み上げ/文字拡大+やさしい日本語,false,false,false,,,,,部署一覧,,
S0203,兵庫県,西宮市,municipality,B,service,https://www.nishi.or.jp/kosodate/teate/jidoteate/jidoteate.html,2026-02-16T10:30:00+09:00,200,https://www.nishi.or.jp/kosodate/teate/jidoteate/jidoteate.html,児童手当,ja,,custom,true,true,true,8cat,true,keyword+ページ番号,true,true,false,,false,false,false,false,,true,true,,false,true,音声読み上げ/文字拡大+やさしい日本語,true,false,true,PDF,,,,児童手当,,
S0203,兵庫県,西宮市,municipality,B,hub,https://www.nishi.or.jp/kurashi/,2026-02-16T10:30:00+09:00,200,https://www.nishi.or.jp/kurashi/,くらし・手続き,ja,,custom,true,true,true,8cat,true,keyword+ページ番号,true,false,false,,false,false,true,false,,true,true,,false,true,音声読み上げ/文字拡大+やさしい日本語,false,false,false,,,,,カテゴリ一覧,,
S0203,兵庫県,西宮市,municipality,B,article,https://www.nishi.or.jp/shisei/koho/,2026-02-16T10:30:00+09:00,200,https://www.nishi.or.jp/shisei/koho/,市政ニュース,ja,,custom,true,true,true,8cat,true,keyword+ページ番号,true,false,false,,true,false,false,false,,true,true,,false,true,音声読み上げ/文字拡大+やさしい日本語,true,false,true,PDF,,,,広報,,
S0205,三重県,伊勢市,municipality,C,top,https://www.city.ise.mie.jp/,2026-02-16T11:00:00+09:00,200,https://www.city.ise.mie.jp/,伊勢市,ja,FI,FI系CMS,true,true,true,7cat,true,keyword,false,false,true,休日夜間診療,true,false,true,true,5slides,true,true,,true,true,読み上げ+文字サイズ色変更,false,false,false,,,,,GA(GA-Q0H7CX1THE+UA-29830473); Clarity(u7rmswwwfz); FI系CMS,,
S0205,三重県,伊勢市,municipality,C,contact,https://www.city.ise.mie.jp/soshiki/,2026-02-16T11:00:00+09:00,200,https://www.city.ise.mie.jp/soshiki/,組織一覧,ja,FI,FI系CMS,true,true,true,7cat,true,keyword,true,true,false,,false,false,false,false,,true,true,,true,true,読み上げ+文字サイズ色変更,false,false,false,,,,,部署一覧,,
S0205,三重県,伊勢市,municipality,C,service,https://www.city.ise.mie.jp/kosodate/gyosei/k_josei/jidouteate/index.html,2026-02-16T11:00:00+09:00,200,https://www.city.ise.mie.jp/kosodate/gyosei/k_josei/jidouteate/index.html,児童手当,ja,FI,FI系CMS,true,true,true,7cat,true,keyword,true,true,false,,false,false,false,false,,true,true,,true,true,読み上げ+文字サイズ色変更,true,false,true,PDF,,,,児童手当,,
S0205,三重県,伊勢市,municipality,C,hub,https://www.city.ise.mie.jp/kurashi/,2026-02-16T11:00:00+09:00,200,https://www.city.ise.mie.jp/kurashi/,くらし・環境,ja,FI,FI系CMS,true,true,true,7cat,true,keyword,true,false,false,,false,false,true,false,,true,true,,true,true,読み上げ+文字サイズ色変更,false,false,false,,,,,カテゴリ一覧,,
S0205,三重県,伊勢市,municipality,C,article,https://www.city.ise.mie.jp/shisei/koho_kocho/koho/,2026-02-16T11:00:00+09:00,200,https://www.city.ise.mie.jp/shisei/koho_kocho/koho/,広報いせ,ja,FI,FI系CMS,true,true,true,7cat,true,keyword,true,false,false,,true,false,false,false,,true,true,,true,true,読み上げ+文字サイズ色変更,true,false,true,PDF,,,,広報,,
S0206,三重県,鈴鹿市,municipality,C,top,https://www.city.suzuka.lg.jp/,2026-02-16T11:00:00+09:00,200,https://www.city.suzuka.lg.jp/,鈴鹿市,ja,FI,FI系CMS,true,true,true,6cat,true,keyword+ページ番号,false,false,true,いざという時に,true,false,true,true,carousel+play/pause,true,true,,true,true,文字サイズ色+11言語,false,false,false,,,,,GA(G-3ZBTWVDYD4); FI系; 11言語; SNS=FB+LINE+X+YT+IG; すずっこ子育てアプリ,,
S0206,三重県,鈴鹿市,municipality,C,contact,https://www.city.suzuka.lg.jp/soshiki/,2026-02-16T11:00:00+09:00,200,https://www.city.suzuka.lg.jp/soshiki/,組織一覧,ja,FI,FI系CMS,true,true,true,6cat,true,keyword+ページ番号,true,true,false,,false,false,false,false,,true,true,,true,true,文字サイズ色+11言語,false,false,false,,,,,部署一覧,,
S0206,三重県,鈴鹿市,municipality,C,service,https://www.city.suzuka.lg.jp/kosodate/kosodateteate/1003052.html,2026-02-16T11:00:00+09:00,200,https://www.city.suzuka.lg.jp/kosodate/kosodateteate/1003052.html,児童手当,ja,FI,FI系CMS,true,true,true,6cat,true,keyword+ページ番号,true,true,false,,false,false,false,false,,true,true,,true,true,文字サイズ色+11言語,true,false,true,PDF,,,,児童手当,,
S0206,三重県,鈴鹿市,municipality,C,hub,https://www.city.suzuka.lg.jp/kurashi/,2026-02-16T11:00:00+09:00,200,https://www.city.suzuka.lg.jp/kurashi/,くらし・手続き,ja,FI,FI系CMS,true,true,true,6cat,true,keyword+ページ番号,true,false,false,,false,false,true,false,,true,true,,true,true,文字サイズ色+11言語,false,false,false,,,,,カテゴリ一覧,,
S0206,三重県,鈴鹿市,municipality,C,article,https://www.city.suzuka.lg.jp/shisei/koho/,2026-02-16T11:00:00+09:00,200,https://www.city.suzuka.lg.jp/shisei/koho/,広報すずか,ja,FI,FI系CMS,true,true,true,6cat,true,keyword+ページ番号,true,false,false,,true,false,false,false,,true,true,,true,true,文字サイズ色+11言語,true,false,true,PDF,,,,広報,,
S0207,滋賀県,草津市,municipality,C,top,https://www.city.kusatsu.shiga.jp/,2026-02-16T11:00:00+09:00,200,https://www.city.kusatsu.shiga.jp/,草津市,ja,,custom,true,true,true,6cat,true,keyword,false,false,true,選挙+開庁時間変更,true,false,true,true,carousel,true,true,,false,true,ZoomSight(音声読み上げ+文字拡大),false,false,false,,,,,jQuery; ZoomSight; SNS=LINE,,
S0207,滋賀県,草津市,municipality,C,contact,https://www.city.kusatsu.shiga.jp/soshiki/,2026-02-16T11:00:00+09:00,200,https://www.city.kusatsu.shiga.jp/soshiki/,組織一覧,ja,,custom,true,true,true,6cat,true,keyword,true,true,false,,false,false,false,false,,true,true,,false,true,ZoomSight(音声読み上げ+文字拡大),false,false,false,,,,,部署一覧,,
S0207,滋賀県,草津市,municipality,C,service,https://www.city.kusatsu.shiga.jp/kosodate/teatejosei/teate/jidoteate.html,2026-02-16T11:00:00+09:00,200,https://www.city.kusatsu.shiga.jp/kosodate/teatejosei/teate/jidoteate.html,児童手当,ja,,custom,true,true,true,6cat,true,keyword,true,true,false,,false,false,false,false,,true,true,,false,true,ZoomSight(音声読み上げ+文字拡大),true,false,true,PDF,,,,児童手当,,
S0207,滋賀県,草津市,municipality,C,hub,https://www.city.kusatsu.shiga.jp/kurashi/,2026-02-16T11:00:00+09:00,200,https://www.city.kusatsu.shiga.jp/kurashi/,くらし・手続き,ja,,custom,true,true,true,6cat,true,keyword,true,false,false,,false,false,true,false,,true,true,,false,true,ZoomSight(音声読み上げ+文字拡大),false,false,false,,,,,カテゴリ一覧,,
S0207,滋賀県,草津市,municipality,C,article,https://www.city.kusatsu.shiga.jp/shisei/koho/,2026-02-16T11:00:00+09:00,200,https://www.city.kusatsu.shiga.jp/shisei/koho/,広報くさつ,ja,,custom,true,true,true,6cat,true,keyword,true,false,false,,true,false,false,false,,true,true,,false,true,ZoomSight(音声読み上げ+文字拡大),true,false,true,PDF,,,,広報,,
S0208,滋賀県,彦根市,municipality,C,top,https://www.city.hikone.lg.jp/,2026-02-16T11:00:00+09:00,200,https://www.city.hikone.lg.jp/,彦根市,ja,SMART CMS,SmartValue(api3rd),true,true,true,6cat,true,keyword+広報番号,false,false,true,メール配信,true,false,true,true,carousel,true,true,,true,true,音声読み上げ+ふりがな+背景色+8言語,false,false,false,,,,,GTM(GTM-W8PG2ZPR); SMART_CMS(api3rd); 8言語; 人口=110370,,
S0208,滋賀県,彦根市,municipality,C,contact,https://www.city.hikone.lg.jp/soshiki/,2026-02-16T11:00:00+09:00,200,https://www.city.hikone.lg.jp/soshiki/,組織一覧,ja,SMART CMS,SmartValue(api3rd),true,true,true,6cat,true,keyword+広報番号,true,true,false,,false,false,false,false,,true,true,,true,true,音声読み上げ+ふりがな+背景色+8言語,false,false,false,,,,,部署一覧,,
S0208,滋賀県,彦根市,municipality,C,service,https://www.city.hikone.lg.jp/kurashi/hoken_nenkin/7/index.html,2026-02-16T11:00:00+09:00,200,https://www.city.hikone.lg.jp/kurashi/hoken_nenkin/7/index.html,児童手当,ja,SMART CMS,SmartValue(api3rd),true,true,true,6cat,true,keyword+広報番号,true,true,false,,false,false,false,false,,true,true,,true,true,音声読み上げ+ふりがな+背景色+8言語,true,false,true,PDF,,,,児童手当,,
S0208,滋賀県,彦根市,municipality,C,hub,https://www.city.hikone.lg.jp/kurashi/,2026-02-16T11:00:00+09:00,200,https://www.city.hikone.lg.jp/kurashi/,くらし・手続き,ja,SMART CMS,SmartValue(api3rd),true,true,true,6cat,true,keyword+広報番号,true,false,false,,false,false,true,false,,true,true,,true,true,音声読み上げ+ふりがな+背景色+8言語,false,false,false,,,,,カテゴリ一覧,,
S0208,滋賀県,彦根市,municipality,C,article,https://www.city.hikone.lg.jp/shisei/koho/,2026-02-16T11:00:00+09:00,200,https://www.city.hikone.lg.jp/shisei/koho/,広報ひこね,ja,SMART CMS,SmartValue(api3rd),true,true,true,6cat,true,keyword+広報番号,true,false,false,,true,false,false,false,,true,true,,true,true,音声読み上げ+ふりがな+背景色+8言語,true,false,true,PDF,,,,広報,,
S0209,京都府,宇治市,municipality,C,top,https://www.city.uji.kyoto.jp/,2026-02-16T11:00:00+09:00,200,https://www.city.uji.kyoto.jp/,宇治市,ja,,custom,true,false,true,5cat,true,keyword+組織+地図,false,false,true,防災情報+休日急病診療所,true,false,true,true,carousel,true,true,,true,true,ReadSpeaker+文字サイズ色,false,false,false,,,,,GA(GA-69KXZ362GB+UA-59924434-1); ReadSpeaker; 紫式部ゆかりのまち; FB+YT,,
S0209,京都府,宇治市,municipality,C,contact,https://www.city.uji.kyoto.jp/soshiki/,2026-02-16T11:00:00+09:00,200,https://www.city.uji.kyoto.jp/soshiki/,組織一覧,ja,,custom,true,false,true,5cat,true,keyword+組織+地図,true,true,false,,false,false,false,false,,true,true,,true,true,ReadSpeaker+文字サイズ色,false,false,false,,,,,部署一覧,,
S0209,京都府,宇治市,municipality,C,service,https://www.city.uji.kyoto.jp/site/kosodate/5743.html,2026-02-16T11:00:00+09:00,200,https://www.city.uji.kyoto.jp/site/kosodate/5743.html,児童手当,ja,,custom,true,false,true,5cat,true,keyword+組織+地図,true,true,false,,false,false,false,false,,true,true,,true,true,ReadSpeaker+文字サイズ色,true,false,true,PDF,,,,児童手当,,
S0209,京都府,宇治市,municipality,C,hub,https://www.city.uji.kyoto.jp/kurashi/,2026-02-16T11:00:00+09:00,200,https://www.city.uji.kyoto.jp/kurashi/,くらし,ja,,custom,true,false,true,5cat,true,keyword+組織+地図,true,false,false,,false,false,true,false,,true,true,,true,true,ReadSpeaker+文字サイズ色,false,false,false,,,,,カテゴリ一覧,,
S0209,京都府,宇治市,municipality,C,article,https://www.city.uji.kyoto.jp/shisei/koho/,2026-02-16T11:00:00+09:00,200,https://www.city.uji.kyoto.jp/shisei/koho/,広報うじ,ja,,custom,true,false,true,5cat,true,keyword+組織+地図,true,false,false,,true,false,false,false,,true,true,,true,true,ReadSpeaker+文字サイズ色,true,false,true,PDF,,,,広報,,
S0210,京都府,舞鶴市,municipality,C,top,https://www.city.maizuru.kyoto.jp/,2026-02-16T11:00:00+09:00,200,https://www.city.maizuru.kyoto.jp/,舞鶴市,ja,,custom,true,true,true,6cat,true,keyword,false,false,true,開庁時間変更,true,false,true,true,carousel,true,true,,true,true,文字サイズ+背景色反転+Google_Translate,false,false,false,,,,,GA(UA-74388759-1+G-Z6GBDF917J); Google_Translate,,
S0210,京都府,舞鶴市,municipality,C,contact,https://www.city.maizuru.kyoto.jp/soshiki/,2026-02-16T11:00:00+09:00,200,https://www.city.maizuru.kyoto.jp/soshiki/,組織一覧,ja,,custom,true,true,true,6cat,true,keyword,true,true,false,,false,false,false,false,,true,true,,true,true,文字サイズ+背景色反転+Google_Translate,false,false,false,,,,,部署一覧,,
S0210,京都府,舞鶴市,municipality,C,service,https://www.city.maizuru.kyoto.jp/kenkou/0000010784.html,2026-02-16T11:00:00+09:00,200,https://www.city.maizuru.kyoto.jp/kenkou/0000010784.html,児童手当,ja,,custom,true,true,true,6cat,true,keyword,true,true,false,,false,false,false,false,,true,true,,true,true,文字サイズ+背景色反転+Google_Translate,true,false,true,PDF,,,,児童手当,,
S0210,京都府,舞鶴市,municipality,C,hub,https://www.city.maizuru.kyoto.jp/kurashi/,2026-02-16T11:00:00+09:00,200,https://www.city.maizuru.kyoto.jp/kurashi/,くらし,ja,,custom,true,true,true,6cat,true,keyword,true,false,false,,false,false,true,false,,true,true,,true,true,文字サイズ+背景色反転+Google_Translate,false,false,false,,,,,カテゴリ一覧,,
S0210,京都府,舞鶴市,municipality,C,article,https://www.city.maizuru.kyoto.jp/shisei/koho/,2026-02-16T11:00:00+09:00,200,https://www.city.maizuru.kyoto.jp/shisei/koho/,広報まいづる,ja,,custom,true,true,true,6cat,true,keyword,true,false,false,,true,false,false,false,,true,true,,true,true,文字サイズ+背景色反転+Google_Translate,true,false,true,PDF,,,,広報,,
S0211,大阪府,吹田市,municipality,B,top,https://www.city.suita.osaka.jp/,2026-02-16T11:00:00+09:00,200,https://www.city.suita.osaka.jp/,吹田市,ja,FI,FI系CMS,true,true,true,7cat,true,keyword+ページID,false,false,true,緊急・災害,true,false,true,true,Instagram_carousel,true,true,,true,true,文字サイズ+背景色,false,false,false,,,,,GA(GA-46RRYW6G6J); FI系CMS; SNS=X+LINE+FB+IG+YT,,
S0211,大阪府,吹田市,municipality,B,contact,https://www.city.suita.osaka.jp/soshiki/,2026-02-16T11:00:00+09:00,200,https://www.city.suita.osaka.jp/soshiki/,組織一覧,ja,FI,FI系CMS,true,true,true,7cat,true,keyword+ページID,true,true,false,,false,false,false,false,,true,true,,true,true,文字サイズ+背景色,false,false,false,,,,,部署一覧,,
S0211,大阪府,吹田市,municipality,B,service,https://www.city.suita.osaka.jp/kosodate/1018219/1018222/1005540.html,2026-02-16T11:00:00+09:00,200,https://www.city.suita.osaka.jp/kosodate/1018219/1018222/1005540.html,児童手当,ja,FI,FI系CMS,true,true,true,7cat,true,keyword+ページID,true,true,false,,false,false,false,false,,true,true,,true,true,文字サイズ+背景色,true,false,true,PDF,,,,児童手当,,
S0211,大阪府,吹田市,municipality,B,hub,https://www.city.suita.osaka.jp/kurashi/,2026-02-16T11:00:00+09:00,200,https://www.city.suita.osaka.jp/kurashi/,くらし,ja,FI,FI系CMS,true,true,true,7cat,true,keyword+ページID,true,false,false,,false,false,true,false,,true,true,,true,true,文字サイズ+背景色,false,false,false,,,,,カテゴリ一覧,,
S0211,大阪府,吹田市,municipality,B,article,https://www.city.suita.osaka.jp/shisei/koho/,2026-02-16T11:00:00+09:00,200,https://www.city.suita.osaka.jp/shisei/koho/,市報すいた,ja,FI,FI系CMS,true,true,true,7cat,true,keyword+ページID,true,false,false,,true,false,false,false,,true,true,,true,true,文字サイズ+背景色,true,false,true,PDF,,,,広報,,
S0212,大阪府,寝屋川市,municipality,C,top,https://www.city.neyagawa.osaka.jp/,2026-02-16T09:30:00+09:00,200,https://www.city.neyagawa.osaka.jp/,寝屋川市,ja,SMART CMS,SmartValue,true,true,true,7cat_horizontal,true,keyword,false,false,true,緊急情報セクション,true,false,true,true,carousel,true,true,,false,true,ReadSpeaker+ふりがな+font_size+背景色,false,false,false,,,,,SNS=FB+X+IG+YT+LINE+app; GTM(GTM-5W9QDP7),,
S0212,大阪府,寝屋川市,municipality,C,contact,https://www.city.neyagawa.osaka.jp/soshiki/,2026-02-16T09:30:00+09:00,200,https://www.city.neyagawa.osaka.jp/soshiki/,組織から探す,ja,SMART CMS,SmartValue,true,true,true,7cat_horizontal,true,keyword,true,false,false,,false,false,false,false,,true,true,,false,true,ReadSpeaker+ふりがな+font_size+背景色,false,false,false,,,,,組織一覧,,
S0212,大阪府,寝屋川市,municipality,C,service,https://www.city.neyagawa.osaka.jp/organization_list/kodomo/kodomowomamoruka/kodomotantou/jidouteate/1455857318397.html,2026-02-16T09:30:00+09:00,200,https://www.city.neyagawa.osaka.jp/organization_list/kodomo/kodomowomamoruka/kodomotantou/jidouteate/1455857318397.html,児童手当,ja,SMART CMS,SmartValue,true,true,true,7cat_horizontal,true,keyword,true,true,false,,false,false,false,false,,true,true,,false,true,ReadSpeaker+ふりがな+font_size+背景色,true,false,true,PDF,,,,児童手当制度案内,,
S0212,大阪府,寝屋川市,municipality,C,hub,https://www.city.neyagawa.osaka.jp/kurashi/,2026-02-16T09:30:00+09:00,200,https://www.city.neyagawa.osaka.jp/kurashi/,くらし,ja,SMART CMS,SmartValue,true,true,true,7cat_horizontal,true,keyword,true,false,false,,false,false,true,false,,true,true,,false,true,ReadSpeaker+ふりがな+font_size+背景色,false,false,false,,,,,くらしカテゴリ一覧,,
S0212,大阪府,寝屋川市,municipality,C,article,https://www.city.neyagawa.osaka.jp/shisei/koho/,2026-02-16T09:30:00+09:00,200,https://www.city.neyagawa.osaka.jp/shisei/koho/,広報ねやがわ,ja,SMART CMS,SmartValue,true,true,true,7cat_horizontal,true,keyword,true,true,false,,true,false,false,false,,true,true,,false,true,ReadSpeaker+ふりがな+font_size+背景色,true,false,true,PDF,,,,広報ねやがわバックナンバー,,
S0213,兵庫県,明石市,municipality,B,top,https://www.city.akashi.lg.jp/,2026-02-16T09:30:00+09:00,200,https://www.city.akashi.lg.jp/,明石市ホームページ,ja,,custom,true,true,true,8cat_horizontal,true,keyword,false,false,true,緊急情報,true,false,true,true,carousel,true,true,,false,true,font_size+背景色,false,false,false,,,,,skip→#tmp_honbun; SNS=X+FB+IG+LINE+YT,,
S0213,兵庫県,明石市,municipality,B,contact,https://www.city.akashi.lg.jp/soshiki/,2026-02-16T09:30:00+09:00,200,https://www.city.akashi.lg.jp/soshiki/,組織から探す,ja,,custom,true,true,true,8cat_horizontal,true,keyword,true,false,false,,false,false,false,false,,true,true,,false,true,font_size+背景色,false,false,false,,,,,組織一覧,,
S0213,兵庫県,明石市,municipality,B,service,https://www.city.akashi.lg.jp/kodomo/jidou_fu_ka/kodomo-kyoiku/kosodate/teate.html,2026-02-16T09:30:00+09:00,200,https://www.city.akashi.lg.jp/kodomo/jidou_fu_ka/kodomo-kyoiku/kosodate/teate.html,児童手当について,ja,,custom,true,true,true,8cat_horizontal,true,keyword,true,true,false,,false,false,false,false,,true,true,,false,true,font_size+背景色,true,false,true,PDF,,,,児童手当案内,,
S0213,兵庫県,明石市,municipality,B,hub,https://www.city.akashi.lg.jp/kurashi/,2026-02-16T09:30:00+09:00,200,https://www.city.akashi.lg.jp/kurashi/,くらし・手続き,ja,,custom,true,true,true,8cat_horizontal,true,keyword,true,false,false,,false,false,true,false,,true,true,,false,true,font_size+背景色,false,false,false,,,,,くらしカテゴリ,,
S0213,兵庫県,明石市,municipality,B,article,https://www.city.akashi.lg.jp/shisei/koho/,2026-02-16T09:30:00+09:00,200,https://www.city.akashi.lg.jp/shisei/koho/,広報あかし,ja,,custom,true,true,true,8cat_horizontal,true,keyword,true,true,false,,true,false,false,false,,true,true,,false,true,font_size+背景色,true,false,true,PDF,,,,広報あかしバックナンバー,,
S0214,兵庫県,加古川市,municipality,C,top,https://www.city.kakogawa.lg.jp/,2026-02-16T09:30:00+09:00,200,https://www.city.kakogawa.lg.jp/,加古川市,ja,SMART CMS,SmartValue,true,true,true,3cat_horizontal,true,keyword,false,false,true,Jアラート,true,false,true,true,carousel,true,true,,false,true,ReadSpeaker+ふりがな+font_size+背景色,false,false,false,,,,,GTM(GTM-N9MXW6F); 3cat(くらし・子育て・市政情報),,
S0214,兵庫県,加古川市,municipality,C,contact,https://www.city.kakogawa.lg.jp/soshiki/,2026-02-16T09:30:00+09:00,200,https://www.city.kakogawa.lg.jp/soshiki/,組織から探す,ja,SMART CMS,SmartValue,true,true,true,3cat_horizontal,true,keyword,true,false,false,,false,false,false,false,,true,true,,false,true,ReadSpeaker+ふりがな+font_size+背景色,false,false,false,,,,,組織一覧,,
S0214,兵庫県,加古川市,municipality,C,service,https://www.city.kakogawa.lg.jp/kosodatekyoiku/kosodatekyoiku/teateiryojosei/1418389844910.html,2026-02-16T09:30:00+09:00,200,https://www.city.kakogawa.lg.jp/kosodatekyoiku/kosodatekyoiku/teateiryojosei/1418389844910.html,児童手当,ja,SMART CMS,SmartValue,true,true,true,3cat_horizontal,true,keyword,true,true,false,,false,false,false,false,,true,true,,false,true,ReadSpeaker+ふりがな+font_size+背景色,true,false,true,PDF,,,,児童手当案内,,
S0214,兵庫県,加古川市,municipality,C,hub,https://www.city.kakogawa.lg.jp/kurashi/,2026-02-16T09:30:00+09:00,200,https://www.city.kakogawa.lg.jp/kurashi/,くらしのガイド,ja,SMART CMS,SmartValue,true,true,true,3cat_horizontal,true,keyword,true,false,false,,false,false,true,false,,true,true,,false,true,ReadSpeaker+ふりがな+font_size+背景色,false,false,false,,,,,くらしカテゴリ,,
S0214,兵庫県,加古川市,municipality,C,article,https://www.city.kakogawa.lg.jp/shisei/koho/,2026-02-16T09:30:00+09:00,200,https://www.city.kakogawa.lg.jp/shisei/koho/,広報かこがわ,ja,SMART CMS,SmartValue,true,true,true,3cat_horizontal,true,keyword,true,true,false,,true,false,false,false,,true,true,,false,true,ReadSpeaker+ふりがな+font_size+背景色,true,false,true,PDF,,,,広報かこがわバックナンバー,,
S0215,奈良県,橿原市,municipality,C,top,https://www.city.kashihara.nara.jp/,2026-02-16T09:30:00+09:00,200,https://www.city.kashihara.nara.jp/,橿原市公式ホームページ,ja,SMART CMS,SmartValue,true,true,true,6cat_horizontal,true,keyword,false,false,true,緊急情報,true,false,true,true,carousel,true,true,,false,true,tsutaeruMO,false,false,false,,,,,GTM(GTM-5RLBM6Q); tsutaeru.cloud,,
S0215,奈良県,橿原市,municipality,C,contact,https://www.city.kashihara.nara.jp/soshiki/,2026-02-16T09:30:00+09:00,200,https://www.city.kashihara.nara.jp/soshiki/,組織から探す,ja,SMART CMS,SmartValue,true,true,true,6cat_horizontal,true,keyword,true,false,false,,false,false,false,false,,true,true,,false,true,tsutaeruMO,false,false,false,,,,,組織一覧,,
S0215,奈良県,橿原市,municipality,C,service,https://www.city.kashihara.nara.jp/soshiki/1036/gyomu/4/1/95.html,2026-02-16T09:30:00+09:00,200,https://www.city.kashihara.nara.jp/soshiki/1036/gyomu/4/1/95.html,児童手当,ja,SMART CMS,SmartValue,true,true,true,6cat_horizontal,true,keyword,true,true,false,,false,false,false,false,,true,true,,false,true,tsutaeruMO,true,false,true,PDF,,,,児童手当案内,,
S0215,奈良県,橿原市,municipality,C,hub,https://www.city.kashihara.nara.jp/kurashi/,2026-02-16T09:30:00+09:00,200,https://www.city.kashihara.nara.jp/kurashi/,くらし・手続き,ja,SMART CMS,SmartValue,true,true,true,6cat_horizontal,true,keyword,true,false,false,,false,false,true,false,,true,true,,false,true,tsutaeruMO,false,false,false,,,,,くらしカテゴリ,,
S0215,奈良県,橿原市,municipality,C,article,https://www.city.kashihara.nara.jp/shisei/koho/,2026-02-16T09:30:00+09:00,200,https://www.city.kashihara.nara.jp/shisei/koho/,広報かしはら,ja,SMART CMS,SmartValue,true,true,true,6cat_horizontal,true,keyword,true,true,false,,true,false,false,false,,true,true,,false,true,tsutaeruMO,true,false,true,PDF,,,,広報かしはらバックナンバー,,
S0216,奈良県,生駒市,municipality,C,top,https://www.city.ikoma.lg.jp/,2026-02-16T09:30:00+09:00,200,https://www.city.ikoma.lg.jp/,生駒市公式ホームページ,ja,,custom,true,true,true,9cat_horizontal,true,keyword,false,false,true,林野火災警報,true,false,true,true,carousel,true,true,,false,true,ReadSpeaker+font_size+背景色,false,false,false,,,,,GA(GA-P8P6Y68K19),,
S0216,奈良県,生駒市,municipality,C,contact,https://www.city.ikoma.lg.jp/soshiki/,2026-02-16T09:30:00+09:00,200,https://www.city.ikoma.lg.jp/soshiki/,組織から探す,ja,,custom,true,true,true,9cat_horizontal,true,keyword,true,false,false,,false,false,false,false,,true,true,,false,true,ReadSpeaker+font_size+背景色,false,false,false,,,,,組織一覧,,
S0216,奈良県,生駒市,municipality,C,service,https://www.city.ikoma.lg.jp/0000000944.html,2026-02-16T09:30:00+09:00,200,https://www.city.ikoma.lg.jp/0000000944.html,児童手当,ja,,custom,true,true,true,9cat_horizontal,true,keyword,true,true,false,,false,false,false,false,,true,true,,false,true,ReadSpeaker+font_size+背景色,true,false,true,PDF,,,,児童手当案内,,
S0216,奈良県,生駒市,municipality,C,hub,https://www.city.ikoma.lg.jp/kurashi/,2026-02-16T09:30:00+09:00,200,https://www.city.ikoma.lg.jp/kurashi/,くらし・手続き,ja,,custom,true,true,true,9cat_horizontal,true,keyword,true,false,false,,false,false,true,false,,true,true,,false,true,ReadSpeaker+font_size+背景色,false,false,false,,,,,くらしカテゴリ,,
S0216,奈良県,生駒市,municipality,C,article,https://www.city.ikoma.lg.jp/shisei/koho/,2026-02-16T09:30:00+09:00,200,https://www.city.ikoma.lg.jp/shisei/koho/,広報いこま,ja,,custom,true,true,true,9cat_horizontal,true,keyword,true,true,false,,true,false,false,false,,true,true,,false,true,ReadSpeaker+font_size+背景色,true,false,true,PDF,,,,広報いこまバックナンバー,,
S0217,和歌山県,田辺市,municipality,C,top,https://www.city.tanabe.lg.jp/,2026-02-16T09:30:00+09:00,200,https://www.city.tanabe.lg.jp/,和歌山県 田辺市ホームページ,ja,,custom,false,false,true,9cat_horizontal,false,,false,false,true,安心・安全情報,true,false,true,true,Flexslider,false,false,,false,true,font_size(拡大/標準),false,false,false,,,,,GA(UA-10955397-1); jQuery+Spry; FB; Machiroアプリ,,
S0217,和歌山県,田辺市,municipality,C,contact,https://www.city.tanabe.lg.jp/soshiki/,2026-02-16T09:30:00+09:00,200,https://www.city.tanabe.lg.jp/soshiki/,組織から探す,ja,,custom,false,false,true,9cat_horizontal,false,,true,false,false,,false,false,false,false,,false,false,,false,true,font_size(拡大/標準),false,false,false,,,,,組織一覧,,
S0217,和歌山県,田辺市,municipality,C,service,https://www.city.tanabe.lg.jp/shimin/jidou_teate.html,2026-02-16T09:30:00+09:00,200,https://www.city.tanabe.lg.jp/shimin/jidou_teate.html,児童手当について,ja,,custom,false,false,true,9cat_horizontal,false,,true,true,false,,false,false,false,false,,false,false,,false,true,font_size(拡大/標準),true,false,true,PDF,,,,児童手当案内; 市民課,,
S0217,和歌山県,田辺市,municipality,C,hub,https://www.city.tanabe.lg.jp/kurashi/,2026-02-16T09:30:00+09:00,200,https://www.city.tanabe.lg.jp/kurashi/,くらし,ja,,custom,false,false,true,9cat_horizontal,false,,true,false,false,,false,false,true,false,,false,false,,false,true,font_size(拡大/標準),false,false,false,,,,,くらしカテゴリ,,
S0217,和歌山県,田辺市,municipality,C,article,https://www.city.tanabe.lg.jp/kouhou/,2026-02-16T09:30:00+09:00,200,https://www.city.tanabe.lg.jp/kouhou/,広報田辺,ja,,custom,false,false,true,9cat_horizontal,false,,true,true,false,,true,false,false,false,,false,false,,false,true,font_size(拡大/標準),true,false,true,PDF,,,,広報田辺バックナンバー,,
S0218,三重県,尾鷲市,municipality,D,top,https://www.city.owase.lg.jp/,2026-02-16T09:30:00+09:00,200,https://www.city.owase.lg.jp/,尾鷲市,ja,cmsfiles,custom,true,true,true,8cat_horizontal,true,keyword,false,false,true,緊急情報(クマ目撃),true,false,true,true,9-slide_carousel,true,true,,true,true,font_size+反転,false,false,false,,,,,GA(UA-52496755-1)+G-N21N4CLJS5; Google_Translate; tsutaeru.cloud; SNS=FB+IG+LINE+X+YT,,
S0218,三重県,尾鷲市,municipality,D,contact,https://www.city.owase.lg.jp/soshiki/,2026-02-16T09:30:00+09:00,200,https://www.city.owase.lg.jp/soshiki/,組織から探す,ja,cmsfiles,custom,true,true,true,8cat_horizontal,true,keyword,true,false,false,,false,false,false,false,,true,true,,true,true,font_size+反転,false,false,false,,,,,組織一覧,,
S0218,三重県,尾鷲市,municipality,D,service,https://www.city.owase.lg.jp/owasewanpaku/0000004368.html,2026-02-16T09:30:00+09:00,200,https://www.city.owase.lg.jp/owasewanpaku/0000004368.html,児童手当について,ja,cmsfiles,custom,true,true,true,8cat_horizontal,true,keyword,true,true,false,,false,false,false,false,,true,true,,true,true,font_size+反転,true,false,true,PDF,,,,児童手当案内,,
S0218,三重県,尾鷲市,municipality,D,hub,https://www.city.owase.lg.jp/kurashi/,2026-02-16T09:30:00+09:00,200,https://www.city.owase.lg.jp/kurashi/,くらし,ja,cmsfiles,custom,true,true,true,8cat_horizontal,true,keyword,true,false,false,,false,false,true,false,,true,true,,true,true,font_size+反転,false,false,false,,,,,くらしカテゴリ,,
S0218,三重県,尾鷲市,municipality,D,article,https://www.city.owase.lg.jp/shisei/koho/,2026-02-16T09:30:00+09:00,200,https://www.city.owase.lg.jp/shisei/koho/,広報おわせ,ja,cmsfiles,custom,true,true,true,8cat_horizontal,true,keyword,true,true,false,,true,false,false,false,,true,true,,true,true,font_size+反転,true,false,true,PDF,,,,広報おわせバックナンバー,,
S0219,京都府,伊根町,municipality,D,top,https://www.town.ine.kyoto.jp/,2026-02-16T10:00:00+09:00,200,https://www.town.ine.kyoto.jp/,伊根町ホームページ,ja,SMART CMS,SmartValue(api3rd),true,true,true,8cat_horizontal,true,keyword+ページ番号,false,false,true,防災・避難所マップ,true,false,true,true,4-slide_carousel,true,true,,true,true,font_size+背景色(black/blue),false,false,false,,api3rd.smart-lgov.jp,,,GTM(GTM-WGG3D2P); SNS=IG+FB+X+YT,,
S0219,京都府,伊根町,municipality,D,contact,https://www.town.ine.kyoto.jp/soshiki/,2026-02-16T10:00:00+09:00,200,https://www.town.ine.kyoto.jp/soshiki/,組織から探す,ja,SMART CMS,SmartValue(api3rd),true,true,true,8cat_horizontal,true,keyword+ページ番号,true,false,false,,false,false,false,false,,true,true,,true,true,font_size+背景色(black/blue),false,false,false,,api3rd.smart-lgov.jp,,,組織一覧,,
S0219,京都府,伊根町,municipality,D,service,https://www.town.ine.kyoto.jp/kosodate/index.html,2026-02-16T10:00:00+09:00,200,https://www.town.ine.kyoto.jp/kosodate/index.html,子育て,ja,SMART CMS,SmartValue(api3rd),true,true,true,8cat_horizontal,true,keyword+ページ番号,true,true,false,,false,false,true,false,,true,true,,true,true,font_size+背景色(black/blue),false,false,false,,api3rd.smart-lgov.jp,,,子育て支援; 児童手当含む,,
S0219,京都府,伊根町,municipality,D,hub,https://www.town.ine.kyoto.jp/kurashi/,2026-02-16T10:00:00+09:00,200,https://www.town.ine.kyoto.jp/kurashi/,くらし・手続き,ja,SMART CMS,SmartValue(api3rd),true,true,true,8cat_horizontal,true,keyword+ページ番号,true,false,false,,false,false,true,false,,true,true,,true,true,font_size+背景色(black/blue),false,false,false,,api3rd.smart-lgov.jp,,,くらしカテゴリ,,
S0219,京都府,伊根町,municipality,D,article,https://www.town.ine.kyoto.jp/chosei/koho/,2026-02-16T10:00:00+09:00,200,https://www.town.ine.kyoto.jp/chosei/koho/,広報いね,ja,SMART CMS,SmartValue(api3rd),true,true,true,8cat_horizontal,true,keyword+ページ番号,true,true,false,,true,false,false,false,,true,true,,true,true,font_size+背景色(black/blue),true,false,true,PDF,api3rd.smart-lgov.jp,,,広報いねバックナンバー,,
S0220,大阪府,千早赤阪村,municipality,D,top,https://www.vill.chihayaakasaka.osaka.jp/,2026-02-16T10:00:00+09:00,200,https://www.vill.chihayaakasaka.osaka.jp/,千早赤阪村,ja,SMART CMS,SmartValue,true,true,true,6cat_horizontal,true,keyword,false,false,true,J-ALERT/防災行政無線,true,false,true,true,6-slide_carousel,true,true,,true,true,font_size+背景色,false,false,false,,,,,むらぷりアプリ; 大阪唯一の村,,
S0220,大阪府,千早赤阪村,municipality,D,contact,https://www.vill.chihayaakasaka.osaka.jp/soshiki/,2026-02-16T10:00:00+09:00,200,https://www.vill.chihayaakasaka.osaka.jp/soshiki/,組織から探す,ja,SMART CMS,SmartValue,true,true,true,6cat_horizontal,true,keyword,true,false,false,,false,false,false,false,,true,true,,true,true,font_size+背景色,false,false,false,,,,,組織一覧,,
S0220,大阪府,千早赤阪村,municipality,D,service,https://www.vill.chihayaakasaka.osaka.jp/kakuka/minsei/kodomo/5_1/3/781.html,2026-02-16T10:00:00+09:00,200,https://www.vill.chihayaakasaka.osaka.jp/kakuka/minsei/kodomo/5_1/3/781.html,児童手当,ja,SMART CMS,SmartValue,true,true,true,6cat_horizontal,true,keyword,true,true,false,,false,false,false,false,,true,true,,true,true,font_size+背景色,true,false,true,PDF,,,,児童手当案内; 福祉課,,
S0220,大阪府,千早赤阪村,municipality,D,hub,https://www.vill.chihayaakasaka.osaka.jp/kurashi/,2026-02-16T10:00:00+09:00,200,https://www.vill.chihayaakasaka.osaka.jp/kurashi/,くらし・手続き,ja,SMART CMS,SmartValue,true,true,true,6cat_horizontal,true,keyword,true,false,false,,false,false,true,false,,true,true,,true,true,font_size+背景色,false,false,false,,,,,くらしカテゴリ,,
S0220,大阪府,千早赤阪村,municipality,D,article,https://www.vill.chihayaakasaka.osaka.jp/chosei/koho/,2026-02-16T10:00:00+09:00,200,https://www.vill.chihayaakasaka.osaka.jp/chosei/koho/,広報ちはやあかさか,ja,SMART CMS,SmartValue,true,true,true,6cat_horizontal,true,keyword,true,true,false,,true,false,false,false,,true,true,,true,true,font_size+背景色,true,false,true,PDF,,,,広報バックナンバー,,
S0221,兵庫県,淡路市,municipality,D,top,https://www.city.awaji.lg.jp/,2026-02-16T10:00:00+09:00,200,https://www.city.awaji.lg.jp/,淡路市ホームページ,ja,,custom,true,true,true,4cat_horizontal,true,Google_CSE,false,false,true,緊急・防災情報,true,false,true,false,,true,true,/site/userguide/accessibility.html,true,true,font_size+背景色,false,false,false,,,,,GA(G-1F6QNM1KNS); ReadSpeaker,,
S0221,兵庫県,淡路市,municipality,D,contact,https://www.city.awaji.lg.jp/soshiki/,2026-02-16T10:00:00+09:00,200,https://www.city.awaji.lg.jp/soshiki/,組織から探す,ja,,custom,true,true,true,4cat_horizontal,true,Google_CSE,true,false,false,,false,false,false,false,,true,true,/site/userguide/accessibility.html,true,true,font_size+背景色,false,false,false,,,,,組織一覧,,
S0221,兵庫県,淡路市,municipality,D,service,https://www.city.awaji.lg.jp/soshiki/kosodate/24380.html,2026-02-16T10:00:00+09:00,200,https://www.city.awaji.lg.jp/soshiki/kosodate/24380.html,児童手当,ja,,custom,true,true,true,4cat_horizontal,true,Google_CSE,true,true,false,,false,false,false,false,,true,true,/site/userguide/accessibility.html,true,true,font_size+背景色,true,false,true,PDF,,,,児童手当案内,,
S0221,兵庫県,淡路市,municipality,D,hub,https://www.city.awaji.lg.jp/life/,2026-02-16T10:00:00+09:00,200,https://www.city.awaji.lg.jp/life/,くらし,ja,,custom,true,true,true,4cat_horizontal,true,Google_CSE,true,false,false,,false,false,true,false,,true,true,/site/userguide/accessibility.html,true,true,font_size+背景色,false,false,false,,,,,くらしカテゴリ,,
S0221,兵庫県,淡路市,municipality,D,article,https://www.city.awaji.lg.jp/shisei/koho/,2026-02-16T10:00:00+09:00,200,https://www.city.awaji.lg.jp/shisei/koho/,広報あわじ,ja,,custom,true,true,true,4cat_horizontal,true,Google_CSE,true,true,false,,true,false,false,false,,true,true,/site/userguide/accessibility.html,true,true,font_size+背景色,true,false,true,PDF,,,,広報あわじバックナンバー,,
S0222,奈良県,十津川村,municipality,D,top,https://www.vill.totsukawa.lg.jp/,2026-02-16T10:00:00+09:00,200,https://www.vill.totsukawa.lg.jp/,十津川村公式ホームページ,ja,,custom,false,true,true,5cat_horizontal,true,keyword,false,false,true,緊急時・道路情報,true,false,true,true,carousel,true,true,,true,true,font_size+背景色,false,false,false,,,,,GTM(GTM-NKLMMJK); Google_Translate; SNS=X+FB+IG+YT,,
S0222,奈良県,十津川村,municipality,D,contact,https://www.vill.totsukawa.lg.jp/administration/,2026-02-16T10:00:00+09:00,200,https://www.vill.totsukawa.lg.jp/administration/,行政ガイド,ja,,custom,false,true,true,5cat_horizontal,true,keyword,true,false,false,,false,false,false,false,,true,true,,true,true,font_size+背景色,false,false,false,,,,,行政組織一覧,,
S0222,奈良県,十津川村,municipality,D,service,https://www.vill.totsukawa.lg.jp/life/child/kosodate/,2026-02-16T10:00:00+09:00,200,https://www.vill.totsukawa.lg.jp/life/child/kosodate/,子育て,ja,,custom,false,true,true,5cat_horizontal,true,keyword,true,true,false,,false,false,true,false,,true,true,,true,true,font_size+背景色,false,false,false,,,,,子育て支援; 児童手当含む,,
S0222,奈良県,十津川村,municipality,D,hub,https://www.vill.totsukawa.lg.jp/life/,2026-02-16T10:00:00+09:00,200,https://www.vill.totsukawa.lg.jp/life/,暮らしガイド,ja,,custom,false,true,true,5cat_horizontal,true,keyword,true,false,false,,false,false,true,false,,true,true,,true,true,font_size+背景色,false,false,false,,,,,くらしカテゴリ,,
S0222,奈良県,十津川村,municipality,D,article,https://www.vill.totsukawa.lg.jp/administration/gyousei/,2026-02-16T10:00:00+09:00,200,https://www.vill.totsukawa.lg.jp/administration/gyousei/,行政情報,ja,,custom,false,true,true,5cat_horizontal,true,keyword,true,true,false,,true,false,false,false,,true,true,,true,true,font_size+背景色,true,false,true,PDF,,,,行政情報・広報,,
S0223,奈良県,野迫川村,municipality,D,top,https://www.vill.nosegawa.nara.jp/,2026-02-16T10:00:00+09:00,200,https://www.vill.nosegawa.nara.jp/,野迫川村,ja,SMART CMS,SmartValue(lg-api),false,true,true,7cat_horizontal,true,keyword,false,false,false,,true,false,true,true,2-slide_carousel,false,false,,true,true,font_size+背景色(black/blue),false,false,false,,lg-api.smart-lgov.jp,,,雲海情報; 人口最少(離島除く); SNS=FB+X+IG,,
S0223,奈良県,野迫川村,municipality,D,contact,https://www.vill.nosegawa.nara.jp/soshiki/,2026-02-16T10:00:00+09:00,200,https://www.vill.nosegawa.nara.jp/soshiki/,組織から探す,ja,SMART CMS,SmartValue(lg-api),false,true,true,7cat_horizontal,true,keyword,true,false,false,,false,false,false,false,,false,false,,true,true,font_size+背景色(black/blue),false,false,false,,lg-api.smart-lgov.jp,,,組織一覧,,
S0223,奈良県,野迫川村,municipality,D,service,https://www.vill.nosegawa.nara.jp/top/life/education/263.html,2026-02-16T10:00:00+09:00,200,https://www.vill.nosegawa.nara.jp/top/life/education/263.html,村立中学校・小学校・保育所,ja,SMART CMS,SmartValue(lg-api),false,true,true,7cat_horizontal,true,keyword,true,true,false,,false,false,false,false,,false,false,,true,true,font_size+背景色(black/blue),true,false,false,,lg-api.smart-lgov.jp,,,児童手当専用ページなし; 教育関連で代替,,
S0223,奈良県,野迫川村,municipality,D,hub,https://www.vill.nosegawa.nara.jp/top/life/,2026-02-16T10:00:00+09:00,200,https://www.vill.nosegawa.nara.jp/top/life/,暮らしの情報,ja,SMART CMS,SmartValue(lg-api),false,true,true,7cat_horizontal,true,keyword,true,false,false,,false,false,true,false,,false,false,,true,true,font_size+背景色(black/blue),false,false,false,,lg-api.smart-lgov.jp,,,くらしカテゴリ,,
S0223,奈良県,野迫川村,municipality,D,article,https://www.vill.nosegawa.nara.jp/top/chosei/,2026-02-16T10:00:00+09:00,200,https://www.vill.nosegawa.nara.jp/top/chosei/,村政情報,ja,SMART CMS,SmartValue(lg-api),false,true,true,7cat_horizontal,true,keyword,true,true,false,,true,false,false,false,,false,false,,true,true,font_size+背景色(black/blue),true,false,true,PDF,lg-api.smart-lgov.jp,,,村政情報・広報,,
S0224,和歌山県,北山村,municipality,D,top,https://www.vill.kitayama.wakayama.jp/,2026-02-16T10:00:00+09:00,200,https://www.vill.kitayama.wakayama.jp/,和歌山県 北山村ホームページ,ja,,custom,true,false,true,6cat_horizontal,true,Google_CSE,false,false,false,,true,false,true,true,FlexSlider(4-slide),true,false,,true,true,font_size(小中大)+背景色,false,false,false,,,,,GA(UA-114690013-1); 飛び地の村; LINE+note,,
S0224,和歌山県,北山村,municipality,D,contact,https://www.vill.kitayama.wakayama.jp/jumin/,2026-02-16T10:00:00+09:00,200,https://www.vill.kitayama.wakayama.jp/jumin/,住民の方へ,ja,,custom,true,false,true,6cat_horizontal,true,Google_CSE,true,false,false,,false,false,false,false,,true,false,,true,true,font_size(小中大)+背景色,false,false,false,,,,,住民向け情報一覧,,
S0224,和歌山県,北山村,municipality,D,service,https://www.vill.kitayama.wakayama.jp/jumin/2019-0104-1616-16.html,2026-02-16T10:00:00+09:00,200,https://www.vill.kitayama.wakayama.jp/jumin/2019-0104-1616-16.html,児童扶養手当について,ja,,custom,true,false,true,6cat_horizontal,true,Google_CSE,true,true,false,,false,false,false,false,,true,false,,true,true,font_size(小中大)+背景色,true,false,true,PDF,,,,児童扶養手当; 児童手当専用ページ未確認,,
S0224,和歌山県,北山村,municipality,D,hub,https://www.vill.kitayama.wakayama.jp/jumin/,2026-02-16T10:00:00+09:00,200,https://www.vill.kitayama.wakayama.jp/jumin/,住民の方へ,ja,,custom,true,false,true,6cat_horizontal,true,Google_CSE,true,false,false,,false,false,true,false,,true,false,,true,true,font_size(小中大)+背景色,false,false,false,,,,,hub=住民向けトップ,,
S0224,和歌山県,北山村,municipality,D,article,https://www.vill.kitayama.wakayama.jp/about/,2026-02-16T10:00:00+09:00,200,https://www.vill.kitayama.wakayama.jp/about/,北山村について,ja,,custom,true,false,true,6cat_horizontal,true,Google_CSE,true,true,false,,true,false,false,false,,true,false,,true,true,font_size(小中大)+背景色,true,false,true,PDF,,,,村政情報,,
S0225,和歌山県,古座川町,municipality,D,top,https://www.town.kozagawa.wakayama.jp/,2026-02-16T10:00:00+09:00,dns_error,,,,,,false,false,false,,false,,false,false,false,,false,false,false,false,,false,false,,false,false,,false,false,false,,,,,ECONNREFUSED; サイト接続不可,,
S0031,鳥取県,鳥取県,prefecture,unknown,top,https://www.pref.tottori.lg.jp/,2026-02-16T10:00:00+09:00,200,https://www.pref.tottori.lg.jp/,鳥取県公式サイト,ja,,custom,true,true,true,5cat_horizontal,true,keyword,false,false,true,防災・緊急情報,true,false,true,true,carousel,true,true,,false,true,ReadSpeaker+font_size+背景色,false,false,false,,,,,GA; ReadSpeaker; font_size+背景色,,
S0031,鳥取県,鳥取県,prefecture,unknown,contact,https://www.pref.tottori.lg.jp/soshiki/,2026-02-16T10:00:00+09:00,200,https://www.pref.tottori.lg.jp/soshiki/,組織から探す,ja,,custom,true,true,true,5cat_horizontal,true,keyword,true,false,false,,false,false,false,false,,true,true,,false,true,ReadSpeaker+font_size+背景色,false,false,false,,,,,組織一覧,,
S0031,鳥取県,鳥取県,prefecture,unknown,service,https://www.pref.tottori.lg.jp/kosodate/jidouteate/,2026-02-16T10:00:00+09:00,200,https://www.pref.tottori.lg.jp/kosodate/jidouteate/,児童手当,ja,,custom,true,true,true,5cat_horizontal,true,keyword,true,true,false,,false,false,false,false,,true,true,,false,true,ReadSpeaker+font_size+背景色,true,false,true,PDF,,,,児童手当; 子育て支援,,
S0031,鳥取県,鳥取県,prefecture,unknown,hub,https://www.pref.tottori.lg.jp/kurashi/,2026-02-16T10:00:00+09:00,200,https://www.pref.tottori.lg.jp/kurashi/,くらし,ja,,custom,true,true,true,5cat_horizontal,true,keyword,true,false,false,,false,false,true,false,,true,true,,false,true,ReadSpeaker+font_size+背景色,false,false,false,,,,,くらしカテゴリ,,
S0031,鳥取県,鳥取県,prefecture,unknown,article,https://www.pref.tottori.lg.jp/kouhou/,2026-02-16T10:00:00+09:00,200,https://www.pref.tottori.lg.jp/kouhou/,県政だより,ja,,custom,true,true,true,5cat_horizontal,true,keyword,true,true,false,,true,false,false,false,,true,true,,false,true,ReadSpeaker+font_size+背景色,true,false,true,PDF,,,,県政だより; バックナンバー,,
S0032,島根県,島根県,prefecture,unknown,top,https://www.pref.shimane.lg.jp/,2026-02-16T10:00:00+09:00,200,https://www.pref.shimane.lg.jp/,島根県ホームページ,ja,,custom,true,true,true,8cat_horizontal,true,keyword,false,false,true,防災・災害情報,true,false,true,true,carousel,true,true,,false,true,font_size+背景色,false,false,false,,,,,GTM(GTM-K8T7BV9); 10言語,,
S0032,島根県,島根県,prefecture,unknown,contact,https://www.pref.shimane.lg.jp/soshiki/,2026-02-16T10:00:00+09:00,200,https://www.pref.shimane.lg.jp/soshiki/,組織から探す,ja,,custom,true,true,true,8cat_horizontal,true,keyword,true,false,false,,false,false,false,false,,true,true,,false,true,font_size+背景色,false,false,false,,,,,組織一覧,,
S0032,島根県,島根県,prefecture,unknown,service,https://www.pref.shimane.lg.jp/education/child/kosodate/jidouteate/,2026-02-16T10:00:00+09:00,200,https://www.pref.shimane.lg.jp/education/child/kosodate/jidouteate/,児童手当,ja,,custom,true,true,true,8cat_horizontal,true,keyword,true,true,false,,false,false,false,false,,true,true,,false,true,font_size+背景色,true,false,true,PDF,,,,児童手当; 子ども・子育て支援課,,
S0032,島根県,島根県,prefecture,unknown,hub,https://www.pref.shimane.lg.jp/life/,2026-02-16T10:00:00+09:00,200,https://www.pref.shimane.lg.jp/life/,暮らし・環境,ja,,custom,true,true,true,8cat_horizontal,true,keyword,true,false,false,,false,false,true,false,,true,true,,false,true,font_size+背景色,false,false,false,,,,,くらしカテゴリ,,
S0032,島根県,島根県,prefecture,unknown,article,https://www.pref.shimane.lg.jp/admin/seisaku/koho/,2026-02-16T10:00:00+09:00,200,https://www.pref.shimane.lg.jp/admin/seisaku/koho/,広報しまね,ja,,custom,true,true,true,8cat_horizontal,true,keyword,true,true,false,,true,false,false,false,,true,true,,false,true,font_size+背景色,true,false,true,PDF,,,,広報しまね; バックナンバー,,
S0033,岡山県,岡山県,prefecture,unknown,top,https://www.pref.okayama.jp/,2026-02-16T10:00:00+09:00,200,https://www.pref.okayama.jp/,岡山県ホームページ,ja,,custom,true,true,true,5cat_horizontal,true,Google_CSE,false,false,true,防災・緊急情報,true,false,true,true,Slick_carousel,true,true,,false,true,Google_Translate+font_size,false,false,false,,,,,GA; Google_Translate; Slick,,
S0033,岡山県,岡山県,prefecture,unknown,contact,https://www.pref.okayama.jp/soshiki/,2026-02-16T10:00:00+09:00,200,https://www.pref.okayama.jp/soshiki/,組織から探す,ja,,custom,true,true,true,5cat_horizontal,true,Google_CSE,true,false,false,,false,false,false,false,,true,true,,false,true,Google_Translate+font_size,false,false,false,,,,,組織一覧,,
S0033,岡山県,岡山県,prefecture,unknown,service,https://www.pref.okayama.jp/page/detail-4804.html,2026-02-16T10:00:00+09:00,200,https://www.pref.okayama.jp/page/detail-4804.html,児童手当,ja,,custom,true,true,true,5cat_horizontal,true,Google_CSE,true,true,false,,false,false,false,false,,true,true,,false,true,Google_Translate+font_size,true,false,true,PDF,,,,児童手当; 子ども家庭課,,
S0033,岡山県,岡山県,prefecture,unknown,hub,https://www.pref.okayama.jp/life/1/,2026-02-16T10:00:00+09:00,200,https://www.pref.okayama.jp/life/1/,くらし・環境,ja,,custom,true,true,true,5cat_horizontal,true,Google_CSE,true,false,false,,false,false,true,false,,true,true,,false,true,Google_Translate+font_size,false,false,false,,,,,くらしカテゴリ,,
S0033,岡山県,岡山県,prefecture,unknown,article,https://www.pref.okayama.jp/site/koucho/,2026-02-16T10:00:00+09:00,200,https://www.pref.okayama.jp/site/koucho/,晴れの国おかやま,ja,,custom,true,true,true,5cat_horizontal,true,Google_CSE,true,true,false,,true,false,false,false,,true,true,,false,true,Google_Translate+font_size,true,false,true,PDF,,,,県広報; バックナンバー,,
S0034,広島県,広島県,prefecture,unknown,top,https://www.pref.hiroshima.lg.jp/,2026-02-16T10:00:00+09:00,200,https://www.pref.hiroshima.lg.jp/,広島県ホームページ,ja,,custom,true,true,true,6cat_horizontal,true,Google_CSE,false,false,true,防災・緊急情報,true,false,true,true,carousel,true,true,,false,true,ReadSpeaker+font_size+背景色,false,false,false,,,,,GTM(GTM-THP29RB); ReadSpeaker; Google_CSE,,
S0034,広島県,広島県,prefecture,unknown,contact,https://www.pref.hiroshima.lg.jp/soshiki/,2026-02-16T10:00:00+09:00,200,https://www.pref.hiroshima.lg.jp/soshiki/,組織から探す,ja,,custom,true,true,true,6cat_horizontal,true,Google_CSE,true,false,false,,false,false,false,false,,true,true,,false,true,ReadSpeaker+font_size+背景色,false,false,false,,,,,組織一覧,,
S0034,広島県,広島県,prefecture,unknown,service,https://www.pref.hiroshima.lg.jp/soshiki/62/jidouteate.html,2026-02-16T10:00:00+09:00,200,https://www.pref.hiroshima.lg.jp/soshiki/62/jidouteate.html,児童手当,ja,,custom,true,true,true,6cat_horizontal,true,Google_CSE,true,true,false,,false,false,false,false,,true,true,,false,true,ReadSpeaker+font_size+背景色,true,false,true,PDF,,,,児童手当; こども家庭課,,
S0034,広島県,広島県,prefecture,unknown,hub,https://www.pref.hiroshima.lg.jp/life/1/,2026-02-16T10:00:00+09:00,200,https://www.pref.hiroshima.lg.jp/life/1/,くらし・環境,ja,,custom,true,true,true,6cat_horizontal,true,Google_CSE,true,false,false,,false,false,true,false,,true,true,,false,true,ReadSpeaker+font_size+背景色,false,false,false,,,,,くらしカテゴリ,,
S0034,広島県,広島県,prefecture,unknown,article,https://www.pref.hiroshima.lg.jp/site/kouhou/,2026-02-16T10:00:00+09:00,200,https://www.pref.hiroshima.lg.jp/site/kouhou/,県政広報,ja,,custom,true,true,true,6cat_horizontal,true,Google_CSE,true,true,false,,true,false,false,false,,true,true,,false,true,ReadSpeaker+font_size+背景色,true,false,true,PDF,,,,県政広報; バックナンバー,,
S0035,山口県,山口県,prefecture,unknown,top,https://www.pref.yamaguchi.lg.jp/,2026-02-16T10:00:00+09:00,200,https://www.pref.yamaguchi.lg.jp/,山口県ホームページ,ja,,custom,true,true,true,6cat_horizontal,true,Google_CSE,false,false,true,防災・緊急情報,true,false,true,true,carousel,true,true,,false,true,font_size+背景色,false,false,false,,,,,GTM(GTM-KV3XMSKL); Google_CSE; chatbot,,
S0035,山口県,山口県,prefecture,unknown,contact,https://www.pref.yamaguchi.lg.jp/soshiki/,2026-02-16T10:00:00+09:00,200,https://www.pref.yamaguchi.lg.jp/soshiki/,組織から探す,ja,,custom,true,true,true,6cat_horizontal,true,Google_CSE,true,false,false,,false,false,false,false,,true,true,,false,true,font_size+背景色,false,false,false,,,,,組織一覧,,
S0035,山口県,山口県,prefecture,unknown,service,https://www.pref.yamaguchi.lg.jp/cms/a13300/jidouteate/jidouteate.html,2026-02-16T10:00:00+09:00,200,https://www.pref.yamaguchi.lg.jp/cms/a13300/jidouteate/jidouteate.html,児童手当,ja,,custom,true,true,true,6cat_horizontal,true,Google_CSE,true,true,false,,false,false,false,false,,true,true,,false,true,font_size+背景色,true,false,true,PDF,,,,児童手当; 子ども・子育て支援課,,
S0035,山口県,山口県,prefecture,unknown,hub,https://www.pref.yamaguchi.lg.jp/life/1/,2026-02-16T10:00:00+09:00,200,https://www.pref.yamaguchi.lg.jp/life/1/,くらし・環境,ja,,custom,true,true,true,6cat_horizontal,true,Google_CSE,true,false,false,,false,false,true,false,,true,true,,false,true,font_size+背景色,false,false,false,,,,,くらしカテゴリ,,
S0035,山口県,山口県,prefecture,unknown,article,https://www.pref.yamaguchi.lg.jp/cms/a11000/kouhou/index.html,2026-02-16T10:00:00+09:00,200,https://www.pref.yamaguchi.lg.jp/cms/a11000/kouhou/index.html,ふれあい山口,ja,,custom,true,true,true,6cat_horizontal,true,Google_CSE,true,true,false,,true,false,false,false,,true,true,,false,true,font_size+背景色,true,false,true,PDF,,,,県広報; バックナンバー; chatbot,,
S0226,岡山県,岡山市,municipality,A,top,https://www.city.okayama.jp/,2026-02-16T10:00:00+09:00,200,https://www.city.okayama.jp/,岡山市,ja,,custom,true,true,true,6cat_horizontal,true,keyword,false,false,true,緊急情報,true,false,true,true,carousel,true,true,,false,true,ZoomSight+font_size,false,false,false,,,,,GTM(GTM-KJL8MMM); ZoomSight; 11言語,,
S0226,岡山県,岡山市,municipality,A,contact,https://www.city.okayama.jp/soshiki/,2026-02-16T10:00:00+09:00,200,https://www.city.okayama.jp/soshiki/,組織から探す,ja,,custom,true,true,true,6cat_horizontal,true,keyword,true,true,false,,false,false,false,false,,true,true,,false,true,ZoomSight+font_size,false,false,false,,,,,組織一覧,,
S0226,岡山県,岡山市,municipality,A,service,https://www.city.okayama.jp/kurashi/0000006418.html,2026-02-16T10:00:00+09:00,200,https://www.city.okayama.jp/kurashi/0000006418.html,児童手当,ja,,custom,true,true,true,6cat_horizontal,true,keyword,true,true,false,,false,false,false,false,,true,true,,false,true,ZoomSight+font_size,true,false,true,PDF,,,,児童手当; こども福祉課,,
S0226,岡山県,岡山市,municipality,A,hub,https://www.city.okayama.jp/kurashi/,2026-02-16T10:00:00+09:00,200,https://www.city.okayama.jp/kurashi/,くらし・手続き,ja,,custom,true,true,true,6cat_horizontal,true,keyword,true,false,false,,false,false,true,false,,true,true,,false,true,ZoomSight+font_size,false,false,false,,,,,くらしカテゴリ,,
S0226,岡山県,岡山市,municipality,A,article,https://www.city.okayama.jp/shisei/0000005217.html,2026-02-16T10:00:00+09:00,200,https://www.city.okayama.jp/shisei/0000005217.html,広報おかやま,ja,,custom,true,true,true,6cat_horizontal,true,keyword,true,true,false,,true,false,false,false,,true,true,,false,true,ZoomSight+font_size,true,false,true,PDF,,,,広報おかやま; バックナンバー,,
S0227,広島県,広島市,municipality,A,top,https://www.city.hiroshima.lg.jp/,2026-02-16T10:00:00+09:00,200,https://www.city.hiroshima.lg.jp/,広島市公式ホームページ,ja,FI.jQuery,FI系CMS,true,true,true,7cat_horizontal,true,keyword,false,false,true,防災・緊急情報,true,false,true,true,carousel,true,true,,false,true,font_size+背景色,false,false,false,,,,,GA(G-NYMN5G4F6T); j-server翻訳; Kuzen chatbot,,
S0227,広島県,広島市,municipality,A,contact,https://www.city.hiroshima.lg.jp/soshiki/,2026-02-16T10:00:00+09:00,200,https://www.city.hiroshima.lg.jp/soshiki/,組織から探す,ja,FI.jQuery,FI系CMS,true,true,true,7cat_horizontal,true,keyword,true,true,false,,false,false,false,false,,true,true,,false,true,font_size+背景色,false,false,false,,,,,組織一覧,,
S0227,広島県,広島市,municipality,A,service,https://www.city.hiroshima.lg.jp/soshiki/100/jidouteate.html,2026-02-16T10:00:00+09:00,200,https://www.city.hiroshima.lg.jp/soshiki/100/jidouteate.html,児童手当,ja,FI.jQuery,FI系CMS,true,true,true,7cat_horizontal,true,keyword,true,true,false,,false,false,false,false,,true,true,,false,true,font_size+背景色,true,false,true,PDF,,,,児童手当; こども未来局,,
S0227,広島県,広島市,municipality,A,hub,https://www.city.hiroshima.lg.jp/kurashi/,2026-02-16T10:00:00+09:00,200,https://www.city.hiroshima.lg.jp/kurashi/,くらし・手続き,ja,FI.jQuery,FI系CMS,true,true,true,7cat_horizontal,true,keyword,true,false,false,,false,false,true,false,,true,true,,false,true,font_size+背景色,false,false,false,,,,,くらしカテゴリ,,
S0227,広島県,広島市,municipality,A,article,https://www.city.hiroshima.lg.jp/shisei/koho/,2026-02-16T10:00:00+09:00,200,https://www.city.hiroshima.lg.jp/shisei/koho/,市民と市政,ja,FI.jQuery,FI系CMS,true,true,true,7cat_horizontal,true,keyword,true,true,false,,true,false,false,false,,true,true,,false,true,font_size+背景色,true,false,true,PDF,,,,市民と市政; バックナンバー,,
S0228,鳥取県,鳥取市,municipality,B,top,https://www.city.tottori.lg.jp/,2026-02-16T12:00:00+09:00,200,https://www.city.tottori.lg.jp/,鳥取市公式ウェブサイト,ja,,custom,true,true,true,8cat_horizontal,true,keyword,false,false,true,緊急情報,true,false,true,true,carousel,true,true,,false,true,ReadSpeaker+ルビ振り+font_size+背景色(4色),false,false,false,,,,,GA(G-D6P5ZTZTEW+UA-151141395-1); SNS=YT+LINE,,
S0228,鳥取県,鳥取市,municipality,B,contact,https://www.city.tottori.lg.jp/www/genre/1000000000535/index.html,2026-02-16T12:00:00+09:00,200,https://www.city.tottori.lg.jp/www/genre/1000000000535/index.html,組織から探す,ja,,custom,true,true,true,8cat_horizontal,true,keyword,true,false,false,,false,false,false,false,,true,true,,false,true,ReadSpeaker+ルビ振り+font_size+背景色(4色),false,false,false,,,,,組織一覧,,
S0228,鳥取県,鳥取市,municipality,B,service,https://www.city.tottori.lg.jp/www/contents/1305080362829/index.html,2026-02-16T12:00:00+09:00,200,https://www.city.tottori.lg.jp/www/contents/1305080362829/index.html,児童手当,ja,,custom,true,true,true,8cat_horizontal,true,keyword,true,true,false,,false,false,false,false,,true,true,,false,true,ReadSpeaker+ルビ振り+font_size+背景色(4色),true,false,true,PDF,,,,児童手当,,
S0228,鳥取県,鳥取市,municipality,B,hub,https://www.city.tottori.lg.jp/www/genre/1000000000001/index.html,2026-02-16T12:00:00+09:00,200,https://www.city.tottori.lg.jp/www/genre/1000000000001/index.html,くらし・手続き,ja,,custom,true,true,true,8cat_horizontal,true,keyword,true,false,false,,false,false,true,false,,true,true,,false,true,ReadSpeaker+ルビ振り+font_size+背景色(4色),false,false,false,,,,,くらしカテゴリ,,
S0228,鳥取県,鳥取市,municipality,B,article,https://www.city.tottori.lg.jp/www/genre/1000000000022/index.html,2026-02-16T12:00:00+09:00,200,https://www.city.tottori.lg.jp/www/genre/1000000000022/index.html,広報とっとり,ja,,custom,true,true,true,8cat_horizontal,true,keyword,true,false,false,,true,true,false,false,,true,true,,false,true,ReadSpeaker+ルビ振り+font_size+背景色(4色),true,false,false,,,,,広報紙,,
S0229,島根県,松江市,municipality,B,top,https://www.city.matsue.shimane.jp/,2026-02-16T12:00:00+09:00,dns_error,https://www.city.matsue.shimane.jp/,松江市ホームページ,ja,,unknown,false,false,false,,false,,false,false,false,,false,false,false,false,,false,false,,false,false,,false,false,false,,,,,ECONNREFUSED; www1サブドメインで運用,,
S0229,島根県,松江市,municipality,B,contact,https://www1.city.matsue.shimane.jp/soshiki/,2026-02-16T12:00:00+09:00,200,https://www1.city.matsue.shimane.jp/soshiki/,組織から探す,ja,,unknown,false,false,true,,true,keyword,true,false,false,,false,false,false,false,,true,false,,false,true,,false,false,false,,,,,www1サブドメイン,,
S0229,島根県,松江市,municipality,B,service,https://www1.city.matsue.shimane.jp/kyouiku/kosodate/teate/jidoufuyouteate.html,2026-02-16T12:00:00+09:00,200,https://www1.city.matsue.shimane.jp/kyouiku/kosodate/teate/jidoufuyouteate.html,児童扶養手当,ja,,unknown,false,false,true,,true,keyword,true,true,false,,false,false,false,false,,true,false,,false,true,,true,false,true,PDF,,,,児童扶養手当; www1サブドメイン,,
S0229,島根県,松江市,municipality,B,hub,https://www1.city.matsue.shimane.jp/kurashi/,2026-02-16T12:00:00+09:00,200,https://www1.city.matsue.shimane.jp/kurashi/,くらし,ja,,unknown,false,false,true,,true,keyword,true,false,false,,false,false,true,false,,true,false,,false,true,,false,false,false,,,,,www1サブドメイン,,
S0229,島根県,松江市,municipality,B,article,https://www1.city.matsue.shimane.jp/shisei/koho/,2026-02-16T12:00:00+09:00,200,https://www1.city.matsue.shimane.jp/shisei/koho/,広報松江,ja,,unknown,false,false,true,,true,keyword,true,false,false,,true,true,false,false,,true,false,,false,true,,true,false,false,,,,,www1サブドメイン,,
S0230,岡山県,倉敷市,municipality,B,top,https://www.city.kurashiki.okayama.jp/,2026-02-16T12:00:00+09:00,200,https://www.city.kurashiki.okayama.jp/,倉敷市ホームページ,ja,FI.jQuery,FI系CMS,true,true,true,8cat_horizontal,true,keyword+ページ番号,false,false,true,防災ポータル,true,false,true,true,carousel(8slides),true,true,,false,true,font_size+色,false,false,false,,,,,FI系CMS; SNS=LINE+IG+FB+X+YT+App,,
S0230,岡山県,倉敷市,municipality,B,contact,https://www.city.kurashiki.okayama.jp/dd.aspx?menuid=1087,2026-02-16T12:00:00+09:00,200,https://www.city.kurashiki.okayama.jp/dd.aspx?menuid=1087,組織から探す,ja,FI.jQuery,FI系CMS,true,true,true,8cat_horizontal,true,keyword+ページ番号,true,false,false,,false,false,false,false,,true,true,,false,true,font_size+色,false,false,false,,,,,組織一覧,,
S0230,岡山県,倉敷市,municipality,B,service,https://www.city.kurashiki.okayama.jp/kosodate/childcare/1012563/1004159/1004160/1013527.html,2026-02-16T12:00:00+09:00,200,https://www.city.kurashiki.okayama.jp/kosodate/childcare/1012563/1004159/1004160/1013527.html,児童手当,ja,FI.jQuery,FI系CMS,true,true,true,8cat_horizontal,true,keyword+ページ番号,true,true,false,,false,false,false,false,,true,true,,false,true,font_size+色,true,false,true,PDF,,,,児童手当,,
S0230,岡山県,倉敷市,municipality,B,hub,https://www.city.kurashiki.okayama.jp/kurashi/,2026-02-16T12:00:00+09:00,200,https://www.city.kurashiki.okayama.jp/kurashi/,くらし・手続き,ja,FI.jQuery,FI系CMS,true,true,true,8cat_horizontal,true,keyword+ページ番号,true,false,false,,false,false,true,false,,true,true,,false,true,font_size+色,false,false,false,,,,,くらしカテゴリ,,
S0230,岡山県,倉敷市,municipality,B,article,https://www.city.kurashiki.okayama.jp/shisei/koho/,2026-02-16T12:00:00+09:00,200,https://www.city.kurashiki.okayama.jp/shisei/koho/,広報くらしき,ja,FI.jQuery,FI系CMS,true,true,true,8cat_horizontal,true,keyword+ページ番号,true,false,false,,true,true,false,false,,true,true,,false,true,font_size+色,true,false,false,,,,,広報紙,,
S0231,広島県,福山市,municipality,B,top,https://www.city.fukuyama.hiroshima.jp/,2026-02-16T12:00:00+09:00,200,https://www.city.fukuyama.hiroshima.jp/,福山市ホームページ,ja,,custom,true,true,true,3cat_horizontal,true,keyword,false,false,true,防災情報,true,false,true,true,carousel,true,true,,false,true,font_size+背景色(3色)+音声読み上げ+やさしい日本語,false,false,false,,,,,GA(G-4JFD47ZEWM+UA-46956346-1),,
S0231,広島県,福山市,municipality,B,contact,https://www.city.fukuyama.hiroshima.jp/soshiki/,2026-02-16T12:00:00+09:00,200,https://www.city.fukuyama.hiroshima.jp/soshiki/,組織から探す,ja,,custom,true,true,true,3cat_horizontal,true,keyword,true,false,false,,false,false,false,false,,true,true,,false,true,font_size+背景色(3色)+音声読み上げ+やさしい日本語,false,false,false,,,,,組織一覧,,
S0231,広島県,福山市,municipality,B,service,https://www.city.fukuyama.hiroshima.jp/site/kosodate/413.html,2026-02-16T12:00:00+09:00,200,https://www.city.fukuyama.hiroshima.jp/site/kosodate/413.html,児童手当,ja,,custom,true,true,true,3cat_horizontal,true,keyword,true,true,false,,false,false,false,false,,true,true,,false,true,font_size+背景色(3色)+音声読み上げ+やさしい日本語,true,false,true,PDF,,,,児童手当,,
S0231,広島県,福山市,municipality,B,hub,https://www.city.fukuyama.hiroshima.jp/kurashi/,2026-02-16T12:00:00+09:00,200,https://www.city.fukuyama.hiroshima.jp/kurashi/,くらし・手続き,ja,,custom,true,true,true,3cat_horizontal,true,keyword,true,false,false,,false,false,true,false,,true,true,,false,true,font_size+背景色(3色)+音声読み上げ+やさしい日本語,false,false,false,,,,,くらしカテゴリ,,
S0231,広島県,福山市,municipality,B,article,https://www.city.fukuyama.hiroshima.jp/shisei/koho/,2026-02-16T12:00:00+09:00,200,https://www.city.fukuyama.hiroshima.jp/shisei/koho/,広報ふくやま,ja,,custom,true,true,true,3cat_horizontal,true,keyword,true,false,false,,true,true,false,false,,true,true,,false,true,font_size+背景色(3色)+音声読み上げ+やさしい日本語,true,false,false,,,,,広報紙,,
S0232,広島県,呉市,municipality,B,top,https://www.city.kure.lg.jp/,2026-02-16T12:00:00+09:00,200,https://www.city.kure.lg.jp/,呉市ホームページ,ja,,custom,true,true,true,4cat_horizontal,true,Google_CSE,false,false,true,能登半島地震支援,true,false,true,true,carousel,true,true,,false,true,font_size+背景色(白黒青)+やさしい日本語,false,false,false,,,,,GTM(GTM-P6L7JCJ7),,
S0232,広島県,呉市,municipality,B,contact,https://www.city.kure.lg.jp/soshiki/,2026-02-16T12:00:00+09:00,200,https://www.city.kure.lg.jp/soshiki/,組織から探す,ja,,custom,true,true,true,4cat_horizontal,true,Google_CSE,true,false,false,,false,false,false,false,,true,true,,false,true,font_size+背景色(白黒青)+やさしい日本語,false,false,false,,,,,組織一覧,,
S0232,広島県,呉市,municipality,B,service,https://www.city.kure.lg.jp/soshiki/60/kosodateonline20210401.html,2026-02-16T12:00:00+09:00,200,https://www.city.kure.lg.jp/soshiki/60/kosodateonline20210401.html,子育てオンライン申請,ja,,custom,true,true,true,4cat_horizontal,true,Google_CSE,true,true,false,,false,false,false,false,,true,true,,false,true,font_size+背景色(白黒青)+やさしい日本語,true,false,true,PDF,,,,子育てオンライン申請,,
S0232,広島県,呉市,municipality,B,hub,https://www.city.kure.lg.jp/kurashi/,2026-02-16T12:00:00+09:00,200,https://www.city.kure.lg.jp/kurashi/,くらし・手続き,ja,,custom,true,true,true,4cat_horizontal,true,Google_CSE,true,false,false,,false,false,true,false,,true,true,,false,true,font_size+背景色(白黒青)+やさしい日本語,false,false,false,,,,,くらしカテゴリ,,
S0232,広島県,呉市,municipality,B,article,https://www.city.kure.lg.jp/shisei/koho/,2026-02-16T12:00:00+09:00,200,https://www.city.kure.lg.jp/shisei/koho/,広報くれ,ja,,custom,true,true,true,4cat_horizontal,true,Google_CSE,true,false,false,,true,true,false,false,,true,true,,false,true,font_size+背景色(白黒青)+やさしい日本語,true,false,false,,,,,広報紙,,
S0233,山口県,下関市,municipality,B,top,https://www.city.shimonoseki.lg.jp/,2026-02-16T12:00:00+09:00,200,https://www.city.shimonoseki.lg.jp/,下関市ホームページ,ja,,custom,true,true,true,6cat_horizontal,true,keyword+PDF検索+ページID,false,false,true,緊急情報,true,false,true,true,carousel,true,true,,false,true,font_size+背景色+多言語,false,false,false,,,,,GA(G-M8GX8S4CLS+UA-221093085-2); SNS=FB+X+IG+LINE,,
S0233,山口県,下関市,municipality,B,contact,https://www.city.shimonoseki.lg.jp/soshiki/,2026-02-16T12:00:00+09:00,200,https://www.city.shimonoseki.lg.jp/soshiki/,組織から探す,ja,,custom,true,true,true,6cat_horizontal,true,keyword+PDF検索+ページID,true,false,false,,false,false,false,false,,true,true,,false,true,font_size+背景色+多言語,false,false,false,,,,,組織一覧,,
S0233,山口県,下関市,municipality,B,service,https://www.city.shimonoseki.lg.jp/soshiki/46/1634.html,2026-02-16T12:00:00+09:00,200,https://www.city.shimonoseki.lg.jp/soshiki/46/1634.html,児童手当,ja,,custom,true,true,true,6cat_horizontal,true,keyword+PDF検索+ページID,true,true,false,,false,false,false,false,,true,true,,false,true,font_size+背景色+多言語,true,false,true,PDF,,,,児童手当,,
S0233,山口県,下関市,municipality,B,hub,https://www.city.shimonoseki.lg.jp/life/,2026-02-16T12:00:00+09:00,200,https://www.city.shimonoseki.lg.jp/life/,くらし・手続き,ja,,custom,true,true,true,6cat_horizontal,true,keyword+PDF検索+ページID,true,false,false,,false,false,true,false,,true,true,,false,true,font_size+背景色+多言語,false,false,false,,,,,くらしカテゴリ,,
S0233,山口県,下関市,municipality,B,article,https://www.city.shimonoseki.lg.jp/shisei/koho/,2026-02-16T12:00:00+09:00,200,https://www.city.shimonoseki.lg.jp/shisei/koho/,広報しものせき,ja,,custom,true,true,true,6cat_horizontal,true,keyword+PDF検索+ページID,true,false,false,,true,true,false,false,,true,true,,false,true,font_size+背景色+多言語,true,false,false,,,,,広報紙,,
S0235,鳥取県,米子市,municipality,C,top,https://www.city.yonago.lg.jp/,2026-02-16T12:00:00+09:00,200,https://www.city.yonago.lg.jp/,米子市ホームページ,ja,,i-site,true,true,true,7cat_horizontal,true,Google_CSE+FAQ,false,false,true,災害支援情報,true,false,true,true,carousel,true,true,,false,true,ふりがな+音声読み上げ+font_size+色,false,false,false,,,,,GA(G-NYRQ7QT6J2+UA-21792388-1); SNS=FB+IG+X+YT+LINE,,
S0235,鳥取県,米子市,municipality,C,contact,https://www.city.yonago.lg.jp/soshiki/,2026-02-16T12:00:00+09:00,200,https://www.city.yonago.lg.jp/soshiki/,組織から探す,ja,,i-site,true,true,true,7cat_horizontal,true,Google_CSE+FAQ,true,false,false,,false,false,false,false,,true,true,,false,true,ふりがな+音声読み上げ+font_size+色,false,false,false,,,,,組織一覧,,
S0235,鳥取県,米子市,municipality,C,service,https://www.city.yonago.lg.jp/12054.htm,2026-02-16T12:00:00+09:00,200,https://www.city.yonago.lg.jp/12054.htm,児童手当,ja,,i-site,true,true,true,7cat_horizontal,true,Google_CSE+FAQ,true,true,false,,false,false,false,false,,true,true,,false,true,ふりがな+音声読み上げ+font_size+色,true,false,true,PDF,,,,児童手当,,
S0235,鳥取県,米子市,municipality,C,hub,https://www.city.yonago.lg.jp/genre1/,2026-02-16T12:00:00+09:00,200,https://www.city.yonago.lg.jp/genre1/,くらし,ja,,i-site,true,true,true,7cat_horizontal,true,Google_CSE+FAQ,true,false,false,,false,false,true,false,,true,true,,false,true,ふりがな+音声読み上げ+font_size+色,false,false,false,,,,,くらしカテゴリ,,
S0235,鳥取県,米子市,municipality,C,article,https://www.city.yonago.lg.jp/genre2/,2026-02-16T12:00:00+09:00,200,https://www.city.yonago.lg.jp/genre2/,広報よなご,ja,,i-site,true,true,true,7cat_horizontal,true,Google_CSE+FAQ,true,false,false,,true,true,false,false,,true,true,,false,true,ふりがな+音声読み上げ+font_size+色,true,false,false,,,,,広報紙,,
S0236,島根県,出雲市,municipality,C,top,https://www.city.izumo.shimane.jp/,2026-02-16T13:00:00+09:00,200,https://www.city.izumo.shimane.jp/,出雲市公式ホームページ,ja,,custom,true,true,true,4cat_horizontal,true,keyword,false,false,true,防災情報,true,false,true,true,carousel,true,true,,true,true,font_size+背景色(白黒青)+ふりがな,false,false,false,,,,,GTM(GTM-KS6R7MV); 多言語(英葡中韓),,
S0236,島根県,出雲市,municipality,C,contact,https://www.city.izumo.shimane.jp/www/genre/1000000000535/index.html,2026-02-16T13:00:00+09:00,200,https://www.city.izumo.shimane.jp/www/genre/1000000000535/index.html,組織から探す,ja,,custom,true,true,true,4cat_horizontal,true,keyword,true,false,false,,false,false,false,false,,true,true,,true,true,font_size+背景色(白黒青)+ふりがな,false,false,false,,,,,組織一覧,,
S0236,島根県,出雲市,municipality,C,service,https://www.city.izumo.shimane.jp/www/contents/1472444471893/index.html,2026-02-16T13:00:00+09:00,200,https://www.city.izumo.shimane.jp/www/contents/1472444471893/index.html,児童手当,ja,,custom,true,true,true,4cat_horizontal,true,keyword,true,true,false,,false,false,false,false,,true,true,,true,true,font_size+背景色(白黒青)+ふりがな,true,false,true,PDF,,,,児童手当,,
S0236,島根県,出雲市,municipality,C,hub,https://www.city.izumo.shimane.jp/www/genre/1000000000001/index.html,2026-02-16T13:00:00+09:00,200,https://www.city.izumo.shimane.jp/www/genre/1000000000001/index.html,くらし,ja,,custom,true,true,true,4cat_horizontal,true,keyword,true,false,false,,false,false,true,false,,true,true,,true,true,font_size+背景色(白黒青)+ふりがな,false,false,false,,,,,くらしカテゴリ,,
S0236,島根県,出雲市,municipality,C,article,https://www.city.izumo.shimane.jp/www/genre/1000000000022/index.html,2026-02-16T13:00:00+09:00,200,https://www.city.izumo.shimane.jp/www/genre/1000000000022/index.html,広報いずも,ja,,custom,true,true,true,4cat_horizontal,true,keyword,true,false,false,,true,true,false,false,,true,true,,true,true,font_size+背景色(白黒青)+ふりがな,true,false,false,,,,,広報紙,,
S0237,岡山県,津山市,municipality,C,top,https://www.city.tsuyama.lg.jp/,2026-02-16T13:00:00+09:00,200,https://www.city.tsuyama.lg.jp/,津山市公式サイト,ja,,custom,true,true,true,6cat_horizontal,true,keyword,false,false,true,緊急情報,true,false,true,true,carousel,true,true,,false,true,font_size+背景色,false,false,false,,,,,GA(G-9ND068Y294); UserLocalチャットボット,,
S0237,岡山県,津山市,municipality,C,contact,https://www.city.tsuyama.lg.jp/soshiki/,2026-02-16T13:00:00+09:00,200,https://www.city.tsuyama.lg.jp/soshiki/,組織から探す,ja,,custom,true,true,true,6cat_horizontal,true,keyword,true,false,false,,false,false,false,false,,true,true,,false,true,font_size+背景色,false,false,false,,,,,組織一覧,,
S0237,岡山県,津山市,municipality,C,service,https://www.city.tsuyama.lg.jp/life/index2.php?id=653,2026-02-16T13:00:00+09:00,200,https://www.city.tsuyama.lg.jp/life/index2.php?id=653,児童手当,ja,,custom,true,true,true,6cat_horizontal,true,keyword,true,true,false,,false,false,false,false,,true,true,,false,true,font_size+背景色,true,false,true,PDF,,,,児童手当,,
S0237,岡山県,津山市,municipality,C,hub,https://www.city.tsuyama.lg.jp/life/,2026-02-16T13:00:00+09:00,200,https://www.city.tsuyama.lg.jp/life/,くらし・手続き,ja,,custom,true,true,true,6cat_horizontal,true,keyword,true,false,false,,false,false,true,false,,true,true,,false,true,font_size+背景色,false,false,false,,,,,くらしカテゴリ,,
S0237,岡山県,津山市,municipality,C,article,https://www.city.tsuyama.lg.jp/shisei/koho/,2026-02-16T13:00:00+09:00,200,https://www.city.tsuyama.lg.jp/shisei/koho/,広報つやま,ja,,custom,true,true,true,6cat_horizontal,true,keyword,true,false,false,,true,true,false,false,,true,true,,false,true,font_size+背景色,true,false,false,,,,,広報紙,,
S0239,広島県,尾道市,municipality,C,top,https://www.city.onomichi.hiroshima.jp/,2026-02-16T13:00:00+09:00,200,https://www.city.onomichi.hiroshima.jp/,尾道市ホームページ,ja,,custom,true,true,true,7cat_horizontal,true,keyword+ページID,false,false,true,防災情報,true,false,true,true,carousel(4slides),true,true,,true,true,ReadSpeaker+ふりがな+font_size+背景色(白黒青),false,false,false,,,,,GA(G-29T7ZY516W+UA-60138278-1); KanaboVoice; SNS=IG+LINE,,
S0239,広島県,尾道市,municipality,C,contact,https://www.city.onomichi.hiroshima.jp/soshiki/,2026-02-16T13:00:00+09:00,200,https://www.city.onomichi.hiroshima.jp/soshiki/,組織から探す,ja,,custom,true,true,true,7cat_horizontal,true,keyword+ページID,true,false,false,,false,false,false,false,,true,true,,true,true,ReadSpeaker+ふりがな+font_size+背景色(白黒青),false,false,false,,,,,組織一覧,,
S0239,広島県,尾道市,municipality,C,service,https://www.city.onomichi.hiroshima.jp/site/onohug/2006.html,2026-02-16T13:00:00+09:00,200,https://www.city.onomichi.hiroshima.jp/site/onohug/2006.html,児童手当について,ja,,custom,true,true,true,7cat_horizontal,true,keyword+ページID,true,true,false,,false,false,false,false,,true,true,,true,true,ReadSpeaker+ふりがな+font_size+背景色(白黒青),true,false,true,PDF,,,,児童手当,,
S0239,広島県,尾道市,municipality,C,hub,https://www.city.onomichi.hiroshima.jp/kurashi/,2026-02-16T13:00:00+09:00,200,https://www.city.onomichi.hiroshima.jp/kurashi/,くらし,ja,,custom,true,true,true,7cat_horizontal,true,keyword+ページID,true,false,false,,false,false,true,false,,true,true,,true,true,ReadSpeaker+ふりがな+font_size+背景色(白黒青),false,false,false,,,,,くらしカテゴリ,,
S0239,広島県,尾道市,municipality,C,article,https://www.city.onomichi.hiroshima.jp/shisei/koho/,2026-02-16T13:00:00+09:00,200,https://www.city.onomichi.hiroshima.jp/shisei/koho/,広報おのみち,ja,,custom,true,true,true,7cat_horizontal,true,keyword+ページID,true,false,false,,true,true,false,false,,true,true,,true,true,ReadSpeaker+ふりがな+font_size+背景色(白黒青),true,false,false,,,,,広報紙,,
S0240,山口県,周南市,municipality,C,top,https://www.city.shunan.lg.jp/,2026-02-16T13:00:00+09:00,200,https://www.city.shunan.lg.jp/,周南市ホームページ,ja,,custom,true,true,true,8cat_horizontal,true,Google_CSE,false,false,true,林野火災警報,true,false,true,false,,true,true,,true,true,ReadSpeaker+font_size+背景色(白黒青),false,false,false,,,,,GA(G-JHD69S0DJY+UA-68530772-1); SNS=YT+FB,,
S0240,山口県,周南市,municipality,C,contact,https://www.city.shunan.lg.jp/soshiki/,2026-02-16T13:00:00+09:00,200,https://www.city.shunan.lg.jp/soshiki/,組織から探す,ja,,custom,true,true,true,8cat_horizontal,true,Google_CSE,true,false,false,,false,false,false,false,,true,true,,true,true,ReadSpeaker+font_size+背景色(白黒青),false,false,false,,,,,組織一覧,,
S0240,山口県,周南市,municipality,C,service,https://www.city.shunan.lg.jp/site/kodomosien/2723.html,2026-02-16T13:00:00+09:00,200,https://www.city.shunan.lg.jp/site/kodomosien/2723.html,児童手当制度,ja,,custom,true,true,true,8cat_horizontal,true,Google_CSE,true,true,false,,false,false,false,false,,true,true,,true,true,ReadSpeaker+font_size+背景色(白黒青),true,false,true,PDF,,,,児童手当,,
S0240,山口県,周南市,municipality,C,hub,https://www.city.shunan.lg.jp/kurashi/,2026-02-16T13:00:00+09:00,200,https://www.city.shunan.lg.jp/kurashi/,くらし・手続き,ja,,custom,true,true,true,8cat_horizontal,true,Google_CSE,true,false,false,,false,false,true,false,,true,true,,true,true,ReadSpeaker+font_size+背景色(白黒青),false,false,false,,,,,くらしカテゴリ,,
S0240,山口県,周南市,municipality,C,article,https://www.city.shunan.lg.jp/shisei/koho/,2026-02-16T13:00:00+09:00,200,https://www.city.shunan.lg.jp/shisei/koho/,広報しゅうなん,ja,,custom,true,true,true,8cat_horizontal,true,Google_CSE,true,false,false,,true,true,false,false,,true,true,,true,true,ReadSpeaker+font_size+背景色(白黒青),true,false,false,,,,,広報紙,,
S0241,山口県,防府市,municipality,C,top,https://www.city.hofu.yamaguchi.jp/,2026-02-16T13:00:00+09:00,200,https://www.city.hofu.yamaguchi.jp/,防府市公式ホームページ,ja,,custom,true,true,true,8cat_horizontal,true,keyword,false,false,true,林野火災注意報,true,false,true,true,carousel(9slides),true,true,,true,true,font_size+背景色(白黒青),false,false,false,,,,,GA(G-ZKZ7M150PN+UA-15131772-1); SNS=IG+FB+LINE,,
S0241,山口県,防府市,municipality,C,contact,https://www.city.hofu.yamaguchi.jp/soshiki/,2026-02-16T13:00:00+09:00,200,https://www.city.hofu.yamaguchi.jp/soshiki/,組織から探す,ja,,custom,true,true,true,8cat_horizontal,true,keyword,true,false,false,,false,false,false,false,,true,true,,true,true,font_size+背景色(白黒青),false,false,false,,,,,組織一覧,,
S0241,山口県,防府市,municipality,C,service,https://www.city.hofu.yamaguchi.jp/soshiki/19/jidoteate-5030104.html,2026-02-16T13:00:00+09:00,200,https://www.city.hofu.yamaguchi.jp/soshiki/19/jidoteate-5030104.html,児童手当制度,ja,,custom,true,true,true,8cat_horizontal,true,keyword,true,true,false,,false,false,false,false,,true,true,,true,true,font_size+背景色(白黒青),true,false,true,PDF,,,,児童手当,,
S0241,山口県,防府市,municipality,C,hub,https://www.city.hofu.yamaguchi.jp/life/,2026-02-16T13:00:00+09:00,200,https://www.city.hofu.yamaguchi.jp/life/,くらし・手続き,ja,,custom,true,true,true,8cat_horizontal,true,keyword,true,false,false,,false,false,true,false,,true,true,,true,true,font_size+背景色(白黒青),false,false,false,,,,,くらしカテゴリ,,
S0241,山口県,防府市,municipality,C,article,https://www.city.hofu.yamaguchi.jp/shisei/koho/,2026-02-16T13:00:00+09:00,200,https://www.city.hofu.yamaguchi.jp/shisei/koho/,広報ほうふ,ja,,custom,true,true,true,8cat_horizontal,true,keyword,true,false,false,,true,true,false,false,,true,true,,true,true,font_size+背景色(白黒青),true,false,false,,,,,広報紙,,
S0242,島根県,隠岐の島町,municipality,D,top,https://www.town.okinoshima.shimane.jp/,2026-02-16T13:00:00+09:00,200,https://www.town.okinoshima.shimane.jp/,隠岐の島町,ja,,custom,true,true,true,4cat_horizontal,true,Google_CSE,false,false,false,,true,false,true,true,bxSlider,true,false,,true,true,font_size(標準大特大)+背景色(標準青黄黒),false,false,false,,,,,GA(G-TWC9WGV246); 多言語(英中韓),,
S0242,島根県,隠岐の島町,municipality,D,contact,https://www.town.okinoshima.shimane.jp/www/genre/1000000000535/index.html,2026-02-16T13:00:00+09:00,200,https://www.town.okinoshima.shimane.jp/www/genre/1000000000535/index.html,組織から探す,ja,,custom,true,true,true,4cat_horizontal,true,Google_CSE,true,false,false,,false,false,false,false,,true,false,,true,true,font_size(標準大特大)+背景色(標準青黄黒),false,false,false,,,,,組織一覧,,
S0242,島根県,隠岐の島町,municipality,D,service,https://www.town.okinoshima.shimane.jp/www/genre/1000100000086/index.html,2026-02-16T13:00:00+09:00,200,https://www.town.okinoshima.shimane.jp/www/genre/1000100000086/index.html,子育て支援,ja,,custom,true,true,true,4cat_horizontal,true,Google_CSE,true,true,false,,false,false,false,false,,true,false,,true,true,font_size(標準大特大)+背景色(標準青黄黒),true,false,true,PDF,,,,子育て支援カテゴリ,,
S0242,島根県,隠岐の島町,municipality,D,hub,https://www.town.okinoshima.shimane.jp/www/genre/1000000000001/index.html,2026-02-16T13:00:00+09:00,200,https://www.town.okinoshima.shimane.jp/www/genre/1000000000001/index.html,くらし,ja,,custom,true,true,true,4cat_horizontal,true,Google_CSE,true,false,false,,false,false,true,false,,true,false,,true,true,font_size(標準大特大)+背景色(標準青黄黒),false,false,false,,,,,くらしカテゴリ,,
S0242,島根県,隠岐の島町,municipality,D,article,https://www.town.okinoshima.shimane.jp/www/genre/1000000000022/index.html,2026-02-16T13:00:00+09:00,200,https://www.town.okinoshima.shimane.jp/www/genre/1000000000022/index.html,広報おきのしま,ja,,custom,true,true,true,4cat_horizontal,true,Google_CSE,true,false,false,,true,true,false,false,,true,false,,true,true,font_size(標準大特大)+背景色(標準青黄黒),true,false,false,,,,,広報紙,,
S0243,島根県,奥出雲町,municipality,D,top,https://www.town.okuizumo.shimane.jp/,2026-02-16T13:00:00+09:00,200,https://www.town.okuizumo.shimane.jp/,奥出雲町,ja,,custom,true,true,true,6cat_horizontal,true,keyword,false,false,true,地震情報,true,false,true,true,bxSlider,true,true,,true,true,font_size+コントラスト,false,false,false,,,,,GA(G-ZD5HWDG2N0+UA-137254118-1); SNS=LINE+IG+FB+YT,,
S0243,島根県,奥出雲町,municipality,D,contact,https://www.town.okuizumo.shimane.jp/www/genre/1000000000535/index.html,2026-02-16T13:00:00+09:00,200,https://www.town.okuizumo.shimane.jp/www/genre/1000000000535/index.html,組織から探す,ja,,custom,true,true,true,6cat_horizontal,true,keyword,true,false,false,,false,false,false,false,,true,true,,true,true,font_size+コントラスト,false,false,false,,,,,組織一覧,,
S0243,島根県,奥出雲町,municipality,D,service,https://www.town.okuizumo.shimane.jp/www/contents/1001000000420/index.html,2026-02-16T13:00:00+09:00,200,https://www.town.okuizumo.shimane.jp/www/contents/1001000000420/index.html,児童手当・医療費助成等,ja,,custom,true,true,true,6cat_horizontal,true,keyword,true,true,false,,false,false,false,false,,true,true,,true,true,font_size+コントラスト,true,false,true,PDF,,,,児童手当・医療費助成等,,
S0243,島根県,奥出雲町,municipality,D,hub,https://www.town.okuizumo.shimane.jp/www/genre/1000000000001/index.html,2026-02-16T13:00:00+09:00,200,https://www.town.okuizumo.shimane.jp/www/genre/1000000000001/index.html,暮らし,ja,,custom,true,true,true,6cat_horizontal,true,keyword,true,false,false,,false,false,true,false,,true,true,,true,true,font_size+コントラスト,false,false,false,,,,,くらしカテゴリ,,
S0243,島根県,奥出雲町,municipality,D,article,https://www.town.okuizumo.shimane.jp/www/genre/1000000000022/index.html,2026-02-16T13:00:00+09:00,200,https://www.town.okuizumo.shimane.jp/www/genre/1000000000022/index.html,広報おくいずも,ja,,custom,true,true,true,6cat_horizontal,true,keyword,true,false,false,,true,true,false,false,,true,true,,true,true,font_size+コントラスト,true,false,false,,,,,広報紙,,
S0244,岡山県,新庄村,municipality,D,top,http://www.vill.shinjo.okayama.jp/,2026-02-16T14:00:00+09:00,dns_error,http://www.vill.shinjo.okayama.jp/,新庄村,ja,,custom,false,false,false,,false,,false,false,false,,false,false,false,false,,false,false,,false,false,,false,false,false,,,,,ECONNREFUSED; HTTP運用; index.php?id=パス構成,,
S0244,岡山県,新庄村,municipality,D,contact,http://www.vill.shinjo.okayama.jp/index.php?id=87,2026-02-16T14:00:00+09:00,dns_error,http://www.vill.shinjo.okayama.jp/index.php?id=87,お問い合わせ,ja,,custom,false,false,false,,false,,false,false,false,,false,false,false,false,,false,false,,false,false,,false,false,false,,,,,ECONNREFUSED,,
S0244,岡山県,新庄村,municipality,D,service,http://www.vill.shinjo.okayama.jp/index.php?id=61,2026-02-16T14:00:00+09:00,dns_error,http://www.vill.shinjo.okayama.jp/index.php?id=61,くらしガイド,ja,,custom,false,false,false,,false,,false,false,false,,false,false,false,false,,false,false,,false,false,,false,false,false,,,,,ECONNREFUSED,,
S0244,岡山県,新庄村,municipality,D,hub,http://www.vill.shinjo.okayama.jp/index.php?id=1,2026-02-16T14:00:00+09:00,dns_error,http://www.vill.shinjo.okayama.jp/index.php?id=1,トップページ,ja,,custom,false,false,false,,false,,false,false,false,,false,false,false,false,,false,false,,false,false,,false,false,false,,,,,ECONNREFUSED,,
S0244,岡山県,新庄村,municipality,D,article,http://www.vill.shinjo.okayama.jp/index.php?id=140,2026-02-16T14:00:00+09:00,dns_error,http://www.vill.shinjo.okayama.jp/index.php?id=140,各種計画,ja,,custom,false,false,false,,false,,false,false,false,,false,false,false,false,,false,false,,false,false,,false,false,false,,,,,ECONNREFUSED,,
S0245,広島県,神石高原町,municipality,D,top,https://www.jinsekigun.jp/,2026-02-16T14:00:00+09:00,200,https://www.jinsekigun.jp/,神石高原町,ja,,custom,false,true,true,6cat_horizontal,false,,false,false,false,,true,false,true,true,carousel,false,false,,false,false,,false,false,false,,,,,GA(G-30BV1BR5J0); JS必須; SNS=FB+IG+X,,
S0245,広島県,神石高原町,municipality,D,contact,https://www.jinsekigun.jp/town/formation/,2026-02-16T14:00:00+09:00,200,https://www.jinsekigun.jp/town/formation/,役場案内,ja,,custom,false,true,true,6cat_horizontal,false,,true,false,false,,false,false,false,false,,false,false,,false,false,,false,false,false,,,,,組織一覧,,
S0245,広島県,神石高原町,municipality,D,service,https://www.jinsekigun.jp/town/2/teate/,2026-02-16T14:00:00+09:00,200,https://www.jinsekigun.jp/town/2/teate/,手当・助成,ja,,custom,false,true,true,6cat_horizontal,false,,true,true,false,,false,false,false,false,,false,false,,false,false,,true,false,true,PDF,,,,手当・助成カテゴリ,,
S0245,広島県,神石高原町,municipality,D,hub,https://www.jinsekigun.jp/town/2/,2026-02-16T14:00:00+09:00,200,https://www.jinsekigun.jp/town/2/,くらし・行政,ja,,custom,false,true,true,6cat_horizontal,false,,true,false,false,,false,false,true,false,,false,false,,false,false,,false,false,false,,,,,くらしカテゴリ,,
S0245,広島県,神石高原町,municipality,D,article,https://www.jinsekigun.jp/town/formation/kosodate/,2026-02-16T14:00:00+09:00,200,https://www.jinsekigun.jp/town/formation/kosodate/,子育て応援課,ja,,custom,false,true,true,6cat_horizontal,false,,true,false,false,,true,true,false,false,,false,false,,false,false,,true,false,false,,,,,子育て応援課,,
S0246,山口県,阿武町,municipality,D,top,https://www.town.abu.lg.jp/,2026-02-16T14:00:00+09:00,200,https://www.town.abu.lg.jp/,阿武町役場,ja,WordPress,WordPress,false,true,true,2cat_horizontal,true,keyword,false,false,true,救急医療,true,false,true,true,carousel(13+),true,false,,false,false,,false,false,false,,,,,WordPress 6.5.7; GA(UA-102206941-1); SNS=FB+IG+X,,
S0246,山口県,阿武町,municipality,D,contact,https://www.town.abu.lg.jp/guide/,2026-02-16T14:00:00+09:00,200,https://www.town.abu.lg.jp/guide/,暮らしの総合案内,ja,WordPress,WordPress,false,true,true,2cat_horizontal,true,keyword,true,false,false,,false,false,false,false,,true,false,,false,false,,false,false,false,,,,,暮らし総合案内,,
S0246,山口県,阿武町,municipality,D,service,http://www.town.abu.lg.jp/guide/zidouhuyouteatenosikyuu/,2026-02-16T14:00:00+09:00,200,http://www.town.abu.lg.jp/guide/zidouhuyouteatenosikyuu/,児童扶養手当の支給,ja,WordPress,WordPress,false,true,true,2cat_horizontal,true,keyword,true,true,false,,false,false,false,false,,true,false,,false,false,,true,false,true,PDF,,,,児童扶養手当,,
S0246,山口県,阿武町,municipality,D,hub,https://www.town.abu.lg.jp/guide/,2026-02-16T14:00:00+09:00,200,https://www.town.abu.lg.jp/guide/,暮らしの総合案内,ja,WordPress,WordPress,false,true,true,2cat_horizontal,true,keyword,true,false,false,,false,false,true,false,,true,false,,false,false,,false,false,false,,,,,くらしカテゴリ,,
S0246,山口県,阿武町,municipality,D,article,https://www.town.abu.lg.jp/,2026-02-16T14:00:00+09:00,200,https://www.town.abu.lg.jp/,阿武町役場,ja,WordPress,WordPress,false,true,true,2cat_horizontal,true,keyword,false,false,true,救急医療,true,true,false,false,,true,false,,false,false,,true,false,false,,,,,トップ=記事一覧兼用,,
S0247,島根県,美郷町,municipality,D,top,https://www.town.shimane-misato.lg.jp/,2026-02-16T14:00:00+09:00,200,https://www.town.shimane-misato.lg.jp/,島根県美郷町,ja,WordPress,WordPress,false,true,true,5cat_horizontal,false,,false,false,false,,true,false,true,true,banner,true,false,,false,false,,false,false,false,,,,,WordPress; GA(UA-149161372-1); SNS=FB+X+IG+LINE+YT+note,,
S0247,島根県,美郷町,municipality,D,contact,https://www.town.shimane-misato.lg.jp/personaldata/,2026-02-16T14:00:00+09:00,200,https://www.town.shimane-misato.lg.jp/personaldata/,個人情報保護,ja,WordPress,WordPress,false,true,true,5cat_horizontal,false,,true,false,false,,false,false,false,false,,true,false,,false,false,,false,false,false,,,,,個人情報保護ページ,,
S0247,島根県,美郷町,municipality,D,service,https://www.town.shimane-misato.lg.jp/,2026-02-16T14:00:00+09:00,200,https://www.town.shimane-misato.lg.jp/,島根県美郷町,ja,WordPress,WordPress,false,true,true,5cat_horizontal,false,,false,false,false,,true,false,true,true,banner,true,false,,false,false,,false,false,false,,,,,児童手当ページ未発見; トップ代替,,
S0247,島根県,美郷町,municipality,D,hub,https://www.town.shimane-misato.lg.jp/,2026-02-16T14:00:00+09:00,200,https://www.town.shimane-misato.lg.jp/,島根県美郷町,ja,WordPress,WordPress,false,true,true,5cat_horizontal,false,,false,false,false,,true,false,true,true,banner,true,false,,false,false,,false,false,false,,,,,くらしカテゴリ; トップ代替,,
S0247,島根県,美郷町,municipality,D,article,https://www.town.shimane-misato.lg.jp/,2026-02-16T14:00:00+09:00,200,https://www.town.shimane-misato.lg.jp/,島根県美郷町,ja,WordPress,WordPress,false,true,true,5cat_horizontal,false,,false,false,false,,true,true,false,false,,true,false,,false,false,,true,false,false,,,,,記事ページ; トップ代替,,
S0036,徳島県,徳島県,prefecture,unknown,top,https://www.pref.tokushima.lg.jp/,2026-02-16T15:00:00+09:00,200,https://www.pref.tokushima.lg.jp/,徳島県ホームページ,ja,cms_public,custom,false,true,true,5cat_horizontal,true,category_filter,false,false,true,防災・緊急情報,true,false,true,true,slick_carousel,true,true,,true,true,font_size(小標準大)+背景色+音声読み上げ+やさしいブラウザ,false,false,false,,,,,GA(G-5BGLEP1Y54); SNS=X+FB+IG+LINE+YT,,
S0036,徳島県,徳島県,prefecture,unknown,contact,https://www.pref.tokushima.lg.jp/kenseijoho/soshiki/,2026-02-16T15:00:00+09:00,200,https://www.pref.tokushima.lg.jp/kenseijoho/soshiki/,組織から探す,ja,cms_public,custom,false,true,true,5cat_horizontal,true,category_filter,true,false,false,,false,false,false,false,,true,true,,true,true,font_size(小標準大)+背景色+音声読み上げ+やさしいブラウザ,false,false,false,,,,,組織一覧,,
S0036,徳島県,徳島県,prefecture,unknown,service,https://www.pref.tokushima.lg.jp/ippannokata/kenko/kosodateshien/5019160,2026-02-16T15:00:00+09:00,200,https://www.pref.tokushima.lg.jp/ippannokata/kenko/kosodateshien/5019160,児童手当制度の御案内,ja,cms_public,custom,false,true,true,5cat_horizontal,true,category_filter,true,true,false,,false,false,false,false,,true,true,,true,true,font_size(小標準大)+背景色+音声読み上げ+やさしいブラウザ,true,false,true,PDF,,,,児童手当,,
S0036,徳島県,徳島県,prefecture,unknown,hub,https://www.pref.tokushima.lg.jp/ippannokata/,2026-02-16T15:00:00+09:00,200,https://www.pref.tokushima.lg.jp/ippannokata/,一般の方,ja,cms_public,custom,false,true,true,5cat_horizontal,true,category_filter,true,false,false,,false,false,true,false,,true,true,,true,true,font_size(小標準大)+背景色+音声読み上げ+やさしいブラウザ,false,false,false,,,,,くらしカテゴリ,,
S0036,徳島県,徳島県,prefecture,unknown,article,https://www.pref.tokushima.lg.jp/kenseijoho/koho/,2026-02-16T15:00:00+09:00,200,https://www.pref.tokushima.lg.jp/kenseijoho/koho/,広報,ja,cms_public,custom,false,true,true,5cat_horizontal,true,category_filter,true,false,false,,true,true,false,false,,true,true,,true,true,font_size(小標準大)+背景色+音声読み上げ+やさしいブラウザ,true,false,false,,,,,広報,,
S0037,香川県,香川県,prefecture,unknown,top,https://www.pref.kagawa.lg.jp/,2026-02-16T15:00:00+09:00,200,https://www.pref.kagawa.lg.jp/,香川県ホームページ,ja,,custom,true,true,true,8cat_horizontal,true,Google_CSE,false,false,true,交通死亡事故多発,true,false,true,true,carousel,true,true,,false,true,ReadSpeaker+font_size+色,false,false,false,,,,,Google_CSE(005536401459581501717); SNS=X+FB+YT+IG,,
S0037,香川県,香川県,prefecture,unknown,contact,https://www.pref.kagawa.lg.jp/soshiki/,2026-02-16T15:00:00+09:00,200,https://www.pref.kagawa.lg.jp/soshiki/,組織から探す,ja,,custom,true,true,true,8cat_horizontal,true,Google_CSE,true,false,false,,false,false,false,false,,true,true,,false,true,ReadSpeaker+font_size+色,false,false,false,,,,,組織一覧,,
S0037,香川県,香川県,prefecture,unknown,service,https://www.pref.kagawa.lg.jp/kosodate/jidoteate/index.html,2026-02-16T15:00:00+09:00,200,https://www.pref.kagawa.lg.jp/kosodate/jidoteate/index.html,児童手当,ja,,custom,true,true,true,8cat_horizontal,true,Google_CSE,true,true,false,,false,false,false,false,,true,true,,false,true,ReadSpeaker+font_size+色,true,false,true,PDF,,,,児童手当,,
S0037,香川県,香川県,prefecture,unknown,hub,https://www.pref.kagawa.lg.jp/kurashi/,2026-02-16T15:00:00+09:00,200,https://www.pref.kagawa.lg.jp/kurashi/,くらし,ja,,custom,true,true,true,8cat_horizontal,true,Google_CSE,true,false,false,,false,false,true,false,,true,true,,false,true,ReadSpeaker+font_size+色,false,false,false,,,,,くらしカテゴリ,,
S0037,香川県,香川県,prefecture,unknown,article,https://www.pref.kagawa.lg.jp/kensei/koho/,2026-02-16T15:00:00+09:00,200,https://www.pref.kagawa.lg.jp/kensei/koho/,広報,ja,,custom,true,true,true,8cat_horizontal,true,Google_CSE,true,false,false,,true,true,false,false,,true,true,,false,true,ReadSpeaker+font_size+色,true,false,false,,,,,広報,,
S0038,愛媛県,愛媛県,prefecture,unknown,top,https://www.pref.ehime.jp/,2026-02-16T15:00:00+09:00,200,https://www.pref.ehime.jp/,愛媛県庁公式ホームページ,ja,,custom,true,true,true,7cat_horizontal,true,keyword+ページID,false,false,true,林野火災警報,true,false,true,true,slick_carousel,true,true,,true,true,ReadSpeaker+font_size+背景色(白黒青),false,false,false,,,,,GTM(GTM-PHQ65GK),,
S0038,愛媛県,愛媛県,prefecture,unknown,contact,https://www.pref.ehime.jp/soshiki/,2026-02-16T15:00:00+09:00,200,https://www.pref.ehime.jp/soshiki/,組織から探す,ja,,custom,true,true,true,7cat_horizontal,true,keyword+ページID,true,false,false,,false,false,false,false,,true,true,,true,true,ReadSpeaker+font_size+背景色(白黒青),false,false,false,,,,,組織一覧,,
S0038,愛媛県,愛媛県,prefecture,unknown,service,https://www.pref.ehime.jp/page/7088.html,2026-02-16T15:00:00+09:00,200,https://www.pref.ehime.jp/page/7088.html,児童手当制度とは,ja,,custom,true,true,true,7cat_horizontal,true,keyword+ページID,true,true,false,,false,false,false,false,,true,true,,true,true,ReadSpeaker+font_size+背景色(白黒青),true,false,true,PDF,,,,児童手当,,
S0038,愛媛県,愛媛県,prefecture,unknown,hub,https://www.pref.ehime.jp/kurashi/,2026-02-16T15:00:00+09:00,200,https://www.pref.ehime.jp/kurashi/,くらし・防災,ja,,custom,true,true,true,7cat_horizontal,true,keyword+ページID,true,false,false,,false,false,true,false,,true,true,,true,true,ReadSpeaker+font_size+背景色(白黒青),false,false,false,,,,,くらしカテゴリ,,
S0038,愛媛県,愛媛県,prefecture,unknown,article,https://www.pref.ehime.jp/kensei/koho/,2026-02-16T15:00:00+09:00,200,https://www.pref.ehime.jp/kensei/koho/,広報,ja,,custom,true,true,true,7cat_horizontal,true,keyword+ページID,true,false,false,,true,true,false,false,,true,true,,true,true,ReadSpeaker+font_size+背景色(白黒青),true,false,false,,,,,広報,,
S0039,高知県,高知県,prefecture,unknown,top,https://www.pref.kochi.lg.jp/,2026-02-16T15:00:00+09:00,200,https://www.pref.kochi.lg.jp/,高知県庁ホームページ,ja,Joruri,Joruri CMS,false,true,true,5cat_horizontal,true,keyword,false,false,true,災害・救急情報,true,false,true,true,carousel,true,true,,true,true,音声読み上げ+ふりがな+背景色(4色)+font_size+Google翻訳,false,false,false,,,,,GTM(GTM-5NG5289P)+GA(G-ZM8092CNSK); SNS=FB+X+TikTok+LINE+YT,,
S0039,高知県,高知県,prefecture,unknown,contact,https://www.pref.kochi.lg.jp/soshiki/,2026-02-16T15:00:00+09:00,200,https://www.pref.kochi.lg.jp/soshiki/,組織から探す,ja,Joruri,Joruri CMS,false,true,true,5cat_horizontal,true,keyword,true,false,false,,false,false,false,false,,true,true,,true,true,音声読み上げ+ふりがな+背景色(4色)+font_size+Google翻訳,false,false,false,,,,,組織一覧,,
S0039,高知県,高知県,prefecture,unknown,service,https://www.pref.kochi.lg.jp/doc/2023042800085/,2026-02-16T15:00:00+09:00,200,https://www.pref.kochi.lg.jp/doc/2023042800085/,児童扶養手当,ja,Joruri,Joruri CMS,false,true,true,5cat_horizontal,true,keyword,true,true,false,,false,false,false,false,,true,true,,true,true,音声読み上げ+ふりがな+背景色(4色)+font_size+Google翻訳,true,false,true,PDF,,,,児童扶養手当; 児童手当専用ページ未発見,,
S0039,高知県,高知県,prefecture,unknown,hub,https://www.pref.kochi.lg.jp/kurashi/,2026-02-16T15:00:00+09:00,200,https://www.pref.kochi.lg.jp/kurashi/,くらしの情報,ja,Joruri,Joruri CMS,false,true,true,5cat_horizontal,true,keyword,true,false,false,,false,false,true,false,,true,true,,true,true,音声読み上げ+ふりがな+背景色(4色)+font_size+Google翻訳,false,false,false,,,,,くらしカテゴリ,,
S0039,高知県,高知県,prefecture,unknown,article,https://www.pref.kochi.lg.jp/kensei/koho/,2026-02-16T15:00:00+09:00,200,https://www.pref.kochi.lg.jp/kensei/koho/,広報,ja,Joruri,Joruri CMS,false,true,true,5cat_horizontal,true,keyword,true,false,false,,true,true,false,false,,true,true,,true,true,音声読み上げ+ふりがな+背景色(4色)+font_size+Google翻訳,true,false,false,,,,,広報,,
S0248,徳島県,徳島市,municipality,B,top,https://www.city.tokushima.tokushima.jp/,2026-02-16T15:00:00+09:00,200,https://www.city.tokushima.tokushima.jp/,徳島市公式ウェブサイト,ja,,custom,true,true,true,5cat_horizontal,true,keyword,false,false,true,林野火災警報,true,false,true,true,bxSlider,true,true,,false,true,音声読み上げ+文字拡大+多言語,false,false,false,,,,,webalert防災システム,,
S0248,徳島県,徳島市,municipality,B,contact,https://www.city.tokushima.tokushima.jp/soshiki/,2026-02-16T15:00:00+09:00,200,https://www.city.tokushima.tokushima.jp/soshiki/,組織から探す,ja,,custom,true,true,true,5cat_horizontal,true,keyword,true,false,false,,false,false,false,false,,true,true,,false,true,音声読み上げ+文字拡大+多言語,false,false,false,,,,,組織一覧,,
S0248,徳島県,徳島市,municipality,B,service,https://www.city.tokushima.tokushima.jp/kosodate/ikuji/jidoteate/jite_seido.html,2026-02-16T15:00:00+09:00,200,https://www.city.tokushima.tokushima.jp/kosodate/ikuji/jidoteate/jite_seido.html,児童手当制度,ja,,custom,true,true,true,5cat_horizontal,true,keyword,true,true,false,,false,false,false,false,,true,true,,false,true,音声読み上げ+文字拡大+多言語,true,false,true,PDF,,,,児童手当,,
S0248,徳島県,徳島市,municipality,B,hub,https://www.city.tokushima.tokushima.jp/kurashi/,2026-02-16T15:00:00+09:00,200,https://www.city.tokushima.tokushima.jp/kurashi/,くらし・手続き,ja,,custom,true,true,true,5cat_horizontal,true,keyword,true,false,false,,false,false,true,false,,true,true,,false,true,音声読み上げ+文字拡大+多言語,false,false,false,,,,,くらしカテゴリ,,
S0248,徳島県,徳島市,municipality,B,article,https://www.city.tokushima.tokushima.jp/shisei/koho/,2026-02-16T15:00:00+09:00,200,https://www.city.tokushima.tokushima.jp/shisei/koho/,広報とくしま,ja,,custom,true,true,true,5cat_horizontal,true,keyword,true,false,false,,true,true,false,false,,true,true,,false,true,音声読み上げ+文字拡大+多言語,true,false,false,,,,,広報紙,,
S0249,香川県,高松市,municipality,B,top,https://www.city.takamatsu.kagawa.jp/,2026-02-16T15:00:00+09:00,200,https://www.city.takamatsu.kagawa.jp/,高松市ホームページ,ja,,custom,true,true,true,3cat_horizontal,true,keyword,false,false,true,能登半島地震情報,true,false,true,true,carousel,true,true,,false,true,音声読み上げ+文字拡大+多言語,false,false,false,,,,,,,
S0249,香川県,高松市,municipality,B,contact,https://www.city.takamatsu.kagawa.jp/soshiki/,2026-02-16T15:00:00+09:00,200,https://www.city.takamatsu.kagawa.jp/soshiki/,組織から探す,ja,,custom,true,true,true,3cat_horizontal,true,keyword,true,false,false,,false,false,false,false,,true,true,,false,true,音声読み上げ+文字拡大+多言語,false,false,false,,,,,組織一覧,,
S0249,香川県,高松市,municipality,B,service,https://www.city.takamatsu.kagawa.jp/kurashi/kosodate/hitorioya/kosodate/jidoteate.html,2026-02-16T15:00:00+09:00,200,https://www.city.takamatsu.kagawa.jp/kurashi/kosodate/hitorioya/kosodate/jidoteate.html,児童手当,ja,,custom,true,true,true,3cat_horizontal,true,keyword,true,true,false,,false,false,false,false,,true,true,,false,true,音声読み上げ+文字拡大+多言語,true,false,true,PDF,,,,児童手当,,
S0249,香川県,高松市,municipality,B,hub,https://www.city.takamatsu.kagawa.jp/kurashi/,2026-02-16T15:00:00+09:00,200,https://www.city.takamatsu.kagawa.jp/kurashi/,くらし,ja,,custom,true,true,true,3cat_horizontal,true,keyword,true,false,false,,false,false,true,false,,true,true,,false,true,音声読み上げ+文字拡大+多言語,false,false,false,,,,,くらしカテゴリ,,
S0249,香川県,高松市,municipality,B,article,https://www.city.takamatsu.kagawa.jp/shisei/koho/,2026-02-16T15:00:00+09:00,200,https://www.city.takamatsu.kagawa.jp/shisei/koho/,広報たかまつ,ja,,custom,true,true,true,3cat_horizontal,true,keyword,true,false,false,,true,true,false,false,,true,true,,false,true,音声読み上げ+文字拡大+多言語,true,false,false,,,,,広報紙,,
S0251,高知県,高知市,municipality,B,top,https://www.city.kochi.kochi.jp/,2026-02-16T15:00:00+09:00,200,https://www.city.kochi.kochi.jp/,高知市公式ホームページ,ja,,custom,false,true,true,4cat_horizontal,true,Google_CSE,false,false,true,重要なお知らせ,true,false,true,false,,true,false,,false,false,,false,false,false,,,,,GA(UA-6356906-1+GA-DNFVXTGZD2),,
S0251,高知県,高知市,municipality,B,contact,https://www.city.kochi.kochi.jp/soshiki/,2026-02-16T15:00:00+09:00,200,https://www.city.kochi.kochi.jp/soshiki/,組織から探す,ja,,custom,false,true,true,4cat_horizontal,true,Google_CSE,true,false,false,,false,false,false,false,,true,false,,false,false,,false,false,false,,,,,組織一覧,,
S0251,高知県,高知市,municipality,B,service,https://www.city.kochi.kochi.jp/soshiki/33/jidou-teate2013.html,2026-02-16T15:00:00+09:00,200,https://www.city.kochi.kochi.jp/soshiki/33/jidou-teate2013.html,児童手当,ja,,custom,false,true,true,4cat_horizontal,true,Google_CSE,true,true,false,,false,false,false,false,,true,false,,false,false,,true,false,true,PDF,,,,児童手当,,
S0251,高知県,高知市,municipality,B,hub,https://www.city.kochi.kochi.jp/life/,2026-02-16T15:00:00+09:00,200,https://www.city.kochi.kochi.jp/life/,くらし,ja,,custom,false,true,true,4cat_horizontal,true,Google_CSE,true,false,false,,false,false,true,false,,true,false,,false,false,,false,false,false,,,,,くらしカテゴリ,,
S0251,高知県,高知市,municipality,B,article,https://www.city.kochi.kochi.jp/shisei/koho/,2026-02-16T15:00:00+09:00,200,https://www.city.kochi.kochi.jp/shisei/koho/,広報あかるいまち,ja,,custom,false,true,true,4cat_horizontal,true,Google_CSE,true,false,false,,true,true,false,false,,true,false,,false,false,,true,false,false,,,,,広報紙,,
S0253,愛媛県,新居浜市,municipality,C,top,https://www.city.niihama.lg.jp/,2026-02-16T18:00:00+09:00,200,https://www.city.niihama.lg.jp/,新居浜市ホームページ,ja,,custom,false,true,true,6cat_horizontal,true,keyword+pageID,false,false,true,林野火災注意報,true,false,true,true,slideshow,true,true,,true,true,ReadSpeaker+font_size(標準拡大)+背景色(白黒青)+ふりがな(KanaboWeb),false,false,false,,,,,GA(G-SFYF3CDEF3); chatbot; SNS=X+FB+LINE+YT+IG; 多言語,,
S0253,愛媛県,新居浜市,municipality,C,contact,https://www.city.niihama.lg.jp/soshiki/,2026-02-16T18:00:00+09:00,200,https://www.city.niihama.lg.jp/soshiki/,組織一覧,ja,,custom,false,true,true,6cat_horizontal,true,keyword+pageID,true,false,false,,false,false,false,false,,true,true,,true,true,ReadSpeaker+font_size(標準拡大)+背景色(白黒青)+ふりがな(KanaboWeb),false,false,false,,,,,組織一覧,,
S0253,愛媛県,新居浜市,municipality,C,service,https://www.city.niihama.lg.jp/soshiki/kosodate/jidouteate.html,2026-02-16T18:00:00+09:00,200,https://www.city.niihama.lg.jp/soshiki/kosodate/jidouteate.html,児童手当について,ja,,custom,false,true,true,6cat_horizontal,true,keyword+pageID,true,true,false,,false,false,false,false,,true,true,,true,true,ReadSpeaker+font_size(標準拡大)+背景色(白黒青)+ふりがな(KanaboWeb),true,false,true,PDF+Excel,,,,児童手当; pageID=0103723; SNS共有=X+FB+LINE; AI関連ページ推薦,,
S0253,愛媛県,新居浜市,municipality,C,hub,https://www.city.niihama.lg.jp/life/,2026-02-16T18:00:00+09:00,200,https://www.city.niihama.lg.jp/life/,くらしの情報,ja,,custom,false,true,true,6cat_horizontal,true,keyword+pageID,true,false,false,,false,false,true,false,,true,true,,true,true,ReadSpeaker+font_size(標準拡大)+背景色(白黒青)+ふりがな(KanaboWeb),false,false,false,,,,,くらしカテゴリ,,
S0253,愛媛県,新居浜市,municipality,C,article,https://www.city.niihama.lg.jp/shisei/koho/,2026-02-16T18:00:00+09:00,200,https://www.city.niihama.lg.jp/shisei/koho/,広報にいはま,ja,,custom,false,true,true,6cat_horizontal,true,keyword+pageID,true,false,false,,true,true,false,false,,true,true,,true,true,ReadSpeaker+font_size(標準拡大)+背景色(白黒青)+ふりがな(KanaboWeb),true,false,false,,,,,広報,,
S0254,香川県,丸亀市,municipality,C,top,https://www.city.marugame.lg.jp/,2026-02-16T18:00:00+09:00,200,https://www.city.marugame.lg.jp/,丸亀市公式ホームページ,ja,,custom,false,true,true,6cat_horizontal,true,Google_CSE,false,false,true,緊急情報(現在なし),true,false,true,true,slick_carousel,true,true,,true,true,ReadSpeaker+font_size(拡大標準)+背景色(白黒青),false,false,false,,,,,UA(UA-68310240-1)+GA(G-FLCHM5KJVG); chatbot(UserLocal); SNS=YT+IG+FB+LINE,,
S0254,香川県,丸亀市,municipality,C,contact,https://www.city.marugame.lg.jp/soshiki/,2026-02-16T18:00:00+09:00,200,https://www.city.marugame.lg.jp/soshiki/,組織から探す,ja,,custom,false,true,true,6cat_horizontal,true,Google_CSE,true,false,false,,false,false,false,false,,true,true,,true,true,ReadSpeaker+font_size(拡大標準)+背景色(白黒青),false,false,false,,,,,組織一覧,,
S0254,香川県,丸亀市,municipality,C,service,https://www.city.marugame.lg.jp/site/life-stage/27997.html,2026-02-16T18:00:00+09:00,200,https://www.city.marugame.lg.jp/site/life-stage/27997.html,児童手当,ja,,custom,false,true,true,6cat_horizontal,true,Google_CSE,true,true,false,,false,false,false,false,,true,true,,true,true,ReadSpeaker+font_size(拡大標準)+背景色(白黒青),true,false,true,PDF+Excel,,,,児童手当; pageID=0027997; SNS共有=X+FB+LINE; AI関連ページ推薦,,
S0254,香川県,丸亀市,municipality,C,hub,https://www.city.marugame.lg.jp/life/,2026-02-16T18:00:00+09:00,200,https://www.city.marugame.lg.jp/life/,くらしの情報,ja,,custom,false,true,true,6cat_horizontal,true,Google_CSE,true,false,false,,false,false,true,false,,true,true,,true,true,ReadSpeaker+font_size(拡大標準)+背景色(白黒青),false,false,false,,,,,くらしカテゴリ,,
S0254,香川県,丸亀市,municipality,C,article,https://www.city.marugame.lg.jp/shisei/koho/,2026-02-16T18:00:00+09:00,200,https://www.city.marugame.lg.jp/shisei/koho/,広報まるがめ,ja,,custom,false,true,true,6cat_horizontal,true,Google_CSE,true,false,false,,true,true,false,false,,true,true,,true,true,ReadSpeaker+font_size(拡大標準)+背景色(白黒青),true,false,false,,,,,広報,,
S0255,香川県,坂出市,municipality,C,top,https://www.city.sakaide.lg.jp/,2026-02-16T18:00:00+09:00,200,https://www.city.sakaide.lg.jp/,坂出市ホームページ,ja,,custom,false,true,true,5cat_horizontal,true,Google_CSE,false,false,true,緊急情報+防災動画,true,false,true,true,carousel,true,true,,true,true,ReadSpeaker+font_size(標準拡大)+背景色(白黒青),false,false,false,,,,,GA(G-JDTYNS7MW1); SNS=LINE+X+YT+FB; 防災多言語動画,,
S0255,香川県,坂出市,municipality,C,contact,https://www.city.sakaide.lg.jp/soshiki/,2026-02-16T18:00:00+09:00,200,https://www.city.sakaide.lg.jp/soshiki/,組織から探す,ja,,custom,false,true,true,5cat_horizontal,true,Google_CSE,true,false,false,,false,false,false,false,,true,true,,true,true,ReadSpeaker+font_size(標準拡大)+背景色(白黒青),false,false,false,,,,,組織一覧,,
S0255,香川県,坂出市,municipality,C,service,https://www.city.sakaide.lg.jp/site/kosodate/jidouteate.html,2026-02-16T18:00:00+09:00,200,https://www.city.sakaide.lg.jp/site/kosodate/jidouteate.html,児童手当制度のご案内,ja,,custom,false,true,true,5cat_horizontal,true,Google_CSE,true,true,false,,false,false,false,false,,true,true,,true,true,ReadSpeaker+font_size(標準拡大)+背景色(白黒青),true,false,true,PDF,,,,児童手当,,
S0255,香川県,坂出市,municipality,C,hub,https://www.city.sakaide.lg.jp/life/,2026-02-16T18:00:00+09:00,200,https://www.city.sakaide.lg.jp/life/,くらしの情報,ja,,custom,false,true,true,5cat_horizontal,true,Google_CSE,true,false,false,,false,false,true,false,,true,true,,true,true,ReadSpeaker+font_size(標準拡大)+背景色(白黒青),false,false,false,,,,,くらしカテゴリ,,
S0255,香川県,坂出市,municipality,C,article,https://www.city.sakaide.lg.jp/shisei/koho/,2026-02-16T18:00:00+09:00,200,https://www.city.sakaide.lg.jp/shisei/koho/,広報さかいで,ja,,custom,false,true,true,5cat_horizontal,true,Google_CSE,true,false,false,,true,true,false,false,,true,true,,true,true,ReadSpeaker+font_size(標準拡大)+背景色(白黒青),true,false,false,,,,,広報,,
S0256,徳島県,鳴門市,municipality,C,top,https://www.city.naruto.tokushima.jp/,2026-02-16T18:00:00+09:00,200,https://www.city.naruto.tokushima.jp/,鳴門市ホームページ,ja,Joruri,custom,false,true,true,4cat_horizontal,true,Google_CSE,false,false,true,防災情報,true,false,true,true,bg_random(5img),true,false,,false,false,,false,false,false,,,,,GA(G-S3WBHFBBT3); SNS=FB+X+IG+YT,,
S0256,徳島県,鳴門市,municipality,C,contact,https://www.city.naruto.tokushima.jp/kurashi/madoguchi/tel/index.html,2026-02-16T18:00:00+09:00,200,https://www.city.naruto.tokushima.jp/kurashi/madoguchi/tel/index.html,電話番号一覧,ja,Joruri,custom,false,true,true,4cat_horizontal,true,Google_CSE,true,true,false,,false,false,false,false,,true,false,,false,false,,false,false,false,,,,,電話番号一覧,,
S0256,徳島県,鳴門市,municipality,C,service,https://www.city.naruto.tokushima.jp/kurashi/kodomo/kosodate/jidouteate/index.html,2026-02-16T18:00:00+09:00,200,https://www.city.naruto.tokushima.jp/kurashi/kodomo/kosodate/jidouteate/index.html,児童手当,ja,Joruri,custom,false,true,true,4cat_horizontal,true,Google_CSE,true,true,false,,false,false,false,false,,true,false,,false,false,,true,false,false,,,,,児童手当; マイナポータル電子申請,,
S0256,徳島県,鳴門市,municipality,C,hub,https://www.city.naruto.tokushima.jp/kurashi/,2026-02-16T18:00:00+09:00,200,https://www.city.naruto.tokushima.jp/kurashi/,くらしの情報,ja,Joruri,custom,false,true,true,4cat_horizontal,true,Google_CSE,true,false,false,,false,false,true,false,,true,false,,false,false,,false,false,false,,,,,くらしカテゴリ,,
S0256,徳島県,鳴門市,municipality,C,article,https://www.city.naruto.tokushima.jp/shisei/koho/,2026-02-16T18:00:00+09:00,200,https://www.city.naruto.tokushima.jp/shisei/koho/,広報なると,ja,Joruri,custom,false,true,true,4cat_horizontal,true,Google_CSE,true,false,false,,true,true,false,false,,true,false,,false,false,,true,false,false,,,,,広報,,
S0257,高知県,南国市,municipality,D,top,https://www.city.nankoku.lg.jp/,2026-02-16T18:00:00+09:00,200,https://www.city.nankoku.lg.jp/,南国市ホームページ,ja,,custom,false,true,true,6cat_horizontal,true,keyword+pageID+category+organization,false,false,true,防災・災害情報,true,false,true,true,carousel(6slides),true,false,,true,true,font_size(標準拡大)+背景色(白黒青),false,false,false,,,,,GA(G-FD9CC63MT9); SNS=LINE+FB+X+IG; Google翻訳(英中韓),,
S0257,高知県,南国市,municipality,D,contact,https://www.city.nankoku.lg.jp/life/life_dtl.php?hdnKey=2520,2026-02-16T18:00:00+09:00,200,https://www.city.nankoku.lg.jp/life/life_dtl.php?hdnKey=2520,お問い合わせ,ja,,custom,false,true,true,6cat_horizontal,true,keyword+pageID+category+organization,true,false,false,,false,false,false,false,,true,false,,true,true,font_size(標準拡大)+背景色(白黒青),false,false,false,,,,,問い合わせ一覧,,
S0257,高知県,南国市,municipality,D,service,https://www.city.nankoku.lg.jp/life/life_dtl.php?hdnKey=7328,2026-02-16T18:00:00+09:00,200,https://www.city.nankoku.lg.jp/life/life_dtl.php?hdnKey=7328,児童手当,ja,,custom,false,true,true,6cat_horizontal,true,keyword+pageID+category+organization,true,true,false,,false,false,false,false,,true,false,,true,true,font_size(標準拡大)+背景色(白黒青),true,false,true,PDF,,,,児童手当,,
S0257,高知県,南国市,municipality,D,hub,https://www.city.nankoku.lg.jp/life/,2026-02-16T18:00:00+09:00,200,https://www.city.nankoku.lg.jp/life/,くらしの情報,ja,,custom,false,true,true,6cat_horizontal,true,keyword+pageID+category+organization,true,false,false,,false,false,true,false,,true,false,,true,true,font_size(標準拡大)+背景色(白黒青),false,false,false,,,,,くらしカテゴリ,,
S0257,高知県,南国市,municipality,D,article,https://www.city.nankoku.lg.jp/shisei/koho/,2026-02-16T18:00:00+09:00,200,https://www.city.nankoku.lg.jp/shisei/koho/,広報なんこく,ja,,custom,false,true,true,6cat_horizontal,true,keyword+pageID+category+organization,true,false,false,,true,true,false,false,,true,false,,true,true,font_size(標準拡大)+背景色(白黒青),true,false,false,,,,,広報,,
S0258,高知県,四万十市,municipality,D,top,https://www.city.shimanto.lg.jp/,2026-02-16T18:00:00+09:00,200,https://www.city.shimanto.lg.jp/,四万十市公式ホームページ,ja,,custom,false,true,true,5cat_horizontal,true,Google_CSE,false,false,true,防災情報,true,false,true,true,slick_carousel,true,true,,true,true,font_size(拡大標準)+背景色(白黒青),false,false,false,,,,,GA(G-138DYLFMJJ); chatbot(UserLocal); SNS=LINE+IG+FB; FAQ; 多言語,,
S0258,高知県,四万十市,municipality,D,contact,https://www.city.shimanto.lg.jp/form/detail.php?sec_sec1=3&inq=03,2026-02-16T18:00:00+09:00,200,https://www.city.shimanto.lg.jp/form/detail.php?sec_sec1=3&inq=03,お問い合わせ,ja,,custom,false,true,true,5cat_horizontal,true,Google_CSE,true,false,false,,false,false,false,false,,true,true,,true,true,font_size(拡大標準)+背景色(白黒青),false,false,false,,,,,問い合わせフォーム,,
S0258,高知県,四万十市,municipality,D,service,https://www.city.shimanto.lg.jp/site/kosodate/1071.html,2026-02-16T18:00:00+09:00,200,https://www.city.shimanto.lg.jp/site/kosodate/1071.html,児童手当について,ja,,custom,false,true,true,5cat_horizontal,true,Google_CSE,true,true,false,,false,false,false,false,,true,true,,true,true,font_size(拡大標準)+背景色(白黒青),true,false,true,PDF,,,,児童手当; マイナポータル電子申請,,
S0258,高知県,四万十市,municipality,D,hub,https://www.city.shimanto.lg.jp/life/,2026-02-16T18:00:00+09:00,200,https://www.city.shimanto.lg.jp/life/,くらしの情報,ja,,custom,false,true,true,5cat_horizontal,true,Google_CSE,true,false,false,,false,false,true,false,,true,true,,true,true,font_size(拡大標準)+背景色(白黒青),false,false,false,,,,,くらしカテゴリ,,
S0258,高知県,四万十市,municipality,D,article,https://www.city.shimanto.lg.jp/shisei/koho/,2026-02-16T18:00:00+09:00,200,https://www.city.shimanto.lg.jp/shisei/koho/,広報しまんと,ja,,custom,false,true,true,5cat_horizontal,true,Google_CSE,true,false,false,,true,true,false,false,,true,true,,true,true,font_size(拡大標準)+背景色(白黒青),true,false,false,,,,,広報,,
S0259,徳島県,三好市,municipality,D,top,https://www.miyoshi.i-tokushima.jp/,2026-02-16T18:00:00+09:00,200,https://www.miyoshi.i-tokushima.jp/,三好市ホームページ,ja,i-tokushima,custom,false,true,true,4cat_horizontal,true,keyword,false,false,true,緊急情報,true,false,true,true,carousel,true,false,,true,true,font_size(小標準大)+背景色(白青黒)+読み上げ+ふりがな,false,false,false,,,,,UA(UA-11688600-3); SNS=FB+IG+X; Google翻訳(英中韓繁),,
S0259,徳島県,三好市,municipality,D,contact,https://www.miyoshi.i-tokushima.jp/inquiry/,2026-02-16T18:00:00+09:00,200,https://www.miyoshi.i-tokushima.jp/inquiry/,お問い合わせ,ja,i-tokushima,custom,false,true,true,4cat_horizontal,true,keyword,true,false,false,,false,false,false,false,,true,false,,true,true,font_size(小標準大)+背景色(白青黒)+読み上げ+ふりがな,false,false,false,,,,,問い合わせフォーム,,
S0259,徳島県,三好市,municipality,D,service,https://www.miyoshi.i-tokushima.jp/docs/5048.html,2026-02-16T18:00:00+09:00,200,https://www.miyoshi.i-tokushima.jp/docs/5048.html,児童手当,ja,i-tokushima,custom,false,true,true,4cat_horizontal,true,keyword,true,true,false,,false,false,false,false,,true,false,,true,true,font_size(小標準大)+背景色(白青黒)+読み上げ+ふりがな,true,false,true,PDF,,,,児童手当,,
S0259,徳島県,三好市,municipality,D,hub,https://www.miyoshi.i-tokushima.jp/,2026-02-16T18:00:00+09:00,200,https://www.miyoshi.i-tokushima.jp/,三好市ホームページ,ja,i-tokushima,custom,false,true,true,4cat_horizontal,true,keyword,false,false,true,緊急情報,true,false,true,true,carousel,true,false,,true,true,font_size(小標準大)+背景色(白青黒)+読み上げ+ふりがな,false,false,false,,,,,hub=top(小規模サイト),,
S0259,徳島県,三好市,municipality,D,article,https://www.miyoshi.i-tokushima.jp/,2026-02-16T18:00:00+09:00,200,https://www.miyoshi.i-tokushima.jp/,三好市ホームページ,ja,i-tokushima,custom,false,true,true,4cat_horizontal,true,keyword,false,false,true,緊急情報,true,false,true,true,carousel,true,false,,true,true,font_size(小標準大)+背景色(白青黒)+読み上げ+ふりがな,false,false,false,,,,,article=top(小規模サイト),,
S0260,愛媛県,上島町,municipality,D,top,https://www.town.kamijima.lg.jp/,2026-02-16T19:00:00+09:00,200,https://www.town.kamijima.lg.jp/,上島町公式ホームページ,ja,,custom,false,true,true,5cat_horizontal,true,Google_CSE,false,false,true,防災情報+AED,true,false,true,true,slick_carousel,true,true,,true,true,font_size(標準拡大)+背景色(白黒青),false,false,false,,,,,GA(G-MX3TPV90SJ); SNS=IG+X; FAQ; 多言語; 離島,,
S0260,愛媛県,上島町,municipality,D,contact,https://www.town.kamijima.lg.jp/ques/questionnaire.php?openid=3,2026-02-16T19:00:00+09:00,200,https://www.town.kamijima.lg.jp/ques/questionnaire.php?openid=3,ご意見・お問い合わせ,ja,,custom,false,true,true,5cat_horizontal,true,Google_CSE,true,false,false,,false,false,false,false,,true,true,,true,true,font_size(標準拡大)+背景色(白黒青),false,false,false,,,,,問い合わせフォーム,,
S0260,愛媛県,上島町,municipality,D,service,https://www.town.kamijima.lg.jp/soshiki/5/109.html,2026-02-16T19:00:00+09:00,200,https://www.town.kamijima.lg.jp/soshiki/5/109.html,児童手当,ja,,custom,false,true,true,5cat_horizontal,true,Google_CSE,true,true,false,,false,false,false,false,,true,true,,true,true,font_size(標準拡大)+背景色(白黒青),true,false,false,,,,,児童手当,,
S0260,愛媛県,上島町,municipality,D,hub,https://www.town.kamijima.lg.jp/life/,2026-02-16T19:00:00+09:00,200,https://www.town.kamijima.lg.jp/life/,くらしの情報,ja,,custom,false,true,true,5cat_horizontal,true,Google_CSE,true,false,false,,false,false,true,false,,true,true,,true,true,font_size(標準拡大)+背景色(白黒青),false,false,false,,,,,くらしカテゴリ,,
S0260,愛媛県,上島町,municipality,D,article,https://www.town.kamijima.lg.jp/shisei/koho/,2026-02-16T19:00:00+09:00,200,https://www.town.kamijima.lg.jp/shisei/koho/,広報かみじま,ja,,custom,false,true,true,5cat_horizontal,true,Google_CSE,true,false,false,,true,true,false,false,,true,true,,true,true,font_size(標準拡大)+背景色(白黒青),true,false,false,,,,,広報,,
S0261,香川県,直島町,municipality,D,top,https://www.town.naoshima.lg.jp/,2026-02-16T19:00:00+09:00,200,https://www.town.naoshima.lg.jp/,直島町ホームページ,ja,,custom,false,true,true,6cat_horizontal,true,keyword,false,false,true,緊急情報(48H以内なし),true,false,true,false,,true,false,,false,false,,false,false,false,,,,,多言語; 離島・現代アート(赤かぼちゃ),,
S0261,香川県,直島町,municipality,D,contact,https://www.town.naoshima.lg.jp/aboutweb/otoiawase.html,2026-02-16T19:00:00+09:00,200,https://www.town.naoshima.lg.jp/aboutweb/otoiawase.html,お問い合わせ,ja,,custom,false,true,true,6cat_horizontal,true,keyword,true,false,false,,false,false,false,false,,true,false,,false,false,,false,false,false,,,,,問い合わせ,,
S0261,香川県,直島町,municipality,D,service,https://www.town.naoshima.lg.jp/tetsuduki/kosodate/jidoteate.html,2026-02-16T19:00:00+09:00,200,https://www.town.naoshima.lg.jp/tetsuduki/kosodate/jidoteate.html,児童手当について,ja,,custom,false,true,true,6cat_horizontal,true,keyword,true,true,false,,false,false,false,false,,true,false,,false,false,,true,false,false,,,,,児童手当,,
S0261,香川県,直島町,municipality,D,hub,https://www.town.naoshima.lg.jp/tetsuduki/,2026-02-16T19:00:00+09:00,200,https://www.town.naoshima.lg.jp/tetsuduki/,役場での手続き,ja,,custom,false,true,true,6cat_horizontal,true,keyword,true,false,false,,false,false,true,false,,true,false,,false,false,,false,false,false,,,,,手続きカテゴリ,,
S0261,香川県,直島町,municipality,D,article,https://www.town.naoshima.lg.jp/oshirase/,2026-02-16T19:00:00+09:00,200,https://www.town.naoshima.lg.jp/oshirase/,町からのお知らせ,ja,,custom,false,true,true,6cat_horizontal,true,keyword,true,false,false,,true,true,false,false,,true,false,,false,false,,true,false,false,,,,,お知らせ一覧,,
S0262,高知県,大豊町,municipality,D,top,https://www.town.otoyo.kochi.jp/,2026-02-16T19:00:00+09:00,200,https://www.town.otoyo.kochi.jp/,大豊町公式ホームページ,ja,,custom,false,true,true,3cat_horizontal,false,,false,false,false,,true,false,true,true,carousel(7img),false,false,,false,false,,false,false,false,,,,,GA(G-X3XD30BK1G)+UA(UA-28401614-1); 過疎; 英語併記ナビ,,
S0262,高知県,大豊町,municipality,D,contact,https://www.town.otoyo.kochi.jp/shisetsuinfo/,2026-02-16T19:00:00+09:00,200,https://www.town.otoyo.kochi.jp/shisetsuinfo/,公共施設案内,ja,,custom,false,true,true,3cat_horizontal,false,,true,false,false,,false,false,false,false,,false,false,,false,false,,false,false,false,,,,,施設案内(問い合わせ代替),,
S0262,高知県,大豊町,municipality,D,service,https://www.town.otoyo.kochi.jp/life/detail.php?hdnKey=1066,2026-02-16T19:00:00+09:00,200,https://www.town.otoyo.kochi.jp/life/detail.php?hdnKey=1066,児童手当制度改正のお知らせ,ja,,custom,false,true,true,3cat_horizontal,false,,true,true,false,,false,false,false,false,,false,false,,false,false,,true,false,false,,,,,児童手当制度改正,,
S0262,高知県,大豊町,municipality,D,hub,https://www.town.otoyo.kochi.jp/life/,2026-02-16T19:00:00+09:00,200,https://www.town.otoyo.kochi.jp/life/,行政・暮らし,ja,,custom,false,true,true,3cat_horizontal,false,,true,false,false,,false,false,true,false,,false,false,,false,false,,false,false,false,,,,,行政・暮らしカテゴリ,,
S0262,高知県,大豊町,municipality,D,article,https://www.town.otoyo.kochi.jp/,2026-02-16T19:00:00+09:00,200,https://www.town.otoyo.kochi.jp/,大豊町公式ホームページ,ja,,custom,false,true,true,3cat_horizontal,false,,false,false,false,,true,false,true,true,carousel(7img),false,false,,false,false,,false,false,false,,,,,article=top(小規模サイト),,
S0263,高知県,馬路村,municipality,D,top,https://vill.umaji.lg.jp/,2026-02-16T19:00:00+09:00,200,https://vill.umaji.lg.jp/,馬路村公式ホームページ,ja,WordPress,custom,false,true,true,5cat_horizontal,true,keyword,true,false,false,,true,false,true,false,,true,false,,true,true,font_size(標準拡大)+背景色(白黒青)+音声読み上げ+アニメ停止,false,false,false,,,,,WordPress; GA(GT-T9H4L4L); 人口754; 過疎,,
S0263,高知県,馬路村,municipality,D,contact,https://vill.umaji.lg.jp/contact/,2026-02-16T19:00:00+09:00,200,https://vill.umaji.lg.jp/contact/,お問い合わせ,ja,WordPress,custom,false,true,true,5cat_horizontal,true,keyword,true,false,false,,false,false,false,false,,true,false,,true,true,font_size(標準拡大)+背景色(白黒青)+音声読み上げ+アニメ停止,false,false,false,,,,,問い合わせフォーム,,
S0263,高知県,馬路村,municipality,D,service,https://vill.umaji.lg.jp/info/category/,2026-02-16T19:00:00+09:00,200,https://vill.umaji.lg.jp/info/category/,くらしの情報,ja,WordPress,custom,false,true,true,5cat_horizontal,true,keyword,true,true,false,,false,false,true,false,,true,false,,true,true,font_size(標準拡大)+背景色(白黒青)+音声読み上げ+アニメ停止,false,false,false,,,,,service=くらし情報カテゴリ(専用児童手当ページなし),,
S0263,高知県,馬路村,municipality,D,hub,https://vill.umaji.lg.jp/info/category/,2026-02-16T19:00:00+09:00,200,https://vill.umaji.lg.jp/info/category/,くらしの情報,ja,WordPress,custom,false,true,true,5cat_horizontal,true,keyword,true,false,false,,false,false,true,false,,true,false,,true,true,font_size(標準拡大)+背景色(白黒青)+音声読み上げ+アニメ停止,false,false,false,,,,,hub=くらし情報カテゴリ,,
S0263,高知県,馬路村,municipality,D,article,https://vill.umaji.lg.jp/,2026-02-16T19:00:00+09:00,200,https://vill.umaji.lg.jp/,馬路村公式ホームページ,ja,WordPress,custom,false,true,true,5cat_horizontal,true,keyword,true,false,false,,true,false,true,false,,true,false,,true,true,font_size(標準拡大)+背景色(白黒青)+音声読み上げ+アニメ停止,false,false,false,,,,,article=top(小規模サイト),,
S0040,福岡県,福岡県,prefecture,unknown,top,https://www.pref.fukuoka.lg.jp/,2026-02-16T20:00:00+09:00,200,https://www.pref.fukuoka.lg.jp/,福岡県庁ホームページ,ja,,custom,false,true,true,11cat_horizontal,true,Google_CSE+category,false,false,true,防災HP連携,true,false,true,true,banner_rotation,true,true,,true,true,font_size(標準拡大)+背景色(白黒青)+音声読み上げ+やさしい日本語(__tsutaeruMO),false,false,false,,,,,GA(G-QEL9CK9BQ2)+UA(UA-3616062-1); chatbot; SNS=X+LINE; 多言語,,
S0040,福岡県,福岡県,prefecture,unknown,contact,https://www.pref.fukuoka.lg.jp/contents/soudanmadogutiitiran01.html,2026-02-16T20:00:00+09:00,200,https://www.pref.fukuoka.lg.jp/contents/soudanmadogutiitiran01.html,総合相談窓口一覧,ja,,custom,false,true,true,11cat_horizontal,true,Google_CSE+category,true,false,false,,false,false,false,false,,true,true,,true,true,font_size(標準拡大)+背景色(白黒青)+音声読み上げ+やさしい日本語(__tsutaeruMO),false,false,false,,,,,総合相談窓口,,
S0040,福岡県,福岡県,prefecture,unknown,service,https://www.pref.fukuoka.lg.jp/contents/jidoufuyouteate-23-1.html,2026-02-16T20:00:00+09:00,200,https://www.pref.fukuoka.lg.jp/contents/jidoufuyouteate-23-1.html,児童扶養手当について,ja,,custom,false,true,true,11cat_horizontal,true,Google_CSE+category,true,true,false,,false,false,false,false,,true,true,,true,true,font_size(標準拡大)+背景色(白黒青)+音声読み上げ+やさしい日本語(__tsutaeruMO),true,false,true,PDF,,,,児童扶養手当(県は児童手当でなく児童扶養手当を管轄),,
S0040,福岡県,福岡県,prefecture,unknown,hub,https://www.pref.fukuoka.lg.jp/life/,2026-02-16T20:00:00+09:00,200,https://www.pref.fukuoka.lg.jp/life/,くらしの情報,ja,,custom,false,true,true,11cat_horizontal,true,Google_CSE+category,true,false,false,,false,false,true,false,,true,true,,true,true,font_size(標準拡大)+背景色(白黒青)+音声読み上げ+やさしい日本語(__tsutaeruMO),false,false,false,,,,,くらしカテゴリ,,
S0040,福岡県,福岡県,prefecture,unknown,article,https://www.pref.fukuoka.lg.jp/kensei/koho/,2026-02-16T20:00:00+09:00,200,https://www.pref.fukuoka.lg.jp/kensei/koho/,広報,ja,,custom,false,true,true,11cat_horizontal,true,Google_CSE+category,true,false,false,,true,true,false,false,,true,true,,true,true,font_size(標準拡大)+背景色(白黒青)+音声読み上げ+やさしい日本語(__tsutaeruMO),true,false,false,,,,,広報,,
S0041,佐賀県,佐賀県,prefecture,unknown,top,https://www.pref.saga.lg.jp/,2026-02-16T20:00:00+09:00,200,https://www.pref.saga.lg.jp/,佐賀県ホームページ,ja,,custom,false,true,true,6cat_horizontal,true,keyword,false,false,true,防災・緊急,true,false,true,true,bxSlider(fade),true,true,,true,true,font_size(拡大標準)+背景色(青黒白),false,false,false,,,,,GTM(GTM-TV22SFD)+GA(G-6X8CLXQLYW)+UA(UA-79911862-1); SNS=LINE+X+FB; 多言語(5:英中繁韓日); 電話リレーサービス,,
S0041,佐賀県,佐賀県,prefecture,unknown,contact,https://www.pref.saga.lg.jp/kiji00336883/index.html,2026-02-16T20:00:00+09:00,200,https://www.pref.saga.lg.jp/kiji00336883/index.html,各課へのお問合せ,ja,,custom,false,true,true,6cat_horizontal,true,keyword,true,false,false,,false,false,false,false,,true,true,,true,true,font_size(拡大標準)+背景色(青黒白),false,false,false,,,,,各課問合せ,,
S0041,佐賀県,佐賀県,prefecture,unknown,service,https://www.pref.saga.lg.jp/kiji003654/index.html,2026-02-16T20:00:00+09:00,200,https://www.pref.saga.lg.jp/kiji003654/index.html,児童扶養手当制度,ja,,custom,false,true,true,6cat_horizontal,true,keyword,true,true,false,,false,false,false,false,,true,true,,true,true,font_size(拡大標準)+背景色(青黒白),true,false,true,PDF,,,,児童扶養手当,,
S0041,佐賀県,佐賀県,prefecture,unknown,hub,https://www.pref.saga.lg.jp/list00507.html,2026-02-16T20:00:00+09:00,200,https://www.pref.saga.lg.jp/list00507.html,子育てし大県さが,ja,,custom,false,true,true,6cat_horizontal,true,keyword,true,false,false,,false,false,true,false,,true,true,,true,true,font_size(拡大標準)+背景色(青黒白),false,false,false,,,,,子育てカテゴリ,,
S0041,佐賀県,佐賀県,prefecture,unknown,article,https://www.pref.saga.lg.jp/kensei/koho/,2026-02-16T20:00:00+09:00,200,https://www.pref.saga.lg.jp/kensei/koho/,広報,ja,,custom,false,true,true,6cat_horizontal,true,keyword,true,false,false,,true,true,false,false,,true,true,,true,true,font_size(拡大標準)+背景色(青黒白),true,false,false,,,,,広報,,
S0042,長崎県,長崎県,prefecture,unknown,top,https://www.pref.nagasaki.jp/,2026-02-16T20:00:00+09:00,200,https://www.pref.nagasaki.jp/,長崎県ホームページ,ja,,custom,false,true,true,8cat_horizontal,true,keyword,false,false,true,防災情報,true,false,true,true,carousel(再生停止),true,true,,true,true,font_size(標準拡大)+背景色(白黒青),false,false,false,,,,,custom_tracking(access_log.php); SNS=X+FB+IG+YT+LINE; 多言語,,
S0042,長崎県,長崎県,prefecture,unknown,contact,https://www.pref.nagasaki.jp/sodan/,2026-02-16T20:00:00+09:00,200,https://www.pref.nagasaki.jp/sodan/,相談窓口,ja,,custom,false,true,true,8cat_horizontal,true,keyword,true,false,false,,false,false,false,false,,true,true,,true,true,font_size(標準拡大)+背景色(白黒青),false,false,false,,,,,相談窓口,,
S0042,長崎県,長崎県,prefecture,unknown,service,https://www.pref.nagasaki.jp/object/tetsuduki-shinsei/tetsuduki-shinseikankei/657918.html,2026-02-16T20:00:00+09:00,200,https://www.pref.nagasaki.jp/object/tetsuduki-shinsei/tetsuduki-shinseikankei/657918.html,児童扶養手当,ja,,custom,false,true,true,8cat_horizontal,true,keyword,true,true,false,,false,false,false,false,,true,true,,true,true,font_size(標準拡大)+背景色(白黒青),true,false,true,PDF,,,,児童扶養手当,,
S0042,長崎県,長崎県,prefecture,unknown,hub,https://www.pref.nagasaki.jp/bunrui/hukushi-hoken/,2026-02-16T20:00:00+09:00,200,https://www.pref.nagasaki.jp/bunrui/hukushi-hoken/,福祉・保健,ja,,custom,false,true,true,8cat_horizontal,true,keyword,true,false,false,,false,false,true,false,,true,true,,true,true,font_size(標準拡大)+背景色(白黒青),false,false,false,,,,,福祉・保健カテゴリ,,
S0042,長崎県,長崎県,prefecture,unknown,article,https://www.pref.nagasaki.jp/kensei/koho/,2026-02-16T20:00:00+09:00,200,https://www.pref.nagasaki.jp/kensei/koho/,広報,ja,,custom,false,true,true,8cat_horizontal,true,keyword,true,false,false,,true,true,false,false,,true,true,,true,true,font_size(標準拡大)+背景色(白黒青),true,false,false,,,,,広報,,
S0043,熊本県,熊本県,prefecture,unknown,top,https://www.pref.kumamoto.jp/,2026-02-16T20:00:00+09:00,200,https://www.pref.kumamoto.jp/,熊本県ホームページ,ja,,custom,false,true,true,6cat_horizontal,true,keyword+pageNo,false,false,true,緊急情報(4件),true,false,true,false,,true,true,,true,true,ReadSpeaker+font_size(標準拡大)+背景色(白黒青),false,false,false,,,,,GTM(GTM-MHNSL4B); 多言語(6:英中繁韓仏越),,
S0043,熊本県,熊本県,prefecture,unknown,contact,https://www.pref.kumamoto.jp/soshiki/,2026-02-16T20:00:00+09:00,200,https://www.pref.kumamoto.jp/soshiki/,組織から探す,ja,,custom,false,true,true,6cat_horizontal,true,keyword+pageNo,true,false,false,,false,false,false,false,,true,true,,true,true,ReadSpeaker+font_size(標準拡大)+背景色(白黒青),false,false,false,,,,,組織一覧,,
S0043,熊本県,熊本県,prefecture,unknown,service,https://www.pref.kumamoto.jp/soshiki/36/76224.html,2026-02-16T20:00:00+09:00,200,https://www.pref.kumamoto.jp/soshiki/36/76224.html,児童手当について,ja,,custom,false,true,true,6cat_horizontal,true,keyword+pageNo,true,true,false,,false,false,false,false,,true,true,,true,true,ReadSpeaker+font_size(標準拡大)+背景色(白黒青),true,false,true,PDF,,,,児童手当,,
S0043,熊本県,熊本県,prefecture,unknown,hub,https://www.pref.kumamoto.jp/life/,2026-02-16T20:00:00+09:00,200,https://www.pref.kumamoto.jp/life/,くらしの情報,ja,,custom,false,true,true,6cat_horizontal,true,keyword+pageNo,true,false,false,,false,false,true,false,,true,true,,true,true,ReadSpeaker+font_size(標準拡大)+背景色(白黒青),false,false,false,,,,,くらしカテゴリ,,
S0043,熊本県,熊本県,prefecture,unknown,article,https://www.pref.kumamoto.jp/kensei/koho/,2026-02-16T20:00:00+09:00,200,https://www.pref.kumamoto.jp/kensei/koho/,広報くまもと,ja,,custom,false,true,true,6cat_horizontal,true,keyword+pageNo,true,false,false,,true,true,false,false,,true,true,,true,true,ReadSpeaker+font_size(標準拡大)+背景色(白黒青),true,false,false,,,,,広報,,
S0044,大分県,大分県,prefecture,unknown,top,https://www.pref.oita.jp/,2026-02-16T20:00:00+09:00,200,https://www.pref.oita.jp/,大分県ホームページ,ja,,custom,false,true,true,6cat_horizontal,true,keyword+pageNo,false,false,true,佐賀関大規模火災,true,false,true,true,carousel,true,true,,true,true,font_size(標準拡大)+背景色(白黒青)+読み上げ+ルビふり,false,false,false,,,,,GTM(GTM-PNHQZDN); 多言語,,
S0044,大分県,大分県,prefecture,unknown,contact,https://www.pref.oita.jp/soshiki/10400/soudanmadoguchi.html,2026-02-16T20:00:00+09:00,200,https://www.pref.oita.jp/soshiki/10400/soudanmadoguchi.html,相談窓口一覧,ja,,custom,false,true,true,6cat_horizontal,true,keyword+pageNo,true,false,false,,false,false,false,false,,true,true,,true,true,font_size(標準拡大)+背景色(白黒青)+読み上げ+ルビふり,false,false,false,,,,,相談窓口,,
S0044,大分県,大分県,prefecture,unknown,service,https://www.pref.oita.jp/soshiki/12470/zidouteate.html,2026-02-16T20:00:00+09:00,200,https://www.pref.oita.jp/soshiki/12470/zidouteate.html,児童手当について,ja,,custom,false,true,true,6cat_horizontal,true,keyword+pageNo,true,true,false,,false,false,false,false,,true,true,,true,true,font_size(標準拡大)+背景色(白黒青)+読み上げ+ルビふり,true,false,true,PDF,,,,児童手当,,
S0044,大分県,大分県,prefecture,unknown,hub,https://www.pref.oita.jp/site/,2026-02-16T20:00:00+09:00,200,https://www.pref.oita.jp/site/,テーマから探す,ja,,custom,false,true,true,6cat_horizontal,true,keyword+pageNo,true,false,false,,false,false,true,false,,true,true,,true,true,font_size(標準拡大)+背景色(白黒青)+読み上げ+ルビふり,false,false,false,,,,,テーマ別カテゴリ,,
S0044,大分県,大分県,prefecture,unknown,article,https://www.pref.oita.jp/kensei/koho/,2026-02-16T20:00:00+09:00,200,https://www.pref.oita.jp/kensei/koho/,広報おおいた,ja,,custom,false,true,true,6cat_horizontal,true,keyword+pageNo,true,false,false,,true,true,false,false,,true,true,,true,true,font_size(標準拡大)+背景色(白黒青)+読み上げ+ルビふり,true,false,false,,,,,広報,,
S0045,宮崎県,宮崎県,prefecture,unknown,top,https://www.pref.miyazaki.lg.jp/,2026-02-16T20:00:00+09:00,200,https://www.pref.miyazaki.lg.jp/,宮崎県ホームページ,ja,,custom,false,true,true,6cat_horizontal,true,keyword,false,false,true,緊急情報(現在なし),true,false,true,true,carousel,true,true,,true,true,font_size(拡大標準縮小)+背景色(標準青黄黒),false,false,false,,,,,SNS=FB+X+YT+IG+LINE+Blog; 多言語,,
S0045,宮崎県,宮崎県,prefecture,unknown,contact,https://www.pref.miyazaki.lg.jp/kohosenryaku/kense/koho/index-07.html,2026-02-16T20:00:00+09:00,200,https://www.pref.miyazaki.lg.jp/kohosenryaku/kense/koho/index-07.html,お問い合わせ,ja,,custom,false,true,true,6cat_horizontal,true,keyword,true,false,false,,false,false,false,false,,true,true,,true,true,font_size(拡大標準縮小)+背景色(標準青黄黒),false,false,false,,,,,問い合わせ,,
S0045,宮崎県,宮崎県,prefecture,unknown,service,https://www.pref.miyazaki.lg.jp/kodomo-seisaku/kyoikukosodate/kodomo/page00108.html,2026-02-16T20:00:00+09:00,200,https://www.pref.miyazaki.lg.jp/kodomo-seisaku/kyoikukosodate/kodomo/page00108.html,児童手当について,ja,,custom,false,true,true,6cat_horizontal,true,keyword,true,true,false,,false,false,false,false,,true,true,,true,true,font_size(拡大標準縮小)+背景色(標準青黄黒),true,false,true,PDF,,,,児童手当,,
S0045,宮崎県,宮崎県,prefecture,unknown,hub,https://www.pref.miyazaki.lg.jp/kurashi/,2026-02-16T20:00:00+09:00,200,https://www.pref.miyazaki.lg.jp/kurashi/,くらし・健康・福祉,ja,,custom,false,true,true,6cat_horizontal,true,keyword,true,false,false,,false,false,true,false,,true,true,,true,true,font_size(拡大標準縮小)+背景色(標準青黄黒),false,false,false,,,,,くらしカテゴリ,,
S0045,宮崎県,宮崎県,prefecture,unknown,article,https://www.pref.miyazaki.lg.jp/kensei/koho/,2026-02-16T20:00:00+09:00,200,https://www.pref.miyazaki.lg.jp/kensei/koho/,広報みやざき,ja,,custom,false,true,true,6cat_horizontal,true,keyword,true,false,false,,true,true,false,false,,true,true,,true,true,font_size(拡大標準縮小)+背景色(標準青黄黒),true,false,false,,,,,広報,,
S0046,鹿児島県,鹿児島県,prefecture,unknown,top,https://www.pref.kagoshima.jp/,2026-02-16T20:00:00+09:00,200,https://www.pref.kagoshima.jp/,鹿児島県ホームページ,ja,,custom,false,true,true,7cat_horizontal,true,Google_CSE,false,false,true,野生イノシシ豚熱,true,false,true,false,,true,true,,true,true,ReadSpeaker+mojiiro+やさしい日本語,false,false,false,,,,,Google_CSE(010935469551604429717); SNS=LINE+FB+X+IG+YT; 多言語,,
S0046,鹿児島県,鹿児島県,prefecture,unknown,contact,https://www.pref.kagoshima.jp/aa02/otoiawase.html,2026-02-16T20:00:00+09:00,200,https://www.pref.kagoshima.jp/aa02/otoiawase.html,お問い合わせ,ja,,custom,false,true,true,7cat_horizontal,true,Google_CSE,true,false,false,,false,false,false,false,,true,true,,true,true,ReadSpeaker+mojiiro+やさしい日本語,false,false,false,,,,,問い合わせ,,
S0046,鹿児島県,鹿児島県,prefecture,unknown,service,https://www.pref.kagoshima.jp/ab14/kenko-fukushi/kodomo/teate/kodomoteate3.html,2026-02-16T20:00:00+09:00,200,https://www.pref.kagoshima.jp/ab14/kenko-fukushi/kodomo/teate/kodomoteate3.html,児童手当について,ja,,custom,false,true,true,7cat_horizontal,true,Google_CSE,true,true,false,,false,false,false,false,,true,true,,true,true,ReadSpeaker+mojiiro+やさしい日本語,true,false,true,PDF,,,,児童手当,,
S0046,鹿児島県,鹿児島県,prefecture,unknown,hub,https://www.pref.kagoshima.jp/kurashi/,2026-02-16T20:00:00+09:00,200,https://www.pref.kagoshima.jp/kurashi/,くらし・環境,ja,,custom,false,true,true,7cat_horizontal,true,Google_CSE,true,false,false,,false,false,true,false,,true,true,,true,true,ReadSpeaker+mojiiro+やさしい日本語,false,false,false,,,,,くらしカテゴリ,,
S0046,鹿児島県,鹿児島県,prefecture,unknown,article,https://www.pref.kagoshima.jp/kensei/koho/,2026-02-16T20:00:00+09:00,200,https://www.pref.kagoshima.jp/kensei/koho/,広報かごしま,ja,,custom,false,true,true,7cat_horizontal,true,Google_CSE,true,false,false,,true,true,false,false,,true,true,,true,true,ReadSpeaker+mojiiro+やさしい日本語,true,false,false,,,,,広報,,
S0264,福岡県,北九州市,municipality,A,top,https://www.city.kitakyushu.lg.jp/,2026-02-16T21:00:00+09:00,200,https://www.city.kitakyushu.lg.jp/,北九州市ホームページ,ja,,custom,false,true,true,5cat_horizontal,true,keyword+pageNo(9桁),false,false,true,救急医療テレフォン,true,false,true,true,carousel,true,true,/category/file_0001.html,false,true,読み上げ,false,false,false,,,,,GTM(GTM-5W2D88K); chatbot(マイナンバーカード); SNS=IG+YT+LINE; 多言語,,
S0264,福岡県,北九州市,municipality,A,contact,https://www.city.kitakyushu.lg.jp/contents/924_00625.html,2026-02-16T21:00:00+09:00,200,https://www.city.kitakyushu.lg.jp/contents/924_00625.html,北九州市コールセンター,ja,,custom,false,true,true,5cat_horizontal,true,keyword+pageNo(9桁),true,false,false,,false,false,false,false,,true,true,/category/file_0001.html,false,true,読み上げ,false,false,false,,,,,コールセンター,,
S0264,福岡県,北九州市,municipality,A,service,https://www.city.kitakyushu.lg.jp/contents/924_10089.html,2026-02-16T21:00:00+09:00,200,https://www.city.kitakyushu.lg.jp/contents/924_10089.html,児童手当について,ja,,custom,false,true,true,5cat_horizontal,true,keyword+pageNo(9桁),true,true,false,,false,false,false,false,,true,true,/category/file_0001.html,false,true,読み上げ,true,false,true,PDF,,,,児童手当; 電子申請対応,,
S0264,福岡県,北九州市,municipality,A,hub,https://www.city.kitakyushu.lg.jp/kurashi/,2026-02-16T21:00:00+09:00,200,https://www.city.kitakyushu.lg.jp/kurashi/,くらしの情報,ja,,custom,false,true,true,5cat_horizontal,true,keyword+pageNo(9桁),true,false,false,,false,false,true,false,,true,true,/category/file_0001.html,false,true,読み上げ,false,false,false,,,,,くらしカテゴリ,,
S0264,福岡県,北九州市,municipality,A,article,https://www.city.kitakyushu.lg.jp/shisei/koho/,2026-02-16T21:00:00+09:00,200,https://www.city.kitakyushu.lg.jp/shisei/koho/,広報きたきゅうしゅう,ja,,custom,false,true,true,5cat_horizontal,true,keyword+pageNo(9桁),true,false,false,,true,true,false,false,,true,true,/category/file_0001.html,false,true,読み上げ,true,false,false,,,,,広報,,
S0266,熊本県,熊本市,municipality,A,top,https://www.city.kumamoto.jp/,2026-02-16T21:00:00+09:00,200,https://www.city.kumamoto.jp/,熊本市ホームページ,ja,,custom(ASP.NET),false,true,true,12cat_horizontal,true,sitesearch_API,false,false,true,令和8年8月10日豪雨,true,false,true,true,slick(fade+3slides),true,true,,true,true,ReadSpeaker+font_size(標準拡大)+背景色(青黒白)+やさしい日本語+ふりがな,false,false,false,,,,,GTM(GTM-K2ZW8KZM); chatbot(AIひごまるコール); SNS=LINE+X+FB+YT; 多言語(5)+専用アプリ,,
S0266,熊本県,熊本市,municipality,A,contact,https://www.city.kumamoto.jp/soshiki/,2026-02-16T21:00:00+09:00,200,https://www.city.kumamoto.jp/soshiki/,組織から探す,ja,,custom(ASP.NET),false,true,true,12cat_horizontal,true,sitesearch_API,true,false,false,,false,false,false,false,,true,true,,true,true,ReadSpeaker+font_size(標準拡大)+背景色(青黒白)+やさしい日本語+ふりがな,false,false,false,,,,,組織一覧,,
S0266,熊本県,熊本市,municipality,A,service,https://www.city.kumamoto.jp/kiji0031996/index.html,2026-02-16T21:00:00+09:00,200,https://www.city.kumamoto.jp/kiji0031996/index.html,児童手当について,ja,,custom(ASP.NET),false,true,true,12cat_horizontal,true,sitesearch_API,true,true,false,,false,false,false,false,,true,true,,true,true,ReadSpeaker+font_size(標準拡大)+背景色(青黒白)+やさしい日本語+ふりがな,true,false,true,PDF,,,,児童手当; 区別ページあり(東区西区中央区南区北区),,
S0266,熊本県,熊本市,municipality,A,hub,https://www.city.kumamoto.jp/life/,2026-02-16T21:00:00+09:00,200,https://www.city.kumamoto.jp/life/,くらしの情報,ja,,custom(ASP.NET),false,true,true,12cat_horizontal,true,sitesearch_API,true,false,false,,false,false,true,false,,true,true,,true,true,ReadSpeaker+font_size(標準拡大)+背景色(青黒白)+やさしい日本語+ふりがな,false,false,false,,,,,くらしカテゴリ,,
S0266,熊本県,熊本市,municipality,A,article,https://www.city.kumamoto.jp/shisei/koho/,2026-02-16T21:00:00+09:00,200,https://www.city.kumamoto.jp/shisei/koho/,広報くまもと,ja,,custom(ASP.NET),false,true,true,12cat_horizontal,true,sitesearch_API,true,false,false,,true,true,false,false,,true,true,,true,true,ReadSpeaker+font_size(標準拡大)+背景色(青黒白)+やさしい日本語+ふりがな,true,false,false,,,,,広報,,
S0267,福岡県,久留米市,municipality,B,top,https://www.city.kurume.fukuoka.jp/,2026-02-16T21:00:00+09:00,200,https://www.city.kurume.fukuoka.jp/,久留米市ホームページ,ja,,custom,false,true,true,11cat_horizontal,true,keyword,false,false,true,衆議院選速報,true,false,true,true,carousel(再生停止),true,true,,false,true,font_size(小中大)+やさしい日本語,false,false,false,,,,,UA(UA-218059833-1)+GA(G-80EV79F7HR); chatbot(AIくるっぱ); SNS=YT+LINE; 多言語(英中繁韓+他),,
S0267,福岡県,久留米市,municipality,B,contact,https://www.city.kurume.fukuoka.jp/soshiki/,2026-02-16T21:00:00+09:00,200,https://www.city.kurume.fukuoka.jp/soshiki/,組織から探す,ja,,custom,false,true,true,11cat_horizontal,true,keyword,true,false,false,,false,false,false,false,,true,true,,false,true,font_size(小中大)+やさしい日本語,false,false,false,,,,,組織一覧,,
S0267,福岡県,久留米市,municipality,B,service,https://www.city.kurume.fukuoka.jp/1060manabi/2010kosodate/3050kosodate/jidoteate.html,2026-02-16T21:00:00+09:00,200,https://www.city.kurume.fukuoka.jp/1060manabi/2010kosodate/3050kosodate/jidoteate.html,児童手当,ja,,custom,false,true,true,11cat_horizontal,true,keyword,true,true,false,,false,false,false,false,,true,true,,false,true,font_size(小中大)+やさしい日本語,true,false,true,PDF,,,,児童手当,,
S0267,福岡県,久留米市,municipality,B,hub,https://www.city.kurume.fukuoka.jp/1060manabi/,2026-02-16T21:00:00+09:00,200,https://www.city.kurume.fukuoka.jp/1060manabi/,学ぶ・遊ぶ・子育て,ja,,custom,false,true,true,11cat_horizontal,true,keyword,true,false,false,,false,false,true,false,,true,true,,false,true,font_size(小中大)+やさしい日本語,false,false,false,,,,,学ぶ・子育てカテゴリ,,
S0267,福岡県,久留米市,municipality,B,article,https://www.city.kurume.fukuoka.jp/shisei/koho/,2026-02-16T21:00:00+09:00,200,https://www.city.kurume.fukuoka.jp/shisei/koho/,広報くるめ,ja,,custom,false,true,true,11cat_horizontal,true,keyword,true,false,false,,true,true,false,false,,true,true,,false,true,font_size(小中大)+やさしい日本語,true,false,false,,,,,広報,,
S0268,長崎県,長崎市,municipality,B,top,https://www.city.nagasaki.lg.jp/,2026-02-16T21:00:00+09:00,200,https://www.city.nagasaki.lg.jp/,長崎市ホームページ,ja,,custom,false,true,true,7cat_horizontal,true,Google_CSE,false,false,true,インフルエンザ流行警報,true,false,true,true,slick_carousel,true,true,,true,true,ReadSpeaker+font_size(標準拡大)+背景色(白黒青)+やさしい日本語(ツタエル),false,false,false,,,,,GA(G-69KSXF4EDG); SNS=X+FB+YT+LINE; 多言語,,
S0268,長崎県,長崎市,municipality,B,contact,https://www.city.nagasaki.lg.jp/soshiki/,2026-02-16T21:00:00+09:00,200,https://www.city.nagasaki.lg.jp/soshiki/,組織から探す,ja,,custom,false,true,true,7cat_horizontal,true,Google_CSE,true,false,false,,false,false,false,false,,true,true,,true,true,ReadSpeaker+font_size(標準拡大)+背景色(白黒青)+やさしい日本語(ツタエル),false,false,false,,,,,組織一覧,,
S0268,長崎県,長崎市,municipality,B,service,https://www.city.nagasaki.lg.jp/site/e-kao/6510.html,2026-02-16T21:00:00+09:00,200,https://www.city.nagasaki.lg.jp/site/e-kao/6510.html,児童手当,ja,,custom,false,true,true,7cat_horizontal,true,Google_CSE,true,true,false,,false,false,false,false,,true,true,,true,true,ReadSpeaker+font_size(標準拡大)+背景色(白黒青)+やさしい日本語(ツタエル),true,false,true,PDF,,,,児童手当,,
S0268,長崎県,長崎市,municipality,B,hub,https://www.city.nagasaki.lg.jp/life/,2026-02-16T21:00:00+09:00,200,https://www.city.nagasaki.lg.jp/life/,くらし・手続き,ja,,custom,false,true,true,7cat_horizontal,true,Google_CSE,true,false,false,,false,false,true,false,,true,true,,true,true,ReadSpeaker+font_size(標準拡大)+背景色(白黒青)+やさしい日本語(ツタエル),false,false,false,,,,,くらしカテゴリ,,
S0268,長崎県,長崎市,municipality,B,article,https://www.city.nagasaki.lg.jp/shisei/koho/,2026-02-16T21:00:00+09:00,200,https://www.city.nagasaki.lg.jp/shisei/koho/,広報ながさき,ja,,custom,false,true,true,7cat_horizontal,true,Google_CSE,true,false,false,,true,true,false,false,,true,true,,true,true,ReadSpeaker+font_size(標準拡大)+背景色(白黒青)+やさしい日本語(ツタエル),true,false,false,,,,,広報,,
S0269,長崎県,佐世保市,municipality,B,top,https://www.city.sasebo.lg.jp/,2026-02-16T21:00:00+09:00,200,https://www.city.sasebo.lg.jp/,佐世保市役所ホームページ,ja,,custom,false,true,true,5cat_horizontal,true,keyword,false,false,true,緊急情報(外部リンク),true,false,true,true,carousel(5img),true,false,,false,false,,false,false,false,,,,,JS必須,,
S0269,長崎県,佐世保市,municipality,B,contact,https://www.city.sasebo.lg.jp/soshiki/,2026-02-16T21:00:00+09:00,200,https://www.city.sasebo.lg.jp/soshiki/,組織案内,ja,,custom,false,true,true,5cat_horizontal,true,keyword,true,false,false,,false,false,false,false,,true,false,,false,false,,false,false,false,,,,,組織一覧,,
S0269,長崎県,佐世保市,municipality,B,service,https://www.city.sasebo.lg.jp/kodomomirai/kodoshie/jidoteate.html,2026-02-16T21:00:00+09:00,200,https://www.city.sasebo.lg.jp/kodomomirai/kodoshie/jidoteate.html,児童手当,ja,,custom,false,true,true,5cat_horizontal,true,keyword,true,true,false,,false,false,false,false,,true,false,,false,false,,true,false,true,PDF,,,,児童手当,,
S0269,長崎県,佐世保市,municipality,B,hub,https://www.city.sasebo.lg.jp/kurashi/,2026-02-16T21:00:00+09:00,200,https://www.city.sasebo.lg.jp/kurashi/,くらしの情報,ja,,custom,false,true,true,5cat_horizontal,true,keyword,true,false,false,,false,false,true,false,,true,false,,false,false,,false,false,false,,,,,くらしカテゴリ,,
S0269,長崎県,佐世保市,municipality,B,article,https://www.city.sasebo.lg.jp/shisei/koho/,2026-02-16T21:00:00+09:00,200,https://www.city.sasebo.lg.jp/shisei/koho/,広報させぼ,ja,,custom,false,true,true,5cat_horizontal,true,keyword,true,false,false,,true,true,false,false,,true,false,,false,false,,true,false,false,,,,,広報,,
S0270,大分県,大分市,municipality,B,top,https://www.city.oita.oita.jp/,2026-02-16T21:00:00+09:00,200,https://www.city.oita.oita.jp/,大分市ホームページ,ja,,custom,false,true,true,8cat_horizontal,true,keyword,false,false,true,緊急情報(現在なし+RSS),true,false,true,true,carousel,true,true,,true,true,ReadSpeaker(7077)+font_size+色合い,false,false,false,,,,,SNS=LINE; 多言語,,
S0270,大分県,大分市,municipality,B,contact,https://www.city.oita.oita.jp/o029/shisejoho/kohokocho/1268121393592.html,2026-02-16T21:00:00+09:00,200,https://www.city.oita.oita.jp/o029/shisejoho/kohokocho/1268121393592.html,ご意見・ご提案,ja,,custom,false,true,true,8cat_horizontal,true,keyword,true,false,false,,false,false,false,false,,true,true,,true,true,ReadSpeaker(7077)+font_size+色合い,false,false,false,,,,,ご意見フォーム,,
S0270,大分県,大分市,municipality,B,service,https://www.city.oita.oita.jp/o107/kosodate/ninshin/1269517691993.html,2026-02-16T21:00:00+09:00,200,https://www.city.oita.oita.jp/o107/kosodate/ninshin/1269517691993.html,児童手当についてお知らせします,ja,,custom,false,true,true,8cat_horizontal,true,keyword,true,true,false,,false,false,false,false,,true,true,,true,true,ReadSpeaker(7077)+font_size+色合い,true,false,true,PDF,,,,児童手当; FAQ連動,,
S0270,大分県,大分市,municipality,B,hub,https://www.city.oita.oita.jp/kurashi/,2026-02-16T21:00:00+09:00,200,https://www.city.oita.oita.jp/kurashi/,くらし・手続き,ja,,custom,false,true,true,8cat_horizontal,true,keyword,true,false,false,,false,false,true,false,,true,true,,true,true,ReadSpeaker(7077)+font_size+色合い,false,false,false,,,,,くらしカテゴリ,,
S0270,大分県,大分市,municipality,B,article,https://www.city.oita.oita.jp/shisei/koho/,2026-02-16T21:00:00+09:00,200,https://www.city.oita.oita.jp/shisei/koho/,広報おおいた,ja,,custom,false,true,true,8cat_horizontal,true,keyword,true,false,false,,true,true,false,false,,true,true,,true,true,ReadSpeaker(7077)+font_size+色合い,true,false,false,,,,,広報,,
S0271,宮崎県,宮崎市,municipality,B,top,https://www.city.miyazaki.miyazaki.jp/,2026-02-16T21:00:00+09:00,200,https://www.city.miyazaki.miyazaki.jp/,宮崎市ホームページ,ja,,custom,false,true,true,7cat_horizontal,true,Google_CSE,false,false,true,STOP(消防防災+休日夜間),true,false,true,true,carousel,true,true,,true,true,音声読み上げ+font_size(小標準大)+ふりがな,false,false,false,,,,,GTM(GTM-5GHL5GZ)+UA(UA-35505447-1)+Clarity(mki6jm3aav); chatbot; SNS=X+IG+FB+YT+LINE; 多言語,,
S0271,宮崎県,宮崎市,municipality,B,contact,https://www.city.miyazaki.miyazaki.jp/city/public_relations/hearing/contact.html,2026-02-16T21:00:00+09:00,200,https://www.city.miyazaki.miyazaki.jp/city/public_relations/hearing/contact.html,ご意見・お問い合わせ,ja,,custom,false,true,true,7cat_horizontal,true,Google_CSE,true,false,false,,false,false,false,false,,true,true,,true,true,音声読み上げ+font_size(小標準大)+ふりがな,false,false,false,,,,,問い合わせフォーム,,
S0271,宮崎県,宮崎市,municipality,B,service,https://www.city.miyazaki.miyazaki.jp/education/allowance/362.html,2026-02-16T21:00:00+09:00,200,https://www.city.miyazaki.miyazaki.jp/education/allowance/362.html,児童手当,ja,,custom,false,true,true,7cat_horizontal,true,Google_CSE,true,true,false,,false,false,false,false,,true,true,,true,true,音声読み上げ+font_size(小標準大)+ふりがな,true,false,true,PDF,,,,児童手当,,
S0271,宮崎県,宮崎市,municipality,B,hub,https://www.city.miyazaki.miyazaki.jp/life/,2026-02-16T21:00:00+09:00,200,https://www.city.miyazaki.miyazaki.jp/life/,くらし・手続き,ja,,custom,false,true,true,7cat_horizontal,true,Google_CSE,true,false,false,,false,false,true,false,,true,true,,true,true,音声読み上げ+font_size(小標準大)+ふりがな,false,false,false,,,,,くらしカテゴリ,,
S0271,宮崎県,宮崎市,municipality,B,article,https://www.city.miyazaki.miyazaki.jp/shisei/koho/,2026-02-16T21:00:00+09:00,200,https://www.city.miyazaki.miyazaki.jp/shisei/koho/,広報みやざき,ja,,custom,false,true,true,7cat_horizontal,true,Google_CSE,true,false,false,,true,true,false,false,,true,true,,true,true,音声読み上げ+font_size(小標準大)+ふりがな,true,false,false,,,,,広報,,
S0273,沖縄県,那覇市,municipality,B,top,https://www.city.naha.okinawa.jp/,2026-02-16T22:00:00+09:00,200,https://www.city.naha.okinawa.jp/,那覇市ホームページ,ja,,custom,false,true,true,8cat_horizontal,true,keyword,false,false,false,,true,false,true,true,carousel(IG_feed),true,true,,true,true,font_size+色合い+音声読み上げ,false,false,false,,,,,GA(G-BSL5TZEJ24); SNS=LINE+X+IG+YT; Google翻訳(英中繁韓西葡ネパール); nicotto-navi,,
S0273,沖縄県,那覇市,municipality,B,contact,https://www.city.naha.okinawa.jp/soshiki/,2026-02-16T22:00:00+09:00,200,https://www.city.naha.okinawa.jp/soshiki/,組織から探す,ja,,custom,false,true,true,8cat_horizontal,true,keyword,true,false,false,,false,false,false,false,,true,true,,true,true,font_size+色合い+音声読み上げ,false,false,false,,,,,組織一覧,,
S0273,沖縄県,那覇市,municipality,B,service,https://www.city.naha.okinawa.jp/child/kosodateouen/1002849/index.html,2026-02-16T22:00:00+09:00,200,https://www.city.naha.okinawa.jp/child/kosodateouen/1002849/index.html,児童手当,ja,,custom,false,true,true,8cat_horizontal,true,keyword,true,true,false,,false,false,false,false,,true,true,,true,true,font_size+色合い+音声読み上げ,true,false,true,PDF,,,,児童手当,,
S0273,沖縄県,那覇市,municipality,B,hub,https://www.city.naha.okinawa.jp/life/,2026-02-16T22:00:00+09:00,200,https://www.city.naha.okinawa.jp/life/,くらしの情報,ja,,custom,false,true,true,8cat_horizontal,true,keyword,true,false,false,,false,false,true,false,,true,true,,true,true,font_size+色合い+音声読み上げ,false,false,false,,,,,くらしカテゴリ,,
S0273,沖縄県,那覇市,municipality,B,article,https://www.city.naha.okinawa.jp/shisei/koho/,2026-02-16T22:00:00+09:00,200,https://www.city.naha.okinawa.jp/shisei/koho/,広報なは,ja,,custom,false,true,true,8cat_horizontal,true,keyword,true,false,false,,true,true,false,false,,true,true,,true,true,font_size+色合い+音声読み上げ,true,false,false,,,,,広報,,
S0275,福岡県,飯塚市,municipality,C,top,https://www.city.iizuka.lg.jp/,2026-02-16T22:00:00+09:00,200,https://www.city.iizuka.lg.jp/,飯塚市ホームページ,ja,,custom(PHP+cgi-bin),false,true,true,8cat_horizontal,true,keyword,false,false,false,,true,false,true,true,carousel(4img),true,true,,true,true,font_size+色合い+読み上げ(ツタエル)+ひらがな+やさしい日本語,false,false,false,,,,,chatbot; SNS=FB+X+IG+LINE+YT; 多言語(英中繁韓),,
S0275,福岡県,飯塚市,municipality,C,contact,https://www.city.iizuka.lg.jp/soshiki/,2026-02-16T22:00:00+09:00,200,https://www.city.iizuka.lg.jp/soshiki/,組織から探す,ja,,custom(PHP+cgi-bin),false,true,true,8cat_horizontal,true,keyword,true,false,false,,false,false,false,false,,true,true,,true,true,font_size+色合い+読み上げ(ツタエル)+ひらがな+やさしい日本語,false,false,false,,,,,組織一覧,,
S0275,福岡県,飯塚市,municipality,C,service,https://www.city.iizuka.lg.jp/kodomoboshi/kenko/kosodate/teate/jidouteate.html,2026-02-16T22:00:00+09:00,200,https://www.city.iizuka.lg.jp/kodomoboshi/kenko/kosodate/teate/jidouteate.html,児童手当,ja,,custom(PHP+cgi-bin),false,true,true,8cat_horizontal,true,keyword,true,true,false,,false,false,false,false,,true,true,,true,true,font_size+色合い+読み上げ(ツタエル)+ひらがな+やさしい日本語,true,false,true,PDF,,,,児童手当,,
S0275,福岡県,飯塚市,municipality,C,hub,https://www.city.iizuka.lg.jp/life/,2026-02-16T22:00:00+09:00,200,https://www.city.iizuka.lg.jp/life/,くらしの情報,ja,,custom(PHP+cgi-bin),false,true,true,8cat_horizontal,true,keyword,true,false,false,,false,false,true,false,,true,true,,true,true,font_size+色合い+読み上げ(ツタエル)+ひらがな+やさしい日本語,false,false,false,,,,,くらしカテゴリ,,
S0275,福岡県,飯塚市,municipality,C,article,https://www.city.iizuka.lg.jp/shisei/koho/,2026-02-16T22:00:00+09:00,200,https://www.city.iizuka.lg.jp/shisei/koho/,広報いいづか,ja,,custom(PHP+cgi-bin),false,true,true,8cat_horizontal,true,keyword,true,false,false,,true,true,false,false,,true,true,,true,true,font_size+色合い+読み上げ(ツタエル)+ひらがな+やさしい日本語,true,false,false,,,,,広報,,
S0276,福岡県,大牟田市,municipality,C,top,https://www.city.omuta.lg.jp/,2026-02-16T22:00:00+09:00,200,https://www.city.omuta.lg.jp/,大牟田市ホームページ,ja,,custom,false,true,true,5cat_horizontal,true,keyword,false,false,false,,true,false,true,true,bxSlider+slick,true,true,,true,true,font_size+背景色(青黒白)+やさしいブラウザ,false,false,false,,,,,GA(G-QYTQ13K2FJ)+UA(UA-48534402-1); SNS=FB+X+LINE+YT; 多言語(英中繁韓); FAQ,,
S0276,福岡県,大牟田市,municipality,C,contact,https://www.city.omuta.lg.jp/soshiki/,2026-02-16T22:00:00+09:00,200,https://www.city.omuta.lg.jp/soshiki/,組織から探す,ja,,custom,false,true,true,5cat_horizontal,true,keyword,true,false,false,,false,false,false,false,,true,true,,true,true,font_size+背景色(青黒白)+やさしいブラウザ,false,false,false,,,,,組織一覧,,
S0276,福岡県,大牟田市,municipality,C,service,https://www.city.omuta.lg.jp/kiji0031055/index.html,2026-02-16T22:00:00+09:00,200,https://www.city.omuta.lg.jp/kiji0031055/index.html,児童手当,ja,,custom,false,true,true,5cat_horizontal,true,keyword,true,true,false,,false,false,false,false,,true,true,,true,true,font_size+背景色(青黒白)+やさしいブラウザ,true,false,true,PDF,,,,児童手当,,
S0276,福岡県,大牟田市,municipality,C,hub,https://www.city.omuta.lg.jp/life/,2026-02-16T22:00:00+09:00,200,https://www.city.omuta.lg.jp/life/,くらしの情報,ja,,custom,false,true,true,5cat_horizontal,true,keyword,true,false,false,,false,false,true,false,,true,true,,true,true,font_size+背景色(青黒白)+やさしいブラウザ,false,false,false,,,,,くらしカテゴリ,,
S0276,福岡県,大牟田市,municipality,C,article,https://www.city.omuta.lg.jp/shisei/koho/,2026-02-16T22:00:00+09:00,200,https://www.city.omuta.lg.jp/shisei/koho/,広報おおむた,ja,,custom,false,true,true,5cat_horizontal,true,keyword,true,false,false,,true,true,false,false,,true,true,,true,true,font_size+背景色(青黒白)+やさしいブラウザ,true,false,false,,,,,広報,,
S0277,福岡県,春日市,municipality,C,top,https://www.city.kasuga.fukuoka.jp/,2026-02-16T22:00:00+09:00,200,https://www.city.kasuga.fukuoka.jp/,春日市ホームページ,ja,,custom,false,true,true,7cat_horizontal,true,keyword+pageID(7桁),false,false,false,,true,false,true,true,carousel(再生停止),true,true,,true,true,font_size+色合い+大文字印刷,false,false,false,,,,,GA(G-M1L9HH0Y64)+UA(UA-6732578-2); chatbot(福岡Public-Edia); SNS=YT; 多言語,,
S0277,福岡県,春日市,municipality,C,contact,https://www.city.kasuga.fukuoka.jp/soshiki/,2026-02-16T22:00:00+09:00,200,https://www.city.kasuga.fukuoka.jp/soshiki/,組織から探す,ja,,custom,false,true,true,7cat_horizontal,true,keyword+pageID(7桁),true,false,false,,false,false,false,false,,true,true,,true,true,font_size+色合い+大文字印刷,false,false,false,,,,,組織一覧,,
S0277,福岡県,春日市,municipality,C,service,https://www.city.kasuga.fukuoka.jp/kosodate/kosodate/kosodatesien/1001538/1001539.html,2026-02-16T22:00:00+09:00,200,https://www.city.kasuga.fukuoka.jp/kosodate/kosodate/kosodatesien/1001538/1001539.html,児童手当,ja,,custom,false,true,true,7cat_horizontal,true,keyword+pageID(7桁),true,true,false,,false,false,false,false,,true,true,,true,true,font_size+色合い+大文字印刷,true,false,true,PDF,,,,児童手当,,
S0277,福岡県,春日市,municipality,C,hub,https://www.city.kasuga.fukuoka.jp/life/,2026-02-16T22:00:00+09:00,200,https://www.city.kasuga.fukuoka.jp/life/,くらしの情報,ja,,custom,false,true,true,7cat_horizontal,true,keyword+pageID(7桁),true,false,false,,false,false,true,false,,true,true,,true,true,font_size+色合い+大文字印刷,false,false,false,,,,,くらしカテゴリ,,
S0277,福岡県,春日市,municipality,C,article,https://www.city.kasuga.fukuoka.jp/shisei/koho/,2026-02-16T22:00:00+09:00,200,https://www.city.kasuga.fukuoka.jp/shisei/koho/,広報かすが,ja,,custom,false,true,true,7cat_horizontal,true,keyword+pageID(7桁),true,false,false,,true,true,false,false,,true,true,,true,true,font_size+色合い+大文字印刷,true,false,false,,,,,広報,,
S0278,福岡県,筑紫野市,municipality,C,top,https://www.city.chikushino.fukuoka.jp/,2026-02-16T22:00:00+09:00,200,https://www.city.chikushino.fukuoka.jp/,筑紫野市ホームページ,ja,,custom,false,true,true,6cat_horizontal,true,Google_CSE+articleID,false,false,false,,true,false,true,true,banner_rotation,true,true,,true,true,font_size+背景色(白黒青)+ルビふり,false,false,false,,,,,GA(G-5ZMXEN9FQL); SNS=FB; 多言語; WCAG,,
S0278,福岡県,筑紫野市,municipality,C,contact,https://www.city.chikushino.fukuoka.jp/soshiki/,2026-02-16T22:00:00+09:00,200,https://www.city.chikushino.fukuoka.jp/soshiki/,組織から探す,ja,,custom,false,true,true,6cat_horizontal,true,Google_CSE+articleID,true,false,false,,false,false,false,false,,true,true,,true,true,font_size+背景色(白黒青)+ルビふり,false,false,false,,,,,組織一覧,,
S0278,福岡県,筑紫野市,municipality,C,service,https://www.city.chikushino.fukuoka.jp/soshiki/49/2217.html,2026-02-16T22:00:00+09:00,200,https://www.city.chikushino.fukuoka.jp/soshiki/49/2217.html,児童手当,ja,,custom,false,true,true,6cat_horizontal,true,Google_CSE+articleID,true,true,false,,false,false,false,false,,true,true,,true,true,font_size+背景色(白黒青)+ルビふり,true,false,false,,,/ssi/css/detail.css,,児童手当; 外部リンク(内閣府),,
S0278,福岡県,筑紫野市,municipality,C,hub,https://www.city.chikushino.fukuoka.jp/life/,2026-02-16T22:00:00+09:00,200,https://www.city.chikushino.fukuoka.jp/life/,くらしの情報,ja,,custom,false,true,true,6cat_horizontal,true,Google_CSE+articleID,true,false,false,,false,false,true,false,,true,true,,true,true,font_size+背景色(白黒青)+ルビふり,false,false,false,,,,,くらしカテゴリ,,
S0278,福岡県,筑紫野市,municipality,C,article,https://www.city.chikushino.fukuoka.jp/shisei/koho/,2026-02-16T22:00:00+09:00,200,https://www.city.chikushino.fukuoka.jp/shisei/koho/,広報ちくしの,ja,,custom,false,true,true,6cat_horizontal,true,Google_CSE+articleID,true,false,false,,true,true,false,false,,true,true,,true,true,font_size+背景色(白黒青)+ルビふり,true,false,false,,,,,広報,,
S0279,佐賀県,唐津市,municipality,C,top,https://www.city.karatsu.lg.jp/,2026-02-16T22:00:00+09:00,200,https://www.city.karatsu.lg.jp/,唐津市ホームページ,ja,,custom,false,true,true,8cat_horizontal,true,Google_CSE+pageID,false,false,false,,true,false,true,true,slick,true,true,,true,true,font_size+背景色(白黒青),false,false,false,,,,,GA(G-EKE7PF7MTF); chatbot; SNS(一覧ページ); 多言語,,
S0279,佐賀県,唐津市,municipality,C,contact,https://www.city.karatsu.lg.jp/soshiki/,2026-02-16T22:00:00+09:00,200,https://www.city.karatsu.lg.jp/soshiki/,組織から探す,ja,,custom,false,true,true,8cat_horizontal,true,Google_CSE+pageID,true,false,false,,false,false,false,false,,true,true,,true,true,font_size+背景色(白黒青),false,false,false,,,,,組織一覧,,
S0279,佐賀県,唐津市,municipality,C,service,https://www.city.karatsu.lg.jp/site/kosodate/3457.html,2026-02-16T22:00:00+09:00,200,https://www.city.karatsu.lg.jp/site/kosodate/3457.html,児童手当,ja,,custom,false,true,true,8cat_horizontal,true,Google_CSE+pageID,true,true,false,,false,false,false,false,,true,true,,true,true,font_size+背景色(白黒青),true,false,true,PDF,,,,児童手当,,
S0279,佐賀県,唐津市,municipality,C,hub,https://www.city.karatsu.lg.jp/life/,2026-02-16T22:00:00+09:00,200,https://www.city.karatsu.lg.jp/life/,くらしの情報,ja,,custom,false,true,true,8cat_horizontal,true,Google_CSE+pageID,true,false,false,,false,false,true,false,,true,true,,true,true,font_size+背景色(白黒青),false,false,false,,,,,くらしカテゴリ,,
S0279,佐賀県,唐津市,municipality,C,article,https://www.city.karatsu.lg.jp/shisei/koho/,2026-02-16T22:00:00+09:00,200,https://www.city.karatsu.lg.jp/shisei/koho/,広報からつ,ja,,custom,false,true,true,8cat_horizontal,true,Google_CSE+pageID,true,false,false,,true,true,false,false,,true,true,,true,true,font_size+背景色(白黒青),true,false,false,,,,,広報,,
S0280,長崎県,諫早市,municipality,C,top,https://www.city.isahaya.nagasaki.jp/,2026-02-16T22:00:00+09:00,200,https://www.city.isahaya.nagasaki.jp/,諫早市ホームページ,ja,,custom,true,true,true,8cat_horizontal,true,Google_CSE+pageID,false,false,false,,true,false,true,true,slick,true,true,,true,true,font_size+背景色(白黒青)+音声読み上げ,false,false,false,,,,,GA(G-YT4QS4R89C); KanaboVoice(host_id:city.isahaya); skip-link,,
S0280,長崎県,諫早市,municipality,C,contact,https://www.city.isahaya.nagasaki.jp/soshiki/,2026-02-16T22:00:00+09:00,200,https://www.city.isahaya.nagasaki.jp/soshiki/,組織から探す,ja,,custom,true,true,true,8cat_horizontal,true,Google_CSE+pageID,true,false,false,,false,false,false,false,,true,true,,true,true,font_size+背景色(白黒青)+音声読み上げ,false,false,false,,,,,組織一覧,,
S0280,長崎県,諫早市,municipality,C,service,https://www.city.isahaya.nagasaki.jp/soshiki/18/12885.html,2026-02-16T22:00:00+09:00,200,https://www.city.isahaya.nagasaki.jp/soshiki/18/12885.html,児童手当,ja,,custom,true,true,true,8cat_horizontal,true,Google_CSE+pageID,true,true,false,,false,false,false,false,,true,true,,true,true,font_size+背景色(白黒青)+音声読み上げ,true,false,false,,,,,児童手当; マイナンバーカード申請可,,
S0280,長崎県,諫早市,municipality,C,hub,https://www.city.isahaya.nagasaki.jp/life/,2026-02-16T22:00:00+09:00,200,https://www.city.isahaya.nagasaki.jp/life/,くらしの情報,ja,,custom,true,true,true,8cat_horizontal,true,Google_CSE+pageID,true,false,false,,false,false,true,false,,true,true,,true,true,font_size+背景色(白黒青)+音声読み上げ,false,false,false,,,,,くらしカテゴリ,,
S0280,長崎県,諫早市,municipality,C,article,https://www.city.isahaya.nagasaki.jp/shisei/koho/,2026-02-16T22:00:00+09:00,200,https://www.city.isahaya.nagasaki.jp/shisei/koho/,広報いさはや,ja,,custom,true,true,true,8cat_horizontal,true,Google_CSE+pageID,true,false,false,,true,true,false,false,,true,true,,true,true,font_size+背景色(白黒青)+音声読み上げ,true,false,false,,,,,広報,,
S0281,熊本県,八代市,municipality,C,top,https://www.city.yatsushiro.lg.jp/,2026-02-16T23:00:00+09:00,200,https://www.city.yatsushiro.lg.jp/,熊本県八代市,ja,,custom,false,true,true,6cat_horizontal,true,keyword(kumamoto-net_API),false,false,true,防災情報,true,false,true,true,bxSlider(fade60s),false,false,,false,false,,false,false,false,,,,,GA(G-L25YNL5GR7); SNS=LINE+FB+X; 多言語(英中繁韓); GoogleMapsAPI,,
S0281,熊本県,八代市,municipality,C,contact,https://www.city.yatsushiro.lg.jp/list02069.html,2026-02-16T23:00:00+09:00,200,https://www.city.yatsushiro.lg.jp/list02069.html,こども家庭支援課,ja,,custom,false,true,true,6cat_horizontal,true,keyword(kumamoto-net_API),true,false,false,,false,false,false,false,,false,false,,false,false,,false,false,false,,,,,こども家庭支援課,,
S0281,熊本県,八代市,municipality,C,service,https://www.city.yatsushiro.lg.jp/kiji00323684/index.html,2026-02-16T23:00:00+09:00,200,https://www.city.yatsushiro.lg.jp/kiji00323684/index.html,児童手当について,ja,,custom,false,true,true,6cat_horizontal,true,keyword(kumamoto-net_API),true,true,false,,false,false,false,false,,false,false,,false,false,,true,false,true,PDF,,,,児童手当,,
S0281,熊本県,八代市,municipality,C,hub,https://www.city.yatsushiro.lg.jp/life/,2026-02-16T23:00:00+09:00,200,https://www.city.yatsushiro.lg.jp/life/,くらしの情報,ja,,custom,false,true,true,6cat_horizontal,true,keyword(kumamoto-net_API),true,false,false,,false,false,true,false,,false,false,,false,false,,false,false,false,,,,,くらしカテゴリ,,
S0281,熊本県,八代市,municipality,C,article,https://www.city.yatsushiro.lg.jp/shisei/koho/,2026-02-16T23:00:00+09:00,200,https://www.city.yatsushiro.lg.jp/shisei/koho/,広報やつしろ,ja,,custom,false,true,true,6cat_horizontal,true,keyword(kumamoto-net_API),true,false,false,,true,true,false,false,,false,false,,false,false,,true,false,false,,,,,広報,,
S0282,大分県,別府市,municipality,C,top,https://www.city.beppu.oita.jp/,2026-02-16T23:00:00+09:00,200,https://www.city.beppu.oita.jp/,別府市公式ホームページ,ja,,custom,false,true,true,7cat_horizontal,true,Google_CSE,false,false,true,能登半島地震+ウクライナ支援,true,false,true,true,carousel(6slides),true,true,,true,true,font_size+背景色,false,false,false,,,,,GTM(GTM-KRVSD9J)+UA(UA-8368041-1); chatbot(生成AI子育て); SNS=X+FB+LINE+IG; 多言語(英韓簡繁); GoogleSheetsAPI(緊急),,
S0282,大分県,別府市,municipality,C,contact,https://www.city.beppu.oita.jp/soshiki/,2026-02-16T23:00:00+09:00,200,https://www.city.beppu.oita.jp/soshiki/,組織から探す,ja,,custom,false,true,true,7cat_horizontal,true,Google_CSE,true,false,false,,false,false,false,false,,true,true,,true,true,font_size+背景色,false,false,false,,,,,組織一覧,,
S0282,大分県,別府市,municipality,C,service,https://www.city.beppu.oita.jp/kosodate/teatejyosei/detail15.html,2026-02-16T23:00:00+09:00,200,https://www.city.beppu.oita.jp/kosodate/teatejyosei/detail15.html,児童手当,ja,,custom,false,true,true,7cat_horizontal,true,Google_CSE,true,true,false,,false,false,false,false,,true,true,,true,true,font_size+背景色,true,false,true,PDF,,,,児童手当; 寄附制度あり,,
S0282,大分県,別府市,municipality,C,hub,https://www.city.beppu.oita.jp/seikatu/,2026-02-16T23:00:00+09:00,200,https://www.city.beppu.oita.jp/seikatu/,生活,ja,,custom,false,true,true,7cat_horizontal,true,Google_CSE,true,false,false,,false,false,true,false,,true,true,,true,true,font_size+背景色,false,false,false,,,,,生活カテゴリ,,
S0282,大分県,別府市,municipality,C,article,https://www.city.beppu.oita.jp/shisei/koho/,2026-02-16T23:00:00+09:00,200,https://www.city.beppu.oita.jp/shisei/koho/,広報べっぷ,ja,,custom,false,true,true,7cat_horizontal,true,Google_CSE,true,false,false,,true,true,false,false,,true,true,,true,true,font_size+背景色,true,false,false,,,,,広報,,
S0283,宮崎県,都城市,municipality,C,top,https://www.city.miyakonojo.miyazaki.jp/,2026-02-16T23:00:00+09:00,200,https://www.city.miyakonojo.miyazaki.jp/,宮崎県都城市ホームページ,ja,,custom,true,true,true,6cat_horizontal,true,Google_CSE+pageNo,false,false,true,防災情報,true,false,true,false,,true,true,,true,true,font_size(標準拡大)+背景色(白黒青)+読み上げ+ふりがな+やさしい日本語,false,false,false,,,,,GA(G-5H3BNLF85P)+UA(UA-36241027-1); chatbot(nakanohito UL966); SNS=FB+LINE; tsutaeru; /ssi/css/,,
S0283,宮崎県,都城市,municipality,C,contact,https://www.city.miyakonojo.miyazaki.jp/soshiki/,2026-02-16T23:00:00+09:00,200,https://www.city.miyakonojo.miyazaki.jp/soshiki/,組織から探す,ja,,custom,true,true,true,6cat_horizontal,true,Google_CSE+pageNo,true,false,false,,false,false,false,false,,true,true,,true,true,font_size(標準拡大)+背景色(白黒青)+読み上げ+ふりがな+やさしい日本語,false,false,false,,,,,組織一覧,,
S0283,宮崎県,都城市,municipality,C,service,https://www.city.miyakonojo.miyazaki.jp/soshiki/66/3008.html,2026-02-16T23:00:00+09:00,200,https://www.city.miyakonojo.miyazaki.jp/soshiki/66/3008.html,児童手当を支給しています,ja,,custom,true,true,true,6cat_horizontal,true,Google_CSE+pageNo,true,true,false,,false,false,false,false,,true,true,,true,true,font_size(標準拡大)+背景色(白黒青)+読み上げ+ふりがな+やさしい日本語,true,false,true,PDF,,,,児童手当; 電子申請(マイナポータル),,
S0283,宮崎県,都城市,municipality,C,hub,https://www.city.miyakonojo.miyazaki.jp/life/,2026-02-16T23:00:00+09:00,200,https://www.city.miyakonojo.miyazaki.jp/life/,くらし・手続き,ja,,custom,true,true,true,6cat_horizontal,true,Google_CSE+pageNo,true,false,false,,false,false,true,false,,true,true,,true,true,font_size(標準拡大)+背景色(白黒青)+読み上げ+ふりがな+やさしい日本語,false,false,false,,,,,くらしカテゴリ,,
S0283,宮崎県,都城市,municipality,C,article,https://www.city.miyakonojo.miyazaki.jp/shisei/koho/,2026-02-16T23:00:00+09:00,200,https://www.city.miyakonojo.miyazaki.jp/shisei/koho/,広報都城,ja,,custom,true,true,true,6cat_horizontal,true,Google_CSE+pageNo,true,false,false,,true,true,false,false,,true,true,,true,true,font_size(標準拡大)+背景色(白黒青)+読み上げ+ふりがな+やさしい日本語,true,false,false,,,,,広報; RSS,,
S0284,宮崎県,延岡市,municipality,C,top,https://www.city.nobeoka.miyazaki.jp/,2026-02-16T23:00:00+09:00,200,https://www.city.nobeoka.miyazaki.jp/,延岡市公式ホームページ,ja,,custom,true,true,true,5cat_horizontal,true,Google_CSE,false,false,true,林野火災注意,true,false,true,true,slick,true,true,,true,true,ReadSpeaker+font_size(標準拡大)+背景色(白黒青),false,false,false,,,,,GTM(GTM-594BKD)+GA(G-M91YNT3GPX); chatbot(UL1908); SNS=FB+LINE+YT; 多言語,,
S0284,宮崎県,延岡市,municipality,C,contact,https://www.city.nobeoka.miyazaki.jp/soshiki/,2026-02-16T23:00:00+09:00,200,https://www.city.nobeoka.miyazaki.jp/soshiki/,組織から探す,ja,,custom,true,true,true,5cat_horizontal,true,Google_CSE,true,false,false,,false,false,false,false,,true,true,,true,true,ReadSpeaker+font_size(標準拡大)+背景色(白黒青),false,false,false,,,,,組織一覧,,
S0284,宮崎県,延岡市,municipality,C,service,https://www.city.nobeoka.miyazaki.jp/soshiki/32/1069.html,2026-02-16T23:00:00+09:00,200,https://www.city.nobeoka.miyazaki.jp/soshiki/32/1069.html,児童手当,ja,,custom,true,true,true,5cat_horizontal,true,Google_CSE,true,true,false,,false,false,false,false,,true,true,,true,true,ReadSpeaker+font_size(標準拡大)+背景色(白黒青),true,false,true,PDF,,,,児童手当,,
S0284,宮崎県,延岡市,municipality,C,hub,https://www.city.nobeoka.miyazaki.jp/life/,2026-02-16T23:00:00+09:00,200,https://www.city.nobeoka.miyazaki.jp/life/,くらしの情報,ja,,custom,true,true,true,5cat_horizontal,true,Google_CSE,true,false,false,,false,false,true,false,,true,true,,true,true,ReadSpeaker+font_size(標準拡大)+背景色(白黒青),false,false,false,,,,,くらしカテゴリ,,
S0284,宮崎県,延岡市,municipality,C,article,https://www.city.nobeoka.miyazaki.jp/shisei/koho/,2026-02-16T23:00:00+09:00,200,https://www.city.nobeoka.miyazaki.jp/shisei/koho/,広報のべおか,ja,,custom,true,true,true,5cat_horizontal,true,Google_CSE,true,false,false,,true,true,false,false,,true,true,,true,true,ReadSpeaker+font_size(標準拡大)+背景色(白黒青),true,false,false,,,,,広報; RSS,,
S0285,鹿児島県,霧島市,municipality,C,top,https://www.city-kirishima.jp/,2026-02-16T23:00:00+09:00,200,https://www.city-kirishima.jp/,鹿児島県霧島市公式ホームページ,ja,,custom(CGI),true,true,true,6cat_horizontal,true,keyword,false,false,true,被災住宅応急修理+被災者支援,true,false,true,false,,true,true,,true,true,ReadSpeaker+font_size+色合い,false,false,false,,,,,SNS=FB+専用アプリ; 多言語,,
S0285,鹿児島県,霧島市,municipality,C,contact,https://www.city-kirishima.jp/soshiki/,2026-02-16T23:00:00+09:00,200,https://www.city-kirishima.jp/soshiki/,組織から探す,ja,,custom(CGI),true,true,true,6cat_horizontal,true,keyword,true,false,false,,false,false,false,false,,true,true,,true,true,ReadSpeaker+font_size+色合い,false,false,false,,,,,組織一覧,,
S0285,鹿児島県,霧島市,municipality,C,service,https://www.city-kirishima.jp/jidou/kosodate/kosodate/josesedo/jidoteate.html,2026-02-16T23:00:00+09:00,200,https://www.city-kirishima.jp/jidou/kosodate/kosodate/josesedo/jidoteate.html,児童手当,ja,,custom(CGI),true,true,true,6cat_horizontal,true,keyword,true,true,false,,false,false,false,false,,true,true,,true,true,ReadSpeaker+font_size+色合い,true,false,true,PDF,,,,児童手当; 令和6年10月制度改正,,
S0285,鹿児島県,霧島市,municipality,C,hub,https://www.city-kirishima.jp/kurashi/,2026-02-16T23:00:00+09:00,200,https://www.city-kirishima.jp/kurashi/,くらし,ja,,custom(CGI),true,true,true,6cat_horizontal,true,keyword,true,false,false,,false,false,true,false,,true,true,,true,true,ReadSpeaker+font_size+色合い,false,false,false,,,,,くらしカテゴリ,,
S0285,鹿児島県,霧島市,municipality,C,article,https://www.city-kirishima.jp/shisei/koho/,2026-02-16T23:00:00+09:00,200,https://www.city-kirishima.jp/shisei/koho/,広報きりしま,ja,,custom(CGI),true,true,true,6cat_horizontal,true,keyword,true,false,false,,true,true,false,false,,true,true,,true,true,ReadSpeaker+font_size+色合い,true,false,false,,,,,広報,,
S0287,沖縄県,浦添市,municipality,C,top,https://www.city.urasoe.lg.jp/,2026-02-16T23:00:00+09:00,200,https://www.city.urasoe.lg.jp/,浦添市,ja,Joruri,Joruri CMS,true,true,true,6cat_horizontal,true,Joruri_search,false,false,false,,true,false,true,true,carousel,true,true,,true,true,font_size(拡大標準縮小)+背景色(標準黄青黒)+読み上げ+ふりがな(ひらがな+ローマ字),false,false,false,,,,,GA(G-6F8EPSSBG5)+UA(UA-37964506-1); SNS=FB+X+IG+LINE+YT; 多言語,,
S0287,沖縄県,浦添市,municipality,C,contact,https://www.city.urasoe.lg.jp/soshiki/,2026-02-16T23:00:00+09:00,200,https://www.city.urasoe.lg.jp/soshiki/,組織から探す,ja,Joruri,Joruri CMS,true,true,true,6cat_horizontal,true,Joruri_search,true,false,false,,false,false,false,false,,true,true,,true,true,font_size(拡大標準縮小)+背景色(標準黄青黒)+読み上げ+ふりがな(ひらがな+ローマ字),false,false,false,,,,,組織一覧,,
S0287,沖縄県,浦添市,municipality,C,service,https://www.city.urasoe.lg.jp/doc/6286e499dafd8c70a71c114a/,2026-02-16T23:00:00+09:00,200,https://www.city.urasoe.lg.jp/doc/6286e499dafd8c70a71c114a/,児童手当制度について,ja,Joruri,Joruri CMS,true,true,true,6cat_horizontal,true,Joruri_search,true,true,false,,false,false,false,false,,true,true,,true,true,font_size(拡大標準縮小)+背景色(標準黄青黒)+読み上げ+ふりがな(ひらがな+ローマ字),true,false,true,PDF,,,,児童手当; 電子申請(マイナポータル),,
S0287,沖縄県,浦添市,municipality,C,hub,https://www.city.urasoe.lg.jp/category/bunya/,2026-02-16T23:00:00+09:00,200,https://www.city.urasoe.lg.jp/category/bunya/,分野から探す,ja,Joruri,Joruri CMS,true,true,true,6cat_horizontal,true,Joruri_search,true,false,false,,false,false,true,false,,true,true,,true,true,font_size(拡大標準縮小)+背景色(標準黄青黒)+読み上げ+ふりがな(ひらがな+ローマ字),false,false,false,,,,,分野カテゴリ,,
S0287,沖縄県,浦添市,municipality,C,article,https://www.city.urasoe.lg.jp/shisei/koho/,2026-02-16T23:00:00+09:00,200,https://www.city.urasoe.lg.jp/shisei/koho/,広報うらそえ,ja,Joruri,Joruri CMS,true,true,true,6cat_horizontal,true,Joruri_search,true,false,false,,true,true,false,false,,true,true,,true,true,font_size(拡大標準縮小)+背景色(標準黄青黒)+読み上げ+ふりがな(ひらがな+ローマ字),true,false,false,,,,,広報,,
S0288,沖縄県,宜野湾市,municipality,C,top,https://www.city.ginowan.lg.jp/,2026-02-16T23:00:00+09:00,200,https://www.city.ginowan.lg.jp/,宜野湾市,ja,SMART CMS,SMART CMS,true,true,true,6cat_horizontal,true,keyword+ライフシーン(9),false,false,true,救急・防災+防犯,true,false,true,true,carousel,true,true,,true,true,font_size(小標準大)+背景色(黒青白),false,false,false,,,,,GTM(GTM-NCL6SX3); chatbot(FAQ); 多言語; lg-api4th.smart-lgov.jp,,
S0288,沖縄県,宜野湾市,municipality,C,contact,https://www.city.ginowan.lg.jp/soshiki/,2026-02-16T23:00:00+09:00,200,https://www.city.ginowan.lg.jp/soshiki/,組織から探す,ja,SMART CMS,SMART CMS,true,true,true,6cat_horizontal,true,keyword+ライフシーン(9),true,false,false,,false,false,false,false,,true,true,,true,true,font_size(小標準大)+背景色(黒青白),false,false,false,,,,,組織一覧,,
S0288,沖縄県,宜野湾市,municipality,C,service,https://www.city.ginowan.lg.jp/soshiki/fukushi/3/1/1/2/14827.html,2026-02-16T23:00:00+09:00,200,https://www.city.ginowan.lg.jp/soshiki/fukushi/3/1/1/2/14827.html,児童手当制度について,ja,SMART CMS,SMART CMS,true,true,true,6cat_horizontal,true,keyword+ライフシーン(9),true,true,false,,false,false,false,false,,true,true,,true,true,font_size(小標準大)+背景色(黒青白),true,false,true,PDF,,,,児童手当; 電子申請(ぴったりサービス),,
S0288,沖縄県,宜野湾市,municipality,C,hub,https://www.city.ginowan.lg.jp/kosodate_kyoiku/,2026-02-16T23:00:00+09:00,200,https://www.city.ginowan.lg.jp/kosodate_kyoiku/,子育て・教育,ja,SMART CMS,SMART CMS,true,true,true,6cat_horizontal,true,keyword+ライフシーン(9),true,false,false,,false,false,true,false,,true,true,,true,true,font_size(小標準大)+背景色(黒青白),false,false,false,,,,,子育てカテゴリ,,
S0288,沖縄県,宜野湾市,municipality,C,article,https://www.city.ginowan.lg.jp/shisei/koho/,2026-02-16T23:00:00+09:00,200,https://www.city.ginowan.lg.jp/shisei/koho/,広報ぎのわん,ja,SMART CMS,SMART CMS,true,true,true,6cat_horizontal,true,keyword+ライフシーン(9),true,false,false,,true,true,false,false,,true,true,,true,true,font_size(小標準大)+背景色(黒青白),true,false,false,,,,,広報,,
S0289,福岡県,添田町,municipality,D,top,https://www.town.soeda.fukuoka.jp/,2026-02-16T23:30:00+09:00,200,https://www.town.soeda.fukuoka.jp/,添田町公式ホームページ,ja,,custom,true,true,true,5cat_horizontal,true,keyword+pageID,false,false,true,いざというとき(防災+医療),true,false,true,true,slick,true,true,,true,true,font_size+背景色(白黒青)+ふりがな+やさしい日本語(tsutaeruMO),false,false,false,,,,,GA(G-W37CSEVYV0); 多言語; RSS,,
S0289,福岡県,添田町,municipality,D,contact,https://www.town.soeda.fukuoka.jp/soshiki/kenkoukosodateouen-ka/more.html,2026-02-16T23:30:00+09:00,200,https://www.town.soeda.fukuoka.jp/soshiki/kenkoukosodateouen-ka/more.html,健康子育て応援課,ja,,custom,true,true,true,5cat_horizontal,true,keyword+pageID,true,false,false,,false,false,false,false,,true,true,,true,true,font_size+背景色(白黒青)+ふりがな+やさしい日本語(tsutaeruMO),false,false,false,,,,,健康子育て応援課,,
S0289,福岡県,添田町,municipality,D,service,https://www.town.soeda.fukuoka.jp/bunya/life-teate-jyosei/,2026-02-16T23:30:00+09:00,200,https://www.town.soeda.fukuoka.jp/bunya/life-teate-jyosei/,手当・助成,ja,,custom,true,true,true,5cat_horizontal,true,keyword+pageID,true,true,false,,false,false,false,false,,true,true,,true,true,font_size+背景色(白黒青)+ふりがな+やさしい日本語(tsutaeruMO),false,false,false,,,,,手当・助成カテゴリ(専用児童手当ページなし),,
S0289,福岡県,添田町,municipality,D,hub,https://www.town.soeda.fukuoka.jp/bunya/kurashi/,2026-02-16T23:30:00+09:00,200,https://www.town.soeda.fukuoka.jp/bunya/kurashi/,くらしの情報,ja,,custom,true,true,true,5cat_horizontal,true,keyword+pageID,true,false,false,,false,false,true,false,,true,true,,true,true,font_size+背景色(白黒青)+ふりがな+やさしい日本語(tsutaeruMO),false,false,false,,,,,くらしカテゴリ,,
S0289,福岡県,添田町,municipality,D,article,https://www.town.soeda.fukuoka.jp/shisei/koho/,2026-02-16T23:30:00+09:00,200,https://www.town.soeda.fukuoka.jp/shisei/koho/,広報そえだ,ja,,custom,true,true,true,5cat_horizontal,true,keyword+pageID,true,false,false,,true,true,false,false,,true,true,,true,true,font_size+背景色(白黒青)+ふりがな+やさしい日本語(tsutaeruMO),true,false,false,,,,,広報,,
S0290,佐賀県,玄海町,municipality,D,top,https://www.town.genkai.lg.jp/,2026-02-16T23:30:00+09:00,200,https://www.town.genkai.lg.jp/,玄海町ホームページ,ja,,custom,true,true,true,4cat_horizontal,true,Google_CSE,false,false,true,防災メール連携+もしもの時は,true,false,true,true,carousel,true,true,,true,true,font_size(標準拡大)+背景色(白青黒),false,false,false,,,/ssi/css/,,GA(G-P4J0KLRT3H)+UA(UA-119698549-1); 多言語; RSS,,
S0290,佐賀県,玄海町,municipality,D,contact,https://www.town.genkai.lg.jp/soshiki/,2026-02-16T23:30:00+09:00,200,https://www.town.genkai.lg.jp/soshiki/,組織でさがす,ja,,custom,true,true,true,4cat_horizontal,true,Google_CSE,true,false,false,,false,false,false,false,,true,true,,true,true,font_size(標準拡大)+背景色(白青黒),false,false,false,,,/ssi/css/,,組織一覧,,
S0290,佐賀県,玄海町,municipality,D,service,https://www.town.genkai.lg.jp/soshiki/24/83764.html,2026-02-16T23:30:00+09:00,200,https://www.town.genkai.lg.jp/soshiki/24/83764.html,児童手当確認書,ja,,custom,true,true,true,4cat_horizontal,true,Google_CSE,true,true,false,,false,false,false,false,,true,true,,true,true,font_size(標準拡大)+背景色(白青黒),true,false,false,,,/ssi/css/,,児童手当(確認書ページ),,
S0290,佐賀県,玄海町,municipality,D,hub,https://www.town.genkai.lg.jp/life/,2026-02-16T23:30:00+09:00,200,https://www.town.genkai.lg.jp/life/,くらしと行政,ja,,custom,true,true,true,4cat_horizontal,true,Google_CSE,true,false,false,,false,false,true,false,,true,true,,true,true,font_size(標準拡大)+背景色(白青黒),false,false,false,,,/ssi/css/,,くらしカテゴリ,,
S0290,佐賀県,玄海町,municipality,D,article,https://www.town.genkai.lg.jp/shisei/koho/,2026-02-16T23:30:00+09:00,200,https://www.town.genkai.lg.jp/shisei/koho/,広報げんかい,ja,,custom,true,true,true,4cat_horizontal,true,Google_CSE,true,false,false,,true,true,false,false,,true,true,,true,true,font_size(標準拡大)+背景色(白青黒),true,false,false,,,/ssi/css/,,広報,,
S0291,長崎県,五島市,municipality,D,top,https://www.city.goto.nagasaki.jp/,2026-02-16T23:30:00+09:00,200,https://www.city.goto.nagasaki.jp/,五島市まるごとう,ja,,custom,true,true,true,5cat_image,true,keyword(まるごとうサーチ),false,false,true,緊急速報(現在なし),true,false,true,true,carousel(再生停止),true,true,,true,true,font_size+色合い+音声読み上げ,false,false,false,,,,,GA(G-16FGEGNKFK); 多言語(5:英韓簡繁越); RSS,,
S0291,長崎県,五島市,municipality,D,contact,https://www.city.goto.nagasaki.jp/soshiki/,2026-02-16T23:30:00+09:00,200,https://www.city.goto.nagasaki.jp/soshiki/,組織から探す,ja,,custom,true,true,true,5cat_image,true,keyword(まるごとうサーチ),true,false,false,,false,false,false,false,,true,true,,true,true,font_size+色合い+音声読み上げ,false,false,false,,,,,組織一覧,,
S0291,長崎県,五島市,municipality,D,service,https://www.city.goto.nagasaki.jp/s029/010/020/010/020/010/20190310004528.html,2026-02-16T23:30:00+09:00,200,https://www.city.goto.nagasaki.jp/s029/010/020/010/020/010/20190310004528.html,児童手当,ja,,custom,true,true,true,5cat_image,true,keyword(まるごとうサーチ),true,true,false,,false,false,false,false,,true,true,,true,true,font_size+色合い+音声読み上げ,true,false,true,PDF,,,,児童手当; 離島,,
S0291,長崎県,五島市,municipality,D,hub,https://www.city.goto.nagasaki.jp/li/kurashi/,2026-02-16T23:30:00+09:00,200,https://www.city.goto.nagasaki.jp/li/kurashi/,くらしの情報,ja,,custom,true,true,true,5cat_image,true,keyword(まるごとうサーチ),true,false,false,,false,false,true,false,,true,true,,true,true,font_size+色合い+音声読み上げ,false,false,false,,,,,くらしカテゴリ,,
S0291,長崎県,五島市,municipality,D,article,https://www.city.goto.nagasaki.jp/shisei/koho/,2026-02-16T23:30:00+09:00,200,https://www.city.goto.nagasaki.jp/shisei/koho/,広報ごとう,ja,,custom,true,true,true,5cat_image,true,keyword(まるごとうサーチ),true,false,false,,true,true,false,false,,true,true,,true,true,font_size+色合い+音声読み上げ,true,false,false,,,,,広報; RSS,,
S0292,長崎県,小値賀町,municipality,D,top,https://www.town.ojika.lg.jp/,2026-02-16T23:30:00+09:00,200,https://www.town.ojika.lg.jp/,小値賀町,ja,SMART CMS,SMART CMS,true,true,true,4cat_horizontal,true,keyword+pageID,false,false,true,防災行政無線,false,false,true,true,carousel(8slides再生停止),false,false,,false,false,,false,false,false,,,,,GTM(GTM-KVB9C5XB); 日本語のみ; 離島,,
S0292,長崎県,小値賀町,municipality,D,contact,https://www.town.ojika.lg.jp/soshiki/soumu/1/8/128.html,2026-02-16T23:30:00+09:00,200,https://www.town.ojika.lg.jp/soshiki/soumu/1/8/128.html,お問い合わせ,ja,SMART CMS,SMART CMS,true,true,true,4cat_horizontal,true,keyword+pageID,true,false,false,,false,false,false,false,,false,false,,false,false,,false,false,false,,,,,お問い合わせフォーム,,
S0292,長崎県,小値賀町,municipality,D,service,https://www.town.ojika.lg.jp/soshiki/hukushijumusho/1/3/225.html,2026-02-16T23:30:00+09:00,200,https://www.town.ojika.lg.jp/soshiki/hukushijumusho/1/3/225.html,子ども・子育て支援事業計画,ja,SMART CMS,SMART CMS,true,true,true,4cat_horizontal,true,keyword+pageID,true,true,false,,false,false,false,false,,false,false,,false,false,,true,false,true,PDF,,,,子育て支援計画(専用児童手当ページなし); 離島,,
S0292,長崎県,小値賀町,municipality,D,hub,https://www.town.ojika.lg.jp/kurashi_tetsuzuki/,2026-02-16T23:30:00+09:00,200,https://www.town.ojika.lg.jp/kurashi_tetsuzuki/,くらし・手続き,ja,SMART CMS,SMART CMS,true,true,true,4cat_horizontal,true,keyword+pageID,true,false,false,,false,false,true,false,,false,false,,false,false,,false,false,false,,,,,くらしカテゴリ,,
S0292,長崎県,小値賀町,municipality,D,article,https://www.town.ojika.lg.jp/news_list.html,2026-02-16T23:30:00+09:00,200,https://www.town.ojika.lg.jp/news_list.html,新着情報一覧,ja,SMART CMS,SMART CMS,true,true,true,4cat_horizontal,true,keyword+pageID,true,false,false,,true,true,false,false,,false,false,,false,false,,true,false,false,,,,,新着情報一覧,,
S0293,熊本県,南小国町,municipality,D,top,https://www.town.minamioguni.lg.jp/,2026-02-16T23:30:00+09:00,200,https://www.town.minamioguni.lg.jp/,熊本県阿蘇郡南小国町,ja,,custom,true,true,true,6cat_horizontal,false,,false,false,true,重要なお知らせ+防災マップ,true,false,true,true,bxSlider,true,false,,false,true,font_size(小中大),false,false,false,,,,,GTM(GTM-NLRH5S6); SNS=LINE; 多言語(5); FullCalendar; PHP,,
S0293,熊本県,南小国町,municipality,D,contact,https://www.town.minamioguni.lg.jp/gyousei/gyousei/ka-shoukai.html,2026-02-16T23:30:00+09:00,200,https://www.town.minamioguni.lg.jp/gyousei/gyousei/ka-shoukai.html,課等の紹介,ja,,custom,true,true,true,6cat_horizontal,false,,true,false,false,,false,false,false,false,,true,false,,false,true,font_size(小中大),false,false,false,,,,,課等紹介,,
S0293,熊本県,南小国町,municipality,D,service,https://www.town.minamioguni.lg.jp/kosodate/josei/tokubetsu-jidou-fuyou-teate.html,2026-02-16T23:30:00+09:00,200,https://www.town.minamioguni.lg.jp/kosodate/josei/tokubetsu-jidou-fuyou-teate.html,特別児童扶養手当,ja,,custom,true,true,true,6cat_horizontal,false,,true,true,false,,false,false,false,false,,true,false,,false,true,font_size(小中大),true,false,false,,,,,特別児童扶養手当(専用児童手当ページなし),,
S0293,熊本県,南小国町,municipality,D,hub,https://www.town.minamioguni.lg.jp/living/,2026-02-16T23:30:00+09:00,200,https://www.town.minamioguni.lg.jp/living/,くらしの情報,ja,,custom,true,true,true,6cat_horizontal,false,,true,false,false,,false,false,true,false,,true,false,,false,true,font_size(小中大),false,false,false,,,,,くらしカテゴリ,,
S0293,熊本県,南小国町,municipality,D,article,https://www.town.minamioguni.lg.jp/gyousei/koho/,2026-02-16T23:30:00+09:00,200,https://www.town.minamioguni.lg.jp/gyousei/koho/,広報みなみおぐに,ja,,custom,true,true,true,6cat_horizontal,false,,true,false,false,,true,true,false,false,,true,false,,false,true,font_size(小中大),true,false,false,,,,,広報,,
S0294,熊本県,水上村,municipality,D,top,https://www.vill.mizukami.lg.jp/,2026-02-16T23:30:00+09:00,200,https://www.vill.mizukami.lg.jp/,熊本県水上村公式サイト,ja,,custom,false,true,true,5cat_horizontal,true,keyword(AJAX),false,false,true,防災サイト,false,false,true,true,bxSlider(4slides),true,false,,false,false,,false,false,false,,,,,GA(G-TFP7L5VPKK); SNS=LINE+FB+IG; 多言語(英簡繁韓); ASHX; GoogleMapsAPI,,
S0294,熊本県,水上村,municipality,D,contact,https://www.vill.mizukami.lg.jp/q/aview/30/87.html,2026-02-16T23:30:00+09:00,200,https://www.vill.mizukami.lg.jp/q/aview/30/87.html,村内電話帳,ja,,custom,false,true,true,5cat_horizontal,true,keyword(AJAX),true,false,false,,false,false,false,false,,true,false,,false,false,,false,false,false,,,,,村内電話帳,,
S0294,熊本県,水上村,municipality,D,service,https://www.vill.mizukami.lg.jp/q/list/1105.html,2026-02-16T23:30:00+09:00,200,https://www.vill.mizukami.lg.jp/q/list/1105.html,こどもと教育,ja,,custom,false,true,true,5cat_horizontal,true,keyword(AJAX),true,true,false,,false,false,false,false,,true,false,,false,false,,false,false,false,,,,,こどもと教育カテゴリ(専用児童手当ページなし),,
S0294,熊本県,水上村,municipality,D,hub,https://www.vill.mizukami.lg.jp/q/list/1105.html,2026-02-16T23:30:00+09:00,200,https://www.vill.mizukami.lg.jp/q/list/1105.html,こどもと教育,ja,,custom,false,true,true,5cat_horizontal,true,keyword(AJAX),true,false,false,,false,false,true,false,,true,false,,false,false,,false,false,false,,,,,hub=serviceと同一,,
S0294,熊本県,水上村,municipality,D,article,https://www.vill.mizukami.lg.jp/,2026-02-16T23:30:00+09:00,200,https://www.vill.mizukami.lg.jp/,熊本県水上村公式サイト,ja,,custom,false,true,true,5cat_horizontal,true,keyword(AJAX),false,false,true,防災サイト,false,false,true,true,bxSlider(4slides),true,false,,false,false,,false,false,false,,,,,article=top(専用広報ページなし),,
S0295,大分県,姫島村,municipality,D,top,https://www.himeshima.jp/,2026-02-16T23:30:00+09:00,200,https://www.himeshima.jp/,姫島村ホームページ,ja,WordPress,WordPress,false,true,true,6cat_horizontal,false,,false,false,true,フェリー運航状況(平常),true,false,true,true,slick(center-mode+video),true,true,/accessibility/,false,true,font_size(小中大),false,false,false,,,,,GTM(GTM-P2GWVJ6); GTranslate(英日); VK_All_in_One; 離島,,
S0295,大分県,姫島村,municipality,D,contact,https://www.himeshima.jp/kurashi/yakuba/,2026-02-16T23:30:00+09:00,200,https://www.himeshima.jp/kurashi/yakuba/,姫島村役場,ja,WordPress,WordPress,false,true,true,6cat_horizontal,false,,true,false,false,,false,false,false,false,,true,true,/accessibility/,false,true,font_size(小中大),false,false,false,,,,,村役場連絡先,,
S0295,大分県,姫島村,municipality,D,service,https://www.himeshima.jp/kurashi/yakuba/,2026-02-16T23:30:00+09:00,200,https://www.himeshima.jp/kurashi/yakuba/,姫島村役場,ja,WordPress,WordPress,false,true,true,6cat_horizontal,false,,true,true,false,,false,false,false,false,,true,true,/accessibility/,false,true,font_size(小中大),false,false,false,,,,,service=contact(専用児童手当ページなし); 離島,,
S0295,大分県,姫島村,municipality,D,hub,https://www.himeshima.jp/kurashi/,2026-02-16T23:30:00+09:00,200,https://www.himeshima.jp/kurashi/,くらしの情報,ja,WordPress,WordPress,false,true,true,6cat_horizontal,false,,true,false,false,,false,false,true,false,,true,true,/accessibility/,false,true,font_size(小中大),false,false,false,,,,,くらしカテゴリ,,
S0295,大分県,姫島村,municipality,D,article,https://www.himeshima.jp/,2026-02-16T23:30:00+09:00,200,https://www.himeshima.jp/,姫島村ホームページ,ja,WordPress,WordPress,false,true,true,6cat_horizontal,false,,false,false,true,フェリー運航状況(平常),true,false,true,true,slick(center-mode+video),true,true,/accessibility/,false,true,font_size(小中大),false,false,false,,,,,article=top(専用広報ページなし),,
S0296,宮崎県,椎葉村,municipality,D,top,https://www.vill.shiiba.miyazaki.jp/,2026-02-17T00:00:00+09:00,200,https://www.vill.shiiba.miyazaki.jp/,椎葉村ホームページ,ja,,custom(PHP),false,true,true,4cat_horizontal,true,keyword,false,false,true,緊急情報(RSS),true,false,true,true,jQuery_Cycle(scrollLeft6s),true,false,,true,true,font_size(標準拡大)+背景色(白黒),false,false,false,,,,,GA(G-DM01QP3F4D)+UA(UA-46269361-1); 多言語(英繁簡韓); SNS=YT+note; 秘境,,
S0296,宮崎県,椎葉村,municipality,D,contact,https://www.vill.shiiba.miyazaki.jp/admin.php,2026-02-17T00:00:00+09:00,200,https://www.vill.shiiba.miyazaki.jp/admin.php,行政情報,ja,,custom(PHP),false,true,true,4cat_horizontal,true,keyword,true,false,false,,false,false,false,false,,true,false,,true,true,font_size(標準拡大)+背景色(白黒),false,false,false,,,,,行政情報・組織,,
S0296,宮崎県,椎葉村,municipality,D,service,https://www.vill.shiiba.miyazaki.jp/welfare/growth/supportprojects.php,2026-02-17T00:00:00+09:00,200,https://www.vill.shiiba.miyazaki.jp/welfare/growth/supportprojects.php,子育て支援事業,ja,,custom(PHP),false,true,true,4cat_horizontal,true,keyword,true,true,false,,false,false,false,false,,true,false,,true,true,font_size(標準拡大)+背景色(白黒),true,false,false,,,,,子育て支援(児童手当含む),,
S0296,宮崎県,椎葉村,municipality,D,hub,https://www.vill.shiiba.miyazaki.jp/welfare/,2026-02-17T00:00:00+09:00,200,https://www.vill.shiiba.miyazaki.jp/welfare/,住民情報,ja,,custom(PHP),false,true,true,4cat_horizontal,true,keyword,true,false,false,,false,false,true,false,,true,false,,true,true,font_size(標準拡大)+背景色(白黒),false,false,false,,,,,住民情報カテゴリ,,
S0296,宮崎県,椎葉村,municipality,D,article,https://www.vill.shiiba.miyazaki.jp/,2026-02-17T00:00:00+09:00,200,https://www.vill.shiiba.miyazaki.jp/,椎葉村ホームページ,ja,,custom(PHP),false,true,true,4cat_horizontal,true,keyword,false,false,true,緊急情報(RSS),true,false,true,true,jQuery_Cycle(scrollLeft6s),true,false,,true,true,font_size(標準拡大)+背景色(白黒),false,false,false,,,,,article=top(専用広報ページなし),,
S0297,宮崎県,西米良村,municipality,D,top,https://www.vill.nishimera.lg.jp/,2026-02-17T00:00:00+09:00,200,https://www.vill.nishimera.lg.jp/,西米良村公式サイト,ja,WordPress,WordPress 4.7.3,false,true,true,4cat_horizontal,true,Google_CSE,false,false,false,,false,false,true,false,,false,false,,false,true,font_size(100%116%131%),false,false,false,,,,,UA(UA-97190873-1); 日本語のみ; マスコット=ホイホイくん,,
S0297,宮崎県,西米良村,municipality,D,contact,https://www.vill.nishimera.lg.jp/village/category/c-00-admininfo/c-13,2026-02-17T00:00:00+09:00,200,https://www.vill.nishimera.lg.jp/village/category/c-00-admininfo/c-13,組織機構,ja,WordPress,WordPress 4.7.3,false,true,true,4cat_horizontal,true,Google_CSE,true,false,false,,false,false,false,false,,false,false,,false,true,font_size(100%116%131%),false,false,false,,,,,組織一覧,,
S0297,宮崎県,西米良村,municipality,D,service,https://www.vill.nishimera.lg.jp/village/a-00-villagelife/a-05/10000302,2026-02-17T00:00:00+09:00,200,https://www.vill.nishimera.lg.jp/village/a-00-villagelife/a-05/10000302,児童手当,ja,WordPress,WordPress 4.7.3,false,true,true,4cat_horizontal,true,Google_CSE,true,true,false,,false,false,false,false,,false,false,,false,true,font_size(100%116%131%),true,false,false,,,,,児童手当,,
S0297,宮崎県,西米良村,municipality,D,hub,https://www.vill.nishimera.lg.jp/village/category/a-00-villagelife/,2026-02-17T00:00:00+09:00,200,https://www.vill.nishimera.lg.jp/village/category/a-00-villagelife/,暮らし,ja,WordPress,WordPress 4.7.3,false,true,true,4cat_horizontal,true,Google_CSE,true,false,false,,false,false,true,false,,false,false,,false,true,font_size(100%116%131%),false,false,false,,,,,暮らしカテゴリ,,
S0297,宮崎県,西米良村,municipality,D,article,https://www.vill.nishimera.lg.jp/,2026-02-17T00:00:00+09:00,200,https://www.vill.nishimera.lg.jp/,西米良村公式サイト,ja,WordPress,WordPress 4.7.3,false,true,true,4cat_horizontal,true,Google_CSE,false,false,false,,false,false,true,false,,false,false,,false,true,font_size(100%116%131%),false,false,false,,,,,article=top(専用広報ページなし),,
S0299,鹿児島県,十島村,municipality,D,top,https://www.tokara.jp/,2026-02-17T00:00:00+09:00,200,https://www.tokara.jp/,十島村役場公式サイト,ja,WordPress,WordPress,false,true,true,8cat_horizontal,false,,false,false,true,火口立入禁止(中之島御岳),true,false,true,true,MetaSlider(flexslider4s),true,false,,true,true,font_size(標準拡大)+背景色(白黒黄),false,false,false,,,,,UA(UA-1143819-1); 英語; SNS=IG+FB+YT; RSS; トカラ列島,,
S0299,鹿児島県,十島村,municipality,D,contact,https://www.tokara.jp/profile/,2026-02-17T00:00:00+09:00,200,https://www.tokara.jp/profile/,十島村について,ja,WordPress,WordPress,false,true,true,8cat_horizontal,false,,true,false,false,,false,false,false,false,,true,false,,true,true,font_size(標準拡大)+背景色(白黒黄),false,false,false,,,,,村概要・連絡先,,
S0299,鹿児島県,十島村,municipality,D,service,https://www.tokara.jp/health/kids/,2026-02-17T00:00:00+09:00,200,https://www.tokara.jp/health/kids/,児童福祉,ja,WordPress,WordPress,false,true,true,8cat_horizontal,false,,true,true,false,,false,false,false,false,,true,false,,true,true,font_size(標準拡大)+背景色(白黒黄),true,false,false,,,,,児童福祉(児童手当含む); トカラ列島,,
S0299,鹿児島県,十島村,municipality,D,hub,https://www.tokara.jp/lifecycle/kodomo/,2026-02-17T00:00:00+09:00,200,https://www.tokara.jp/lifecycle/kodomo/,子育て保育,ja,WordPress,WordPress,false,true,true,8cat_horizontal,false,,true,false,false,,false,false,true,false,,true,false,,true,true,font_size(標準拡大)+背景色(白黒黄),false,false,false,,,,,ライフサイクル子育て,,
S0299,鹿児島県,十島村,municipality,D,article,https://www.tokara.jp/kouhoushi/,2026-02-17T00:00:00+09:00,200,https://www.tokara.jp/kouhoushi/,広報としま,ja,WordPress,WordPress,false,true,true,8cat_horizontal,false,,true,false,false,,true,true,false,false,,true,false,,true,true,font_size(標準拡大)+背景色(白黒黄),true,false,false,,,,,広報; RSS,,
S0300,沖縄県,宮古島市,municipality,D,top,https://www.city.miyakojima.lg.jp/,2026-02-17T00:00:00+09:00,200,https://www.city.miyakojima.lg.jp/,宮古島市ホームページ,ja,,custom,true,true,true,5cat_horizontal,true,Google_CSE,false,false,true,各種通知(肺炎球菌+経済センサス),true,false,true,false,,false,false,,true,true,font_size(小大)+背景色(白黒青黄),false,false,false,,,,,GA(G-BK9J2X9DMS); SNS=LINE+FB+X; エコアイランド; 離島,,
S0300,沖縄県,宮古島市,municipality,D,contact,https://www.city.miyakojima.lg.jp/soshiki/,2026-02-17T00:00:00+09:00,200,https://www.city.miyakojima.lg.jp/soshiki/,組織から探す,ja,,custom,true,true,true,5cat_horizontal,true,Google_CSE,true,false,false,,false,false,false,false,,false,false,,true,true,font_size(小大)+背景色(白黒青黄),false,false,false,,,,,組織一覧,,
S0300,沖縄県,宮古島市,municipality,D,service,https://www.city.miyakojima.lg.jp/kurashi/kodomo/jidou/kodomo.html,2026-02-17T00:00:00+09:00,200,https://www.city.miyakojima.lg.jp/kurashi/kodomo/jidou/kodomo.html,児童手当,ja,,custom,true,true,true,5cat_horizontal,true,Google_CSE,true,true,false,,false,false,false,false,,false,false,,true,true,font_size(小大)+背景色(白黒青黄),true,false,true,PDF,,,,児童手当; 離島,,
S0300,沖縄県,宮古島市,municipality,D,hub,https://www.city.miyakojima.lg.jp/kurashi/,2026-02-17T00:00:00+09:00,200,https://www.city.miyakojima.lg.jp/kurashi/,くらしの情報,ja,,custom,true,true,true,5cat_horizontal,true,Google_CSE,true,false,false,,false,false,true,false,,false,false,,true,true,font_size(小大)+背景色(白黒青黄),false,false,false,,,,,くらしカテゴリ,,
S0300,沖縄県,宮古島市,municipality,D,article,https://www.city.miyakojima.lg.jp/gyosei/kouhou/,2026-02-17T00:00:00+09:00,200,https://www.city.miyakojima.lg.jp/gyosei/kouhou/,広報みやこじま,ja,,custom,true,true,true,5cat_horizontal,true,Google_CSE,true,false,false,,true,true,false,false,,false,false,,true,true,font_size(小大)+背景色(白黒青黄),true,false,false,,,,,広報; 離島,,
