sample_id,municipality_code,prefecture,municipality_name,layer,population_category,region_block,official_site_url,top_page_url,contact_page_url,service_page_url,hub_page_url,article_page_url,selection_reason,notes
S0001,010006,北海道,北海道,prefecture,unknown,hokkaido,https://www.pref.hokkaido.lg.jp/,https://www.pref.hokkaido.lg.jp/,https://www.pref.hokkaido.lg.jp/site-info/contact.html,https://www.pref.hokkaido.lg.jp/sm/ktk/saigai-bousai.html,https://www.pref.hokkaido.lg.jp/category/d007/,https://www.pref.hokkaido.lg.jp/news/,prefecture_site,総務省コード一覧より | [top] 200 | [contact] お問合せ・相談窓口 | [hub] 防災・くらし・人権・環境 | [service] 防災情報 | [article] 新着情報一覧へ
S0004,040002,宮城県,宮城県,prefecture,unknown,tohoku,https://www.pref.miyagi.jp/,https://www.pref.miyagi.jp/,https://www.pref.miyagi.jp/site/gyoseisabisu/soudan-index.html,https://www.pref.miyagi.jp/life/sub/5/index.html,https://www.pref.miyagi.jp/site/kosodate/index.html,https://www.pref.miyagi.jp/release/release.xml,prefecture_site,総務省コード一覧より | [top] 200 | [contact] 相談窓口 | [hub] 宮城県 子育て支援情報サイト みやぎっこ広場 | [service] 申請・手続き | [article] プレスリリースRSS
S0013,130001,東京都,東京都,prefecture,unknown,kanto,https://www.metro.tokyo.lg.jp/,https://www.metro.tokyo.lg.jp/,https://www.metro.tokyo.lg.jp/inquiry,https://www.metro.tokyo.lg.jp/application,https://www.metro.tokyo.lg.jp/kurashi,https://www.metro.tokyo.lg.jp/information/press/2026/02/2026021210,prefecture_site,総務省コード一覧より | [top] 200 | [contact] お問い合わせ | [hub] 暮らし・健康・福祉 | [service] 届出・申請 | [article] 第253回都都市計画審議会 付議予定案件及び傍聴のお知らせ
S0027,270008,大阪府,大阪府,prefecture,unknown,kinki,https://www.pref.osaka.lg.jp/,https://www.pref.osaka.lg.jp/index.html,https://www.pref.osaka.lg.jp/hodo/fumin/o100030/prs_51154.html,https://www.pref.osaka.lg.jp/o070050/koho/bosai_kyukyu/index.html,https://www.pref.osaka.lg.jp/o090010/fukushisomu/jujisha3_1jishien5/jujishashien.html,https://www.pref.osaka.lg.jp/oshirase/index.html,prefecture_site,総務省コード一覧より | [top] 200 | [contact] 【麻しん（はしか）に関する注意情報】（Osaka Metro四つ橋線・御堂筋線、阪神電鉄、近鉄電車等の利用者で麻しんの報告がありました） | [hub] 大阪府社会福祉施設等従事者支援事業（第3弾）の申請について | [service] 防災・救急・感染症ポータルサイト | [article] その他お知らせ一覧
S0047,470007,沖縄県,沖縄県,prefecture,unknown,kyushu_okinawa,https://www.pref.okinawa.jp/,https://www.pref.okinawa.jp/,https://www.pref.okinawa.jp/kensei/kochokoho/1014932/1015136/index.html,https://www.pref.okinawa.jp/search_tetsuzuki.html,https://www.pref.okinawa.jp/iryokenko/iryo/1005227/1031473.html,https://www.pref.okinawa.jp/news/newslist.html,prefecture_site,総務省コード一覧より | [top] 200 | [contact] 県民ご意見箱 | [hub] 周産期医療関係 | [service] 手続き検索 | [article] 新着更新情報一覧
S0048,011002,北海道,札幌市,municipality,A,hokkaido,https://www.city.sapporo.jp/,https://www.city.sapporo.jp/,https://www.city.sapporo.jp/shobo/renraku/renrakusaki.html,https://www.city.sapporo.jp/kenko/kosodate/index.html,https://www.city.sapporo.jp/kurashi/machizukuri/index.html,https://www.city.sapporo.jp/museum/oshirase/2025tejisitsunikki.html,designated_city,政令指定都市 | [top] 200 | [contact] 緊急時の連絡先 | [hub] まちづくり・地域の活動 | [service] 子育て | [article] 広報さっぽろ（2026年2月号南区版）でサッポロクジラ・サッポロカイギュウが紹介されました！（札幌市博物館活動センター）（2月14日）
S0049,012041,北海道,旭川市,municipality,B,hokkaido,https://www.city.asahikawa.hokkaido.jp/,https://www.city.asahikawa.hokkaido.jp/,https://www.city.asahikawa.hokkaido.jp/navi/kodomosoudan/index.html,https://www.city.asahikawa.hokkaido.jp/kurashi/271/272/osirasegomi/d079727.html,https://www.city.asahikawa.hokkaido.jp/kurashi/408/index.html,https://www.city.asahikawa.hokkaido.jp/kurashi/news.html,core_city,中核市 | [top] 200 | [contact] 子どものための電話窓口一覧 家族や友達のこと、いじめや不登校などの悩みや不安があれば、ひとりで悩まずこちらから相談してください。子ども専用の電話もあります。無料で電話ができます。 | [hub] 市民活動・参加・地域まちづくり | [service] 粗大ごみ、剪定枝・落ち葉の収集受付がオンラインで申し込めます！ | [article] 新着情報
S0051,012076,北海道,帯広市,municipality,C,hokkaido,https://www.city.obihiro.hokkaido.jp/,https://www.city.obihiro.hokkaido.jp/,https://www.city.obihiro.hokkaido.jp/shisei/gaiyo/soshiki/1006025/index.html,https://www.city.obihiro.hokkaido.jp/kurashi/gomi/index.html,https://www.city.obihiro.hokkaido.jp/kurashi/kinkyu/1002166.html,,population_top,人口約16万 | [top] 200 | [contact] 各課の連絡先お問い合わせ | [hub] くらしの相談 | [service] ごみ・リサイクル | NOT_FOUND: article
S0084,072036,福島県,郡山市,municipality,B,tohoku,https://www.city.koriyama.lg.jp/,https://www.city.koriyama.lg.jp/,https://www.city.koriyama.lg.jp/life/4/24/,https://www.city.koriyama.lg.jp/site/kosodate/,https://www.city.koriyama.lg.jp/life/1/3/,https://www.city.koriyama.lg.jp/rss/10/list1.xml,core_city,中核市 | [top] 200 | [contact] 相談窓口 | [hub] 国民健康保険・後期高齢者医療 | [service] 郡山市子育てサイト | [article] 新着情報のRSS
S0086,072028,福島県,会津若松市,municipality,C,tohoku,https://www.city.aizuwakamatsu.fukushima.jp/,https://www.city.aizuwakamatsu.fukushima.jp/,https://www.city.aizuwakamatsu.fukushima.jp/docs/2018020500019/,https://www.city.aizuwakamatsu.fukushima.jp/category/bunya/sougoukeikaku/01kosodate/,https://www.city.aizuwakamatsu.fukushima.jp/category/bunya/sougoukeikaku/23kankyo/,https://www.city.aizuwakamatsu.fukushima.jp/new-info-list-shimin/,regional_balance,人口約11万 | [top] 200 | [contact] 【終了しました】パブリックコメント「会津若松市地域防災計画 改訂案」へのご意見をお寄せください | [hub] 23 自然環境・生活環境 | [service] 1 子ども・子育て | [article] >>新着記事一覧
S0095,141003,神奈川県,横浜市,municipality,A,kanto,https://www.city.yokohama.lg.jp/,https://www.city.yokohama.lg.jp/,https://www.city.yokohama.lg.jp/shichosha/iten.html,https://www.city.yokohama.lg.jp/kosodate-kyoiku/index.html,https://www.city.yokohama.lg.jp/kenko-iryo-fukushi/index.html,https://www.city.yokohama.lg.jp/city-info/koho-kocho/press/index.html,designated_city,政令指定都市 | [top] 200 | [contact] 市役所アクセス・駐車場 | [hub] 健康・医療・福祉トップ | [service] 子育て・教育トップ | [article] 記者発表
S0104,112038,埼玉県,川口市,municipality,B,kanto,https://www.city.kawaguchi.lg.jp/,https://www.city.kawaguchi.lg.jp/,https://www.city.kawaguchi.lg.jp/homepage/madoguchi/dai1honchosha.html,https://www.city.kawaguchi.lg.jp/kurashi_tetsuzuki/gomi_risaikuru/2/index.html,https://www.city.kawaguchi.lg.jp/event/38472.html,https://www.city.kawaguchi.lg.jp/soshiki/01010/020/oshirase/24835.html,core_city,中核市 | [top] 200 | [contact] 第一本庁舎・第二本庁舎の窓口の呼出・混雑状況 | [hub] マイナンバーカード「健康保険証利用登録・公金受取口座登録」の手続きができます | [service] ごみの分け方・出し方 | [article] SNS公式アカウント
S0111,131041,東京都,新宿区,municipality,C,kanto,https://www.city.shinjuku.lg.jp/,https://www.city.shinjuku.lg.jp/,https://www.city.shinjuku.lg.jp/kanko/shisetu_1.html,https://www.city.shinjuku.lg.jp/anzen/index.html,https://www.city.shinjuku.lg.jp/kenkou/index.html,https://www.city.shinjuku.lg.jp/whatsnew/pub/2026/0125-01.html,special_ward,"特別区 | [top] 200 | [contact] 交通アクセス | [hub] 健康・医療・衛生 | [service] 防災・防犯 | [article] 令和8年1月25日約13,000人のランナーが新宿のまちを駆け巡る 新宿シティハーフマラソンを開催"
S0117,131121,東京都,世田谷区,municipality,C,kanto,https://www.city.setagaya.lg.jp/,https://www.city.setagaya.lg.jp/,https://www.city.setagaya.lg.jp/02002/25858.html,https://www.city.setagaya.lg.jp/onlinetetsuzuki/index.html,https://www.city.setagaya.lg.jp/fukushikenkou/11526.html,https://www.city.setagaya.lg.jp/shinchaku/index.html,special_ward,特別区 | [top] 200 | [contact] 区へのご意見・問い合わせ | [hub] 福祉・健康 | [service] オンライン手続き | [article] 新着一覧を見る
S0118,131130,東京都,渋谷区,municipality,C,kanto,https://www.city.shibuya.tokyo.jp/,https://www.city.shibuya.tokyo.jp/,https://www.city.shibuya.tokyo.jp/kusei/kocho/opinionindex/inquiry.html,https://www.city.shibuya.tokyo.jp/contents/koho-news/1602/20260215_bousai.html,https://www.city.shibuya.tokyo.jp/contents/koho-news/1602/20260215_kenko.html,https://www.city.shibuya.tokyo.jp/contents/koho-news/1602/20260215_fukushi.html,special_ward,"特別区 | [top] 200 | [contact] 各種お問い合わせ | [hub] 【健康・スポーツ】思わず身体を動かしたくなる街へ。予防接種のお知らせ RSウイルス母子免疫ワクチンの定期接種/バスケットボール アルバルク東京 区民優待販売・子ども無料招待 など | [service] 【防災・安全・環境・エネルギー】人のつながりと意識が未来を守る街へ。3月1日～7日は建築物防災週間です/リサイクルバザール | [article] 【福祉】あらゆる人が、自分らしく生きられる街へ。7年度物価高騰生活支援給付金のお知らせ 区民1人当たり5,000円の給付金を支給します/渋谷フレイル予防キャラバンを開催します など"
S0139,134210,東京都,小笠原村,municipality,D,kanto,https://www.vill.ogasawara.tokyo.jp/,https://www.vill.ogasawara.tokyo.jp/,https://www.vill.ogasawara.tokyo.jp/toiawase/,https://www.vill.ogasawara.tokyo.jp/soumu/bousai/,https://www.vill.ogasawara.tokyo.jp/sonmin/kosodate/,https://www.vill.ogasawara.tokyo.jp/category/panel-top_topics/,island_municipality,離島 | [top] 200 | [contact] _お問い合わせ | [hub] 子育て支援 | [service] 防災 | [article] お知らせの一覧
S0153,172014,石川県,金沢市,municipality,B,chubu,https://www4.city.kanazawa.lg.jp/,https://www4.city.kanazawa.lg.jp/,https://www4.city.kanazawa.lg.jp/23047.html,https://www4.city.kanazawa.lg.jp/shinseishodownload/index.html,https://www4.city.kanazawa.lg.jp/soshikikarasagasu/iryohokenka/yokuarushitsumon/kokuminkenkohoken/kanyudattai/2808.html,https://www4.city.kanazawa.lg.jp/news/30509.html,core_city,中核市・県庁所在地 | [top] 200 | [contact] 市役所へのアクセス | [hub] 会社を退職した時に、国民健康保険に加入するためにどのような手続が必要ですか。 | [service] 申請書ダウンロード | [article] 令和7年分の保険料納付済額のお知らせについて（国民健康保険料、後期高齢者医療保険料）
S0162,152021,新潟県,長岡市,municipality,C,chubu,https://www.city.nagaoka.niigata.jp/,https://www.city.nagaoka.niigata.jp/,https://www.city.nagaoka.niigata.jp/shisei/cate05/ao-re/access.html,https://www.city.nagaoka.niigata.jp/kosodate/index.html,https://www.city.nagaoka.niigata.jp/kosodate/cheering-gift.html,https://www.city.nagaoka.niigata.jp/sangyou/cate01/index.html,population_top,人口約26万 | [top] 200 | [contact] アクセス | [hub] 長岡市出産・子育て応援事業 | [service] 子育て・教育 | [article] お知らせ・リンク
S0178,152242,新潟県,佐渡市,municipality,D,chubu,https://www.city.sado.niigata.jp/,https://www.city.sado.niigata.jp/,https://www.city.sado.niigata.jp/soshiki/2005/17495.html,,,,island_municipality,離島 | [top] 200 | [contact] Foreign language | NOT_FOUND: hub | NOT_FOUND: service | NOT_FOUND: article
S0201,282014,兵庫県,姫路市,municipality,B,kinki,https://www.city.himeji.lg.jp/,https://www.city.himeji.lg.jp/,https://www.city.himeji.lg.jp/anzen/0000007110.html,https://www.city.himeji.lg.jp/kurashi/category/2-10-0-0-0-0-0-0-0-0.html,https://www.city.himeji.lg.jp/kurashi/index.html,https://www.city.himeji.lg.jp/news/0001.html,core_city,中核市 | [top] 200 | [contact] 休日・夜間の窓口 | [hub] くらし・手続きトップ | [service] ごみ・リサイクル・美化 | [article] 新着情報一覧
S0204,242021,三重県,四日市市,municipality,C,kinki,https://www.city.yokkaichi.lg.jp/,https://www.city.yokkaichi.lg.jp/www/index.html,https://www.city.yokkaichi.lg.jp/www/contents/1756943889656/index.html,https://www.city.yokkaichi.lg.jp/www/contents/1764138232837/index.html,https://www.city.yokkaichi.lg.jp/www/contents/1753929669839/index.html,https://www.city.yokkaichi.lg.jp/www/rss/news.rdf,population_top,人口約31万 | [top] 200 | [contact] スマホサポート人材育成のためのスマホ教室、スマホ相談窓口の開催について | [hub] 令和８年４月採用予定 四日市市職員採用試験（土木、建築、電気、保健師、保育教育職、言語聴覚士、社会福祉士） 最終合格者について（８月１日発表分） | [service] 「被災届出証明書」 の申請について ～記録的大雨で駐車手段を失った被災者のみなさまへ～ | [article] 新着情報RSS
S0234,352039,山口県,山口市,municipality,C,chugoku,https://www.city.yamaguchi.lg.jp/,https://www.city.yamaguchi.lg.jp/,https://www.city.yamaguchi.lg.jp/ques/questionnaire.php?openid=3,https://www.city.yamaguchi.lg.jp/site/shinsei/search/search.php,https://www.city.yamaguchi.lg.jp/life/1/,https://www.city.yamaguchi.lg.jp/soshiki/16/188549.html,prefecture_capital,県庁所在地 | [top] 200 | [contact] 市へのご意見お問い合わせ | [hub] くらしの情報 | [service] 申請・手続きナビ | [article] 【2月24日（火曜日）】ウェブサイトのシステムメンテナンスのお知らせ
S0238,342122,広島県,東広島市,municipality,C,chugoku,https://www.city.higashihiroshima.lg.jp/,https://www.city.higashihiroshima.lg.jp/,https://www.city.higashihiroshima.lg.jp/toiawase.html,https://www.city.higashihiroshima.lg.jp/soshiki/seikatsukankyo/8/gomidashi/kateigomi/index.html,https://www.city.higashihiroshima.lg.jp/kurashi/index.html,https://www.city.higashihiroshima.lg.jp/newsList.html,population_top,人口約19万 | [top] 200 | [contact] ご意見・お問い合わせ | [hub] くらしの情報 | [service] 家庭ごみの出し方検索 | [article] 新着情報一覧
S0250,382019,愛媛県,松山市,municipality,B,shikoku,https://www.city.matsuyama.ehime.jp/,https://www.city.matsuyama.ehime.jp/,https://www.city.matsuyama.ehime.jp/shisetsu/shinos/annai.html,https://www.city.matsuyama.ehime.jp/kurashi/bosai/bousai/index.html,https://www.city.matsuyama.ehime.jp/kurashi/index.html,https://www.city.matsuyama.ehime.jp/rss_news.xml,core_city,中核市・県庁所在地 | [top] 200 | [contact] アクセス | [hub] くらしの情報 | [service] 災害・防災 | [article] 新着情報のRSS
S0252,382027,愛媛県,今治市,municipality,C,shikoku,https://www.city.imabari.ehime.jp/,https://www.city.imabari.ehime.jp/,https://www.city.imabari.ehime.jp/mayor/,,https://www.city.imabari.ehime.jp/event/,,regional_balance,人口約15万 | [top] 200 | [contact] 市長の部屋 | [hub] イベント | NOT_FOUND: service | NOT_FOUND: article
S0265,401307,福岡県,福岡市,municipality,A,kyushu_okinawa,https://www.city.fukuoka.lg.jp/,https://www.city.fukuoka.lg.jp/,https://www.city.fukuoka.lg.jp/soki/data/mynumber/mnc_general_counter.html,https://www.city.fukuoka.lg.jp/kankyo/jigyokeigomi/life/katei-bunbetsu/kogatajuudennshikidennchi_syobun.html,https://www.city.fukuoka.lg.jp/minamiku/kenko/life/minamikukenkourensaiyousikenitijigoukakuhappyou.html,https://www.city.fukuoka.lg.jp/kyoiku-iinkai/kikaku/ed/166.html,designated_city,政令指定都市 | [top] 200 | [contact] 令和7年度もマイナンバーカード総合窓口を設置しています | [hub] 令和8年度採用 福岡市南区健康推進連合会職員採用試験（１次） 合格発表 2026年2月13日 | [service] 小型充電式電池はごみ袋で出さないでください | [article] 教育委員会会議のお知らせ 2026年2月10日
S0272,462012,鹿児島県,鹿児島市,municipality,B,kyushu_okinawa,https://www.city.kagoshima.lg.jp/,https://www.city.kagoshima.lg.jp/,https://www.city.kagoshima.lg.jp/soumu/zeimu/shiminzei/shiminzeisoudanmadogutijizenyoyaku.html,https://www.city.kagoshima.lg.jp/shigenseisaku/gomi/r6shoukyakubai.html,https://www.city.kagoshima.lg.jp/kodomofuku/jidouteate-kosodateouenteate/kosodateouenteate4.html,https://www.city.kagoshima.lg.jp/jigyo/jigyo_shinchaku.xml,core_city,中核市・県庁所在地 | [top] 200 | [contact] 市民税・県民税の申告相談窓口のご案内及び申告受付の事前予約 | [hub] 物価高対応子育て応援手当（児童1人あたり2万円） | [service] 南部清掃工場ごみ焼却灰運搬業務委託契約に係る制限付き一般競争入札（公告） | [article] 新着情報/入札情報RSS
S0274,412015,佐賀県,佐賀市,municipality,C,kyushu_okinawa,https://www.city.saga.lg.jp/,https://www.city.saga.lg.jp/,https://www.city.saga.lg.jp/main/55234.html,https://www.city.saga.lg.jp/main/107727.html,https://www.city.saga.lg.jp/main/98947.html,https://www.city.saga.lg.jp/main/100390.html,prefecture_capital,県庁所在地 | [top] 200 | [contact] 福祉まるごと相談窓口 ～福祉に関するお困りごと まるごとお受けします～ | [hub] 本庄子ども園 子育て支援センター「つくしんぼう」 | [service] 令和７年度佐賀市乳児等通園支援事業（こども誰でも通園制度）の利用申請を開始します。 | [article] 令和8年2月定例記者会見（開催のお知らせ）
S0286,472115,沖縄県,沖縄市,municipality,C,kyushu_okinawa,https://www.city.okinawa.okinawa.jp/,https://www.city.okinawa.okinawa.jp/,https://www.city.okinawa.okinawa.jp/k003/otoiawase.html,https://www.city.okinawa.okinawa.jp/k064-001/kosodate/shakaikyouiku/library/lib/index.html,https://www.city.okinawa.okinawa.jp/k028/kosodate/kosodateshien/tokubetsukyuufu/4010740108.html,https://www.city.okinawa.okinawa.jp/shinchaku.xml,regional_balance,人口約14万 | [top] 200 | [contact] お問い合わせ | [hub] 2026年2月10日 令和7年度沖縄市物価高対応子育て応援手当について(申請が必要な方向け) | [service] 資料検索や、予約・延長申請もwebでいつでも申請可能！ 沖縄市立図書館 | [article] 新着情報RSS
S0298,462225,鹿児島県,奄美市,municipality,D,kyushu_okinawa,https://www.city.amami.lg.jp/,https://www.city.amami.lg.jp/,https://www.city.amami.lg.jp/kikaku/shise/koho/soudan.html,https://www.city.amami.lg.jp/fukushi/documents/kosodatejyouhou.html,https://www.city.amami.lg.jp/wpm/kodomokosodate.html,https://www.city.amami.lg.jp/shinchaku/index.html,island_municipality,離島・奄美大島 | [top] 200 | [contact] 各種相談窓口 | [hub] 子育てサービス補助金 | [service] まーじん子育て応援団 | [article] 新着情報一覧
S0050,012025,北海道,函館市,municipality,B,hokkaido,https://www.city.hakodate.hokkaido.jp/,https://www.city.hakodate.hokkaido.jp/,https://www.city.hakodate.hokkaido.jp/docs/2014031700318/,https://www.city.hakodate.hokkaido.jp/docs/2014011700482/,https://www.city.hakodate.hokkaido.jp/category/bunya/kurashi/,https://www.city.hakodate.hokkaido.jp/docs/2014030600213/,core_city,中核市; top=WebFetch; contact=WebSearch; service=WebSearch(児童手当); hub=WebSearch(くらし); article=WebSearch
S0052,012068,北海道,釧路市,municipality,C,hokkaido,https://www.city.kushiro.lg.jp/,https://www.city.kushiro.lg.jp/,https://www.city.kushiro.lg.jp/shisei/gaiyou/1006821/1010624/index.html,https://www.city.kushiro.lg.jp/kosodatekyouiku/kosodate/1005438/1005443.html,https://www.city.kushiro.lg.jp/kurashi/index.html,https://www.city.kushiro.lg.jp/museum/tenji/kikaku/2025/plants.html,population_top,人口約16万; top=WebFetch; contact=WebSearch; service=WebSearch(児童手当); hub=top nav; article=top news
S0053,012084,北海道,北見市,municipality,C,hokkaido,https://www.city.kitami.lg.jp/,https://www.city.kitami.lg.jp/,https://www.city.kitami.lg.jp/administration/town/detail.php?content=12630,https://www.city.kitami.lg.jp/administration/detail.php?content=7313,https://www.city.kitami.lg.jp/administration/life/,https://www.city.kitami.lg.jp/administration/news/detail.php?news=2768,population_top,"人口約11万; top=WebFetch(JS-heavy,sparse); contact=WebSearch; service=WebSearch(児童手当); hub=WebSearch(くらし); article=WebSearch(お知らせ)"
S0054,012131,北海道,苫小牧市,municipality,C,hokkaido,https://www.city.tomakomai.hokkaido.jp/,https://www.city.tomakomai.hokkaido.jp/,https://www.city.tomakomai.hokkaido.jp/contact.html,https://www.city.tomakomai.hokkaido.jp/kenko/kosodate/jidoteate/seido-tetsuzuki.html,https://www.city.tomakomai.hokkaido.jp/kurashi/,https://www.city.tomakomai.hokkaido.jp/calendar/64271.html,population_top,人口約17万; top=WebFetch; contact=top link; service=WebSearch(児童手当); hub=top nav; article=WebSearch
S0055,012173,北海道,江別市,municipality,C,hokkaido,https://www.city.ebetsu.hokkaido.jp/,https://www.city.ebetsu.hokkaido.jp/,https://www.city.ebetsu.hokkaido.jp/soshiki/koucho/13388.html,https://www.city.ebetsu.hokkaido.jp/site/kosodate/266.html,https://www.city.ebetsu.hokkaido.jp/life/1/,https://www.city.ebetsu.hokkaido.jp/soshiki/sports/148109.html,regional_balance,人口約12万; top=WebFetch; contact=footer link; service=WebSearch(児童手当); hub=top nav; article=top news
S0056,012033,北海道,小樽市,municipality,C,hokkaido,https://www.city.otaru.lg.jp/,https://www.city.otaru.lg.jp/,https://www.city.otaru.lg.jp/contact/goiken_otoiawase/,https://www.city.otaru.lg.jp/docs/2020111000506/,https://www.city.otaru.lg.jp/navi/kurashi/,https://www.city.otaru.lg.jp/docs/2025030300072/,regional_balance,人口約10万; top=WebFetch; contact=top link; service=WebSearch(児童手当); hub=top nav; article=top news
S0057,012246,北海道,千歳市,municipality,C,hokkaido,https://www.city.chitose.lg.jp/,https://www.city.chitose.lg.jp/,https://www.city.chitose.lg.jp/docs/doc78572.html,https://www.city.chitose.lg.jp/docs/34908.html,https://www.city.chitose.lg.jp/95/,https://www.city.chitose.lg.jp/docs/41357.html,regional_balance,人口約9万; top=WebFetch; contact=top link; service=WebSearch(児童手当); hub=top link; article=top news
S0058,012106,北海道,岩見沢市,municipality,C,hokkaido,https://www.city.iwamizawa.hokkaido.jp/,https://www.city.iwamizawa.hokkaido.jp/,https://www.city.iwamizawa.hokkaido.jp/soshiki/shomuka/iwamizawashi_shokai/3872.html,https://www.city.iwamizawa.hokkaido.jp/soshiki/kodomoka/kosodate/4/2426.html,https://www.city.iwamizawa.hokkaido.jp/lifescene/index.html,https://www.city.iwamizawa.hokkaido.jp/soshiki/johoseisakuka/internet/9242.html,regional_balance,人口約7万; top=WebFetch; contact=WebSearch(市役所); service=WebSearch(児童手当)→404確認; hub=top nav; article=WebSearch
S0059,012092,北海道,夕張市,municipality,D,hokkaido,https://www.city.yubari.lg.jp/,https://www.city.yubari.lg.jp/,https://www.city.yubari.lg.jp/soshiki/2/5017.html,https://www.city.yubari.lg.jp/soshiki/11/1658.html,https://www.city.yubari.lg.jp/life/1/,https://www.city.yubari.lg.jp/site/mayor/7289.html,rural_representative,過疎地域; top=WebFetch; contact=top link; service=WebSearch(児童手当); hub=top nav; article=top news(市長コラム)
S0060,012271,北海道,歌志内市,municipality,D,hokkaido,https://www.city.utashinai.hokkaido.jp/,https://www.city.utashinai.hokkaido.jp/,https://www.city.utashinai.hokkaido.jp/hotnews/detail/00000317.html,https://www.city.utashinai.hokkaido.jp/kosodate/detail/00001994.html,https://www.city.utashinai.hokkaido.jp/hotnews/category/3.html,https://www.city.utashinai.hokkaido.jp/hotnews/detail/00000127.html,rural_representative,日本最小の市; top=WebFetch; contact=top link; service=WebSearch(児童手当→各種手当); hub=WebSearch(暮らし); article=top news
S0061,013676,北海道,奥尻町,municipality,D,hokkaido,https://www.town.okushiri.lg.jp/,https://www.town.okushiri.lg.jp/,https://www.town.okushiri.lg.jp/hotnews/detail/00000001.html,https://www.town.okushiri.lg.jp/hotnews/detail/00004892.html,https://www.town.okushiri.lg.jp/hotnews/category/3.html,https://www.town.okushiri.lg.jp/hotnews/detail/00001296.html,island_municipality,離島; top=WebFetch; contact=top link; service=WebSearch(幼児教育無償化); hub=WebSearch(暮らし); article=WebSearch(耐震計画)
S0062,015181,北海道,利尻町,municipality,D,hokkaido,https://www.town.rishiri.hokkaido.jp/,https://rishiri-town.jp/,https://rishiri-town.jp/%e5%88%a9%e5%b0%bb%e7%94%ba%e5%bd%b9%e5%a0%b4%e3%81%b8%e3%81%ae%e5%95%8f%e5%90%88%e3%81%9b/,https://rishiri-town.jp/%e5%81%a5%e5%ba%b7%e3%83%bb%e5%ad%90%e8%82%b2%e3%81%a6%e3%83%bb%e7%a6%8f%e7%a5%89/%e5%ad%90%e8%82%b2%e3%81%a6%e6%94%af%e6%8f%b4/,https://rishiri-town.jp/%e3%81%8f%e3%82%89%e3%81%97%e3%83%bb%e5%90%84%e7%a8%ae%e6%89%8b%e7%b6%9a%e3%81%8d/,,island_municipality,離島; 301 redirect www.town.rishiri.hokkaido.jp→rishiri-town.jp; top=WebFetch; contact=footer; service=nav(子育て支援); hub=nav; article=NOT_FOUND(個別記事URL特定不可)
S0063,014591,北海道,美瑛町,municipality,D,hokkaido,https://town.biei.hokkaido.jp/,https://town.biei.hokkaido.jp/,https://town.biei.hokkaido.jp/administration/town/contact.html,https://town.biei.hokkaido.jp/child/child-rearing/support.html,https://town.biei.hokkaido.jp/life/,https://town.biei.hokkaido.jp/administration/election/result/r80208.html,ui_diversity,観光地; top=WebFetch; contact=footer link; service=WebSearch(子育て助成); hub=top nav; article=whatsnew(選挙結果)
S0064,013951,北海道,ニセコ町,municipality,D,hokkaido,https://www.town.niseko.lg.jp/,https://www.town.niseko.lg.jp/,https://www.town.niseko.lg.jp/kokyo_shisetsu/shisetsu/yakuba/,https://www.town.niseko.lg.jp/kurashi/kosodate/kodomo_teate_josei/jidou_teate/,https://www.town.niseko.lg.jp/kurashi/,https://www.town.niseko.lg.jp/information/11647/,ui_diversity,国際観光地; top=WebFetch; contact=WebSearch(町役場); service=WebSearch(児童手当); hub=top nav; article=WebSearch(ジョブフェア)
S0002,020001,青森県,青森県,prefecture,unknown,tohoku,https://www.pref.aomori.lg.jp/,https://www.pref.aomori.lg.jp/,https://www.pref.aomori.lg.jp/contents/contact.html,https://www.pref.aomori.lg.jp/soshiki/kodomo/kodomo/test.html,https://www.pref.aomori.lg.jp/life/,https://www.pref.aomori.lg.jp/koho/r8gousetutaisakuhonbu.html,prefecture_site,top=WebFetch; contact=WebSearch(お問い合わせ); service=WebSearch(児童手当); hub=nav(くらし); article=WebSearch(豪雪対策本部)
S0003,030007,岩手県,岩手県,prefecture,unknown,tohoku,https://www.pref.iwate.jp/,https://www.pref.iwate.jp/,https://www.pref.iwate.jp/about/1016265.html,https://www.pref.iwate.jp/kurashikankyou/kosodate/shoushika/1003476.html,https://www.pref.iwate.jp/kurashikankyou/index.html,https://www.pref.iwate.jp/governor/yotei/1082674/1094560.html,prefecture_site,top=WebFetch; contact=WebSearch; service=WebSearch(児童手当); hub=WebSearch(くらし); article=WebSearch(知事の動き)
S0005,050008,秋田県,秋田県,prefecture,unknown,tohoku,https://www.pref.akita.lg.jp/,https://www.pref.akita.lg.jp/,https://www.pref.akita.lg.jp/pages/genre/14880,https://www.pref.akita.lg.jp/pages/archive/84626,https://www.pref.akita.lg.jp/pages/genre/category-life,https://www.pref.akita.lg.jp/pages/archive/9910,prefecture_site,top=WebFetch; contact=WebSearch; service=WebSearch(児童手当R6.10); hub=WebSearch(暮らし); article=WebSearch(人口月報)
S0006,060003,山形県,山形県,prefecture,unknown,tohoku,https://www.pref.yamagata.jp/,https://www.pref.yamagata.jp/,https://www.pref.yamagata.jp/020026/kensei/joho/kocho/kenminsoudanmadoguti/jssan000/index.html,https://www.pref.yamagata.jp/010001/kenfuku/kosodate/shien/teatejosei/jidouteate.html,https://www.pref.yamagata.jp/kurashi/index.html,https://www.pref.yamagata.jp/314001/kensei/joho/koho/houdouhappyou/2026/r080213-1.html,prefecture_site,top=WebFetch; contact=WebSearch(総合窓口); service=WebSearch(児童手当); hub=WebSearch(くらし); article=WebSearch(報道発表)
S0007,070009,福島県,福島県,prefecture,unknown,tohoku,https://www.pref.fukushima.lg.jp/,https://www.pref.fukushima.lg.jp/,https://www.pref.fukushima.lg.jp/life/7/33/121/,https://www.pref.fukushima.lg.jp/sec/21035a/kosodate-jidouteate.html,https://www.pref.fukushima.lg.jp/life/1/,https://www.pref.fukushima.lg.jp/sec/36005b/digitalpromotion.html,prefecture_site,top=WebFetch; contact=WebSearch(県庁案内); service=WebSearch(児童手当); hub=nav(くらし); article=top news(デジタルプロモーション)
S0065,041009,宮城県,仙台市,municipality,A,tohoku,https://www.city.sendai.jp/,https://www.city.sendai.jp/,https://www.city.sendai.jp/kochotoke-kocho/callcenter/morinomiyakooshiete.html,https://www.city.sendai.jp/kodomo-jigyo/kurashi/kenkotofukushi/kosodate/teate/jidoteate.html,https://www.city.sendai.jp/kurashi/index.html,https://www.city.sendai.jp/jigyosuishin/wakamono/wakamonoteiantop.html,designated_city,top=WebFetch; contact=WebSearch(コールセンター); service=WebSearch(児童手当); hub=top nav; article=WebSearch(ユースチャレンジ)
S0066,042021,宮城県,石巻市,municipality,C,tohoku,https://www.city.ishinomaki.lg.jp/,https://www.city.ishinomaki.lg.jp/,https://www.city.ishinomaki.lg.jp/cont/10105000/7821/7821.html,https://www.city.ishinomaki.lg.jp/kosodate/li/010/020/02/index.html,https://www.city.ishinomaki.lg.jp/d0010/index.html,https://www.city.ishinomaki.lg.jp/cont/10184000/8600/kokoronohukkou07.html,regional_balance,top=WebFetch; contact=WebSearch(本庁舎案内); service=WebSearch(こどもの手当→原URL404); hub=WebSearch(市民の方へ); article=WebSearch(心の復興事業)
S0067,042153,宮城県,大崎市,municipality,C,tohoku,https://www.city.osaki.miyagi.jp/,https://www.city.osaki.miyagi.jp/,https://www.city.osaki.miyagi.jp/otoiawase/index.html,https://www.city.osaki.miyagi.jp/shisei/soshikikarasagasu/minseibu/kosodateshienka/3/3/2602.html,https://www.city.osaki.miyagi.jp/shisei/kurashinojoho/index.html,https://www.city.osaki.miyagi.jp/shisei/soshikikarasagasu/somubu/hishokohoka/3/koho_2026/21910.html,regional_balance,人口約12万; top=WebFetch; contact=footer link; service=WebSearch(児童扶養手当); hub=WebSearch(くらし); article=WebSearch(広報2026年2月)
S0068,043028,宮城県,七ヶ宿町,municipality,D,tohoku,https://town.shichikashuku.miyagi.jp/,https://town.shichikashuku.miyagi.jp/,,,https://town.shichikashuku.miyagi.jp/life/,https://town.shichikashuku.miyagi.jp/town/kouhou/2026/01/no781.html,rural_representative,過疎地域; contact=NOT_FOUND(mailto only); service=NOT_FOUND(児童手当ページなし); hub=top nav; article=広報2月号No.781
S0069,022012,青森県,青森市,municipality,B,tohoku,https://www.city.aomori.aomori.jp/,https://www.city.aomori.aomori.jp/,https://www.city.aomori.aomori.jp/shisei/kouchou/1008273.html,https://www.city.aomori.aomori.jp/kodomo_kyoiku/kodomo_teate_josei/1003560/1003561.html,https://www.city.aomori.aomori.jp/kurashi_kankyo/index.html,https://www.city.aomori.aomori.jp/shisei/senkyo/1009349.html,core_city,中核市・県庁所在地; top=WebFetch; contact=WebSearch(市民の声); service=WebSearch(児童手当); hub=top nav; article=WebSearch(選挙速報)
S0070,022039,青森県,八戸市,municipality,B,tohoku,https://www.city.hachinohe.aomori.jp/,https://www.city.hachinohe.aomori.jp/,https://www.city.hachinohe.aomori.jp/soshikikarasagasu/gyoseikanrika/1/6359.html,https://www.city.hachinohe.aomori.jp/soshikikarasagasu/kosodateshienka/kosodate/2/4004.html,https://www.city.hachinohe.aomori.jp/kurashi_tetsuzuki/index.html,https://www.city.hachinohe.aomori.jp/R071208jisin/index.html,core_city,中核市; top=WebFetch; contact=footer link; service=WebSearch(児童手当); hub=top nav; article=WebSearch(地震支援)
S0071,022021,青森県,弘前市,municipality,C,tohoku,https://www.city.hirosaki.aomori.jp/,https://www.city.hirosaki.aomori.jp/,https://www.city.hirosaki.aomori.jp/jouhou/toiawase.html,https://www.city.hirosaki.aomori.jp/kyouiku/kosodate/jidouteate.html,https://www.city.hirosaki.aomori.jp/kurashi/,https://www.city.hirosaki.aomori.jp/kurashi/kinkyu/2026-0130-1722-414.html,regional_balance,人口約16万; top=WebFetch; contact=footer link; service=WebSearch(児童手当); hub=WebSearch(くらし); article=top news(雪下ろし災害救助)
S0072,023434,青森県,西目屋村,municipality,D,tohoku,https://www.nishimeya.jp/,https://www.nishimeya.jp/,https://www.nishimeya.jp/19.html,https://www.nishimeya.jp/kosodate_kyoiku/jidofukushi_hitorioyafukushi/135.html,https://www.nishimeya.jp/kurashi_tetsuzuki/index.html,https://www.nishimeya.jp/event/820.html,rural_representative,過疎地域; top=WebFetch; contact=footer link; service=nav(児童福祉→児童手当); hub=top nav; article=top news(乳穂ヶ滝結氷状況)
S0073,032018,岩手県,盛岡市,municipality,B,tohoku,https://www.city.morioka.iwate.jp/,https://www.city.morioka.iwate.jp/,https://www.city.morioka.iwate.jp/shisei/soshiki/annai/index.html,https://www.city.morioka.iwate.jp/kosodate/kosodateteate/1002493.html,https://www.city.morioka.iwate.jp/kurashi/index.html,https://www.city.morioka.iwate.jp/kurashi/anzen_anshin/shinsai/shinsaiinfo/1018707.html,core_city,中核市・県庁所在地; top=WebFetch; contact=WebSearch(市役所案内); service=WebSearch(児童手当); hub=WebFetch(くらし); article=WebSearch(震災追悼2026)
S0074,032093,岩手県,一関市,municipality,C,tohoku,https://www.city.ichinoseki.iwate.jp/,https://www.city.ichinoseki.iwate.jp/,"https://www.city.ichinoseki.iwate.jp/index.cfm/7,136493,2,html","https://www.city.ichinoseki.iwate.jp/index.cfm/28,173963,135,740,html","https://www.city.ichinoseki.iwate.jp/index.cfm/8,html","https://www.city.ichinoseki.iwate.jp/index.cfm/18,191481,275,html",regional_balance,人口約10万; top=WebFetch; contact=WebSearch(お問い合わせ); service=WebSearch(児童手当); hub=nav(生活・環境); article=WebSearch(広報2026年2月)
S0075,034843,岩手県,田野畑村,municipality,D,tohoku,https://www.vill.tanohata.iwate.jp/,https://www.vill.tanohata.iwate.jp/,https://www.vill.tanohata.iwate.jp/inquiry/1/,https://www.vill.tanohata.iwate.jp/docs/2024030100019/,https://www.vill.tanohata.iwate.jp/top.html,https://www.vill.tanohata.iwate.jp/docs/2019022600011/,rural_representative,過疎地域; top=WebFetch; contact=top header(ご意見箱); service=lifeevent/ikuji→児童手当; hub=行政サイトtop; article=広報たのはた2026年ページ
S0076,052019,秋田県,秋田市,municipality,B,tohoku,https://www.city.akita.lg.jp/,https://www.city.akita.lg.jp/,https://www.city.akita.lg.jp/madoguchi/index.html,https://www.city.akita.lg.jp/kurashi/kosodate/1005863/1005955.html,https://www.city.akita.lg.jp/kurashi/index.html,https://www.city.akita.lg.jp/zoo/news/1008854/1049698.html,core_city,中核市・県庁所在地; top=WebFetch; contact=nav(窓口案内); service=WebSearch(児童手当); hub=nav(くらしの情報); article=WebSearch(年パスデザイン)
S0077,052035,秋田県,横手市,municipality,C,tohoku,https://www.city.yokote.lg.jp/,https://www.city.yokote.lg.jp/,https://www.city.yokote.lg.jp/shisei/1001171/1005237.html,https://www.city.yokote.lg.jp/kosodate/1001158/1001327/1003360.html,https://www.city.yokote.lg.jp/kurashi/index.html,https://www.city.yokote.lg.jp/kanko/1004035/1004590.html,regional_balance,人口約8万; top=WebFetch; contact=WebSearch(アクセス); service=WebSearch(児童手当); hub=nav(くらし・手続き); article=WebSearch(かまくら)
S0078,052043,秋田県,大館市,municipality,C,tohoku,https://www.city.odate.lg.jp/,https://www.city.odate.lg.jp/,https://www.city.odate.lg.jp/city/koukyoushisetsu/annai/shisho,https://www.city.odate.lg.jp/kosodate/guide/birth/teate/teate-2,https://www.city.odate.lg.jp/city/handbook/,https://www.city.odate.lg.jp/city/soshiki/koutsu/p12683,regional_balance,人口約6万; top=WebFetch; contact=WebSearch(市役所・総合支所); service=WebSearch(児童手当); hub=nav(市民便利帳); article=news-list(大雪バス迂回)
S0079,054640,秋田県,東成瀬村,municipality,D,tohoku,https://www.higashinaruse.com/,https://vill.higashinaruse.lg.jp/,https://vill.higashinaruse.lg.jp/contact,,https://vill.higashinaruse.lg.jp/sonmin/page-24971/,https://vill.higashinaruse.lg.jp/villager/post-35910/,rural_representative,過疎地域; 301 redirect higashinaruse.com→vill.higashinaruse.lg.jp; top=WebFetch; contact=footer; service=NOT_FOUND(児童手当ページなし); hub=nav(暮らし・手続き); article=村の情報(食生活改善推進員募集)
S0080,062014,山形県,山形市,municipality,B,tohoku,https://www.city.yamagata-yamagata.lg.jp/,https://www.city.yamagata-yamagata.lg.jp/,https://www.city.yamagata-yamagata.lg.jp/about/1003701.html,https://www.city.yamagata-yamagata.lg.jp/kosodatekyoiku/kosodate/1006612/1002171.html,https://www.city.yamagata-yamagata.lg.jp/kurashi/index.html,https://www.city.yamagata-yamagata.lg.jp/shiseijoho/it/1012826/1017461.html,core_city,中核市・県庁所在地; top=WebFetch; contact=WebSearch(みんなの意見・提言); service=WebSearch(児童手当); hub=nav(暮らし・手続き); article=WebSearch(施設予約システム更新)
S0081,062031,山形県,鶴岡市,municipality,C,tohoku,https://www.city.tsuruoka.lg.jp/,https://www.city.tsuruoka.lg.jp/,https://www.city.tsuruoka.lg.jp/shisei/shiyakusyo/infomation/dial_in.html,https://www.city.tsuruoka.lg.jp/kyoiku/kosodate/kodomo/kosodate01zidouteate.html,https://www.city.tsuruoka.lg.jp/kurashi/index.html,https://www.city.tsuruoka.lg.jp/shisei/kohojigyou/koho/kohor7/koho202602.html,regional_balance,人口約11万; top=WebFetch; contact=WebSearch(ダイヤルイン); service=WebSearch(児童手当); hub=nav(暮らし); article=WebSearch(広報2026年2月)
S0082,063657,山形県,大蔵村,municipality,D,tohoku,https://www.vill.ohkura.yamagata.jp/,https://www.vill.ohkura.yamagata.jp/,https://www.vill.ohkura.yamagata.jp/soshikikarasagasu/somuka/gyomuannai/19/670.html,https://www.vill.ohkura.yamagata.jp/soshikikarasagasu/kenkofukushika/gyomuannai/9/1/590.html,https://www.vill.ohkura.yamagata.jp/,https://www.vill.ohkura.yamagata.jp/gyoseijoho/koho_kocho/koho/1/2221.html,rural_representative,過疎地域; SMART CMS; top=WebFetch; contact=WebSearch(組織一覧); service=WebSearch(児童手当); hub=top(くらしのナビゲーション); article=WebSearch(広報おおくら令和7年度)
S0083,072010,福島県,福島市,municipality,B,tohoku,https://www.city.fukushima.fukushima.jp/,https://www.city.fukushima.fukushima.jp/,https://www.city.fukushima.fukushima.jp/soshiki/2/1001/390.html,https://www.city.fukushima.fukushima.jp/kosodate-portal/mokuteki/seido_teate/ninshinsyussanzyosei/4515.html,https://www.city.fukushima.fukushima.jp/kurashi/index.html,https://www.city.fukushima.fukushima.jp/soshiki/2/1001/1/2/shiseidayorisaishin.html,core_city,中核市・県庁所在地; SMART CMS; top=WebFetch; contact=WebSearch(お問い合わせ先一覧); service=WebSearch(児童手当); hub=WebSearch(くらし); article=WebSearch(市政だより2月号)
S0085,072044,福島県,いわき市,municipality,B,tohoku,https://www.city.iwaki.lg.jp/,https://www.city.iwaki.lg.jp/,https://www.city.iwaki.lg.jp/www/genre/1455082817827/index.html,https://www.city.iwaki.lg.jp/www/contents/1653785969704/index.html,https://www.city.iwaki.lg.jp/www/genre/1000100000001/index.html,https://www.city.iwaki.lg.jp/www/contents/1767902974430/index.html,core_city,中核市; top=WebFetch; contact=WebSearch(窓口案内); service=WebSearch(児童手当); hub=WebSearch(くらし・手続き); article=WebSearch(林野火災注意報2026)
S0087,072079,福島県,須賀川市,municipality,C,tohoku,https://www.city.sukagawa.fukushima.jp/,https://www.city.sukagawa.fukushima.jp/,https://www.city.sukagawa.fukushima.jp/about/1004754.html,https://www.city.sukagawa.fukushima.jp/kosodate_kyoiku/kosodate_teate/1018515.html,https://www.city.sukagawa.fukushima.jp/kurashi/,https://www.city.sukagawa.fukushima.jp/kurashi/anshin/bosai/1007066/1017398/1018808.html,regional_balance,人口約7万; top=WebFetch; contact=WebSearch(市へのお問い合わせ); service=WebSearch(児童手当); hub=WebFetch(くらし・手続き); article=WebSearch(林野火災警報2026年2月)
S0088,072052,福島県,白河市,municipality,C,tohoku,https://www.city.shirakawa.fukushima.jp/,https://www.city.shirakawa.fukushima.jp/,https://www.city.shirakawa.fukushima.jp/page/page001402.html,https://www.city.shirakawa.fukushima.jp/page/page009274.html,https://www.city.shirakawa.fukushima.jp/page/dir000002.html,https://www.city.shirakawa.fukushima.jp/page/page009119.html,regional_balance,人口約5万; top=WebFetch; contact=WebSearch(ご意見・お問い合わせ); service=WebSearch(児童手当制度改正); hub=WebSearch(暮らし・手続き); article=WebSearch(清水門復元整備事業)
S0089,073644,福島県,檜枝岐村,municipality,D,tohoku,https://www.vill.hinoemata.lg.jp/,https://www.vill.hinoemata.lg.jp/,https://www.vill.hinoemata.lg.jp/contactlist.html,,https://www.vill.hinoemata.lg.jp/jyumin/,https://www.vill.hinoemata.lg.jp/information/new/000311.html,rural_representative,過疎地域; top=WebFetch; contact=top nav(お問い合わせ先一覧); service=NOT_FOUND(児童手当ページなし); hub=nav(住民課); article=news(移住ガイドブック)
S0090,074446,福島県,三島町,municipality,D,tohoku,https://www.town.mishima.fukushima.jp/,https://www.town.mishima.fukushima.jp/,https://www.town.mishima.fukushima.jp/soshiki/choumin/,,https://www.town.mishima.fukushima.jp/life/,https://www.town.mishima.fukushima.jp/site/koho/7101.html,rural_representative,過疎地域; top=WebFetch; contact=org(町民課); service=NOT_FOUND(児童手当ページなし); hub=nav(分類でさがす); article=WebSearch(広報みしま2026年2月)
S0091,074454,福島県,金山町,municipality,D,tohoku,https://www.town.kaneyama.fukushima.jp/,https://www.town.kaneyama.fukushima.jp/,https://www.town.kaneyama.fukushima.jp/,,https://www.town.kaneyama.fukushima.jp/life/1/,https://www.town.kaneyama.fukushima.jp/soshiki/list1-1.html,rural_representative,過疎地域; top=WebFetch; contact=top(footer連絡先のみ・専用ページなし); service=NOT_FOUND(児童手当ページなし); hub=分類(くらし・手続き); article=WebSearch(新着更新情報2026年2月)
S0092,075647,福島県,飯舘村,municipality,D,tohoku,https://www.vill.iitate.fukushima.jp/,https://www.vill.iitate.fukushima.jp/,https://www.vill.iitate.fukushima.jp/soshiki/1/47.html,,https://www.vill.iitate.fukushima.jp/life/1/,https://www.vill.iitate.fukushima.jp/site/kouhou/14182.html,rural_representative,原発事故避難地域; top=WebFetch; contact=org(村主要機関一覧); service=NOT_FOUND(児童手当ページなし); hub=分類(くらし・環境); article=WebSearch(広報いいたてお知らせ版令和8年2月)
S0008,080004,茨城県,茨城県,prefecture,unknown,kanto,https://www.pref.ibaraki.jp/,https://www.pref.ibaraki.jp/,https://www.pref.ibaraki.jp/bugai/koho/kenmin/misc/contact.html,https://www.pref.ibaraki.jp/bugai/koho/kenmin/life/hoken/jifuku/jifuku-028.html,https://www.pref.ibaraki.jp/kurashi/index.html,https://www.pref.ibaraki.jp/bugai/koho/kenmin/hibari/backnumber/2026-2.html,prefecture_site,top=WebFetch; contact=WebSearch(お問い合わせ); service=WebSearch(児童手当); hub=nav(くらし・環境); article=WebSearch(ひばり2月号)
S0009,090000,栃木県,栃木県,prefecture,unknown,kanto,https://www.pref.tochigi.lg.jp/,https://www.pref.tochigi.lg.jp/,https://www.pref.tochigi.lg.jp/c05/kensei/kouhou/hp/otoiawase.html,https://www.pref.tochigi.lg.jp/e06/welfare/kodomo/kosodatesoudan/shiennseido.html,https://www.pref.tochigi.lg.jp/kurashi/index.html,https://www.pref.tochigi.lg.jp/c05/pref/kouhou/kouhoushi/424-5.html,prefecture_site,top=WebFetch; contact=WebSearch(お問い合わせ); service=WebSearch(児童手当→経済的な支援制度); hub=nav(くらし・環境); article=WebSearch(とちぎ県民だより2月号)
S0010,100005,群馬県,群馬県,prefecture,unknown,kanto,https://www.pref.gunma.jp/,https://www.pref.gunma.jp/,https://www.pref.gunma.jp/page/5650.html,https://www.pref.gunma.jp/page/1790.html,https://www.pref.gunma.jp/site/kurashi/,https://www.pref.gunma.jp/site/gunmakouhou/,prefecture_site,top=WebFetch; contact=WebSearch(各部局等問い合わせ); service=WebSearch(児童手当); hub=nav(くらし); article=WebSearch(ぐんま広報)
S0011,110001,埼玉県,埼玉県,prefecture,unknown,kanto,https://www.pref.saitama.lg.jp/,https://www.pref.saitama.lg.jp/,https://www.pref.saitama.lg.jp/kense/kocho/sodan/index.html,https://www.pref.saitama.lg.jp/a0607/teatekodomo.html,https://www.pref.saitama.lg.jp/kurashi/index.html,https://www.pref.saitama.lg.jp/a0314/sainokuni/index.html,prefecture_site,top=WebFetch; contact=WebSearch(各種相談窓口); service=WebSearch(児童手当); hub=nav(くらし・環境); article=WebSearch(彩の国だより)
S0012,120006,千葉県,千葉県,prefecture,unknown,kanto,https://www.pref.chiba.lg.jp/,https://www.pref.chiba.lg.jp/,https://www.pref.chiba.lg.jp/soudan-toiawase/soudan/index.html,https://www.pref.chiba.lg.jp/kosodate/kodomoteate1.html,https://www.pref.chiba.lg.jp/cate/kt/kurashi/index.html,https://www.pref.chiba.lg.jp/kouhou/kenmindayori/r8/index.html,prefecture_site,top=WebFetch; contact=WebSearch(相談・問い合わせ窓口); service=WebSearch(児童手当); hub=nav(くらし); article=WebSearch(ちば県民だより令和8年)
S0014,140007,神奈川県,神奈川県,prefecture,unknown,kanto,https://www.pref.kanagawa.jp/,https://www.pref.kanagawa.jp/,https://www.pref.kanagawa.jp/docs/rb2/cnt/f7246/,https://www.pref.kanagawa.jp/docs/he8/faq/p3135.html,https://www.pref.kanagawa.jp/menu/1/index.html,https://www.pref.kanagawa.jp/tayori/2602/page1-01.html,prefecture_site,top=WebFetch; contact=WebSearch(ダイヤルイン電話番号簿); service=WebSearch(児童手当); hub=nav(分類から探す); article=WebSearch(県のたより2月号)
S0093,111007,埼玉県,さいたま市,municipality,A,kanto,https://www.city.saitama.jp/,https://www.city.saitama.lg.jp/,https://www.city.saitama.lg.jp/006/012/001/007/p032903.html,https://www.city.saitama.lg.jp/007/001/003/p017220.html,https://www.city.saitama.lg.jp/kurashi/index.html,https://www.city.saitama.lg.jp/006/014/010/001/index.html,designated_city,301 redirect .jp→.lg.jp; top=WebFetch; contact=WebSearch(窓口案内); service=WebSearch(児童手当); hub=nav(暮らし・手続き); article=WebSearch(市報さいたま)
S0094,121002,千葉県,千葉市,municipality,A,kanto,https://www.city.chiba.jp/,https://www.city.chiba.jp/,https://www.city.chiba.jp/front/otoiawase.html,https://www.city.chiba.jp/kodomomirai/kodomomirai/kikaku/jidouteate.html,https://www.city.chiba.jp/kurashi/index.html,https://www.city.chiba.jp/sogoseisaku/shichokoshitsu/kohokocho/saishingou.html,designated_city,top=WebFetch; contact=WebSearch(ご意見・お問い合わせ); service=WebSearch(児童手当); hub=nav(くらし・手続き); article=WebSearch(ちば市政だより)
S0096,141305,神奈川県,川崎市,municipality,A,kanto,https://www.city.kawasaki.jp/,https://www.city.kawasaki.jp/,https://www.city.kawasaki.jp/main/site_policy/0000000030.html,https://www.city.kawasaki.jp/450/page/0000030462.html,https://www.city.kawasaki.jp/kurashi/category/15-0-0-0-0-0-0-0-0-0.html,https://www.city.kawasaki.jp/shisei/category/50-1-0-0-0-0-0-0-0-0.html,designated_city,top=WebFetch; contact=WebSearch(お問い合わせ); service=WebSearch(児童手当); hub=nav(くらし・総合); article=WebSearch(かわさき市政だより)
S0097,141500,神奈川県,相模原市,municipality,A,kanto,https://www.city.sagamihara.kanagawa.jp/,https://www.city.sagamihara.kanagawa.jp/,https://www.city.sagamihara.kanagawa.jp/shisei/1026875/callcenter/index.html,https://www.city.sagamihara.kanagawa.jp/kosodate/1026602/kosodate/1026606/teate_josei/1006643/index.html,https://www.city.sagamihara.kanagawa.jp/kurashi/index.html,https://www.city.sagamihara.kanagawa.jp/shisei/1026875/koho/koho_sagamihara/index.html,designated_city,top=WebFetch; contact=WebSearch(コールセンター); service=WebSearch(児童手当); hub=nav(くらし); article=WebSearch(広報さがみはら)
S0098,082015,茨城県,水戸市,municipality,B,kanto,https://www.city.mito.lg.jp/,https://www.city.mito.lg.jp/,https://www.city.mito.lg.jp/page/3169.html,https://www.city.mito.lg.jp/site/shinsei/3421.html,https://www.city.mito.lg.jp/life/1/6/,https://www.city.mito.lg.jp/site/kouhoumito/,core_city,中核市・県庁所在地; top=WebFetch; contact=WebSearch(市の窓口); service=WebSearch(児童手当); hub=nav(暮らし・手続き); article=WebSearch(広報みと)
S0099,092011,栃木県,宇都宮市,municipality,B,kanto,https://www.city.utsunomiya.tochigi.jp/,https://www.city.utsunomiya.lg.jp/,https://www.city.utsunomiya.lg.jp/shisei/kikou/soshiki/1007543.html,https://www.city.utsunomiya.tochigi.jp/kurashi/kosodate/teate/1004097.html,https://www.city.utsunomiya.tochigi.jp/kurashi/index.html,https://www.city.utsunomiya.lg.jp/shisei/koho/kohoutsunomiya/1021369/1044206.html,core_city,中核市・県庁所在地; SSL expired on .tochigi.jp; .lg.jp accessible; top=WebFetch(.lg.jp); contact=WebSearch(広報広聴課); service=WebSearch(児童手当); hub=nav(暮らし); article=WebSearch(広報うつのみや2月号)
S0100,102016,群馬県,前橋市,municipality,B,kanto,https://www.city.maebashi.gunma.jp/,https://www.city.maebashi.gunma.jp/,https://www.city.maebashi.gunma.jp/soshiki/15849.html,https://www.city.maebashi.gunma.jp/soshiki/kodomomiraibu/kodomoshien/gyomu/1/5/2/3949.html,https://www.city.maebashi.gunma.jp/kurashi/index.html,https://www.city.maebashi.gunma.jp/soshiki/somu/hishokohoka/gyomu/8/9489.html,core_city,中核市・県庁所在地; top=WebFetch; contact=WebSearch(業務内容及び問い合わせ一覧); service=WebSearch(児童手当); hub=nav(暮らし・手続き); article=WebSearch(広報まえばし)
S0101,102024,群馬県,高崎市,municipality,B,kanto,https://www.city.takasaki.gunma.jp/,https://www.city.takasaki.gunma.jp/,https://www.city.takasaki.gunma.jp/page/3822.html,https://www.city.takasaki.gunma.jp/page/4101.html,https://www.city.takasaki.gunma.jp/life/index.html,https://www.city.takasaki.gunma.jp/page/2882.html,core_city,中核市; top=WebFetch; contact=WebSearch(ダイヤルイン番号); service=WebSearch(児童手当); hub=nav(くらし); article=WebSearch(広報高崎)
S0102,112011,埼玉県,川越市,municipality,B,kanto,https://www.city.kawagoe.saitama.jp/,https://www.city.kawagoe.saitama.jp/,https://www.city.kawagoe.saitama.jp/shisei/info/1007964/index.html,https://www.city.kawagoe.saitama.jp/kosodate/jyosei/1004141/1004144.html,https://www.city.kawagoe.saitama.jp/kurashi/index.html,https://www.city.kawagoe.saitama.jp/shisei/koho/1009785/1009786/index.html,core_city,中核市; top=WebFetch; contact=WebSearch(各課の連絡先と業務); service=WebSearch(児童手当); hub=nav(くらし); article=WebSearch(広報川越)
S0103,112224,埼玉県,越谷市,municipality,B,kanto,https://www.city.koshigaya.saitama.jp/,https://www.city.koshigaya.saitama.jp/,https://www.city.koshigaya.saitama.jp/shisei/1014758/index.html,https://www.city.koshigaya.saitama.jp/kurashi_shisei/kosodate/teate/koshigaya_contents_2021030113503.html,https://www.city.koshigaya.saitama.jp/kurashi_shisei/navi/kurashi.html,https://www.city.koshigaya.saitama.jp/kurashi_shisei/shisei/koho/koho_kosigaya/index.html,core_city,中核市; top=WebFetch; contact=WebSearch(お問い合わせとよくある質問); service=WebSearch(児童手当); hub=nav(くらし・手続き); article=WebSearch(広報こしがや)
S0105,122041,千葉県,船橋市,municipality,B,kanto,https://www.city.funabashi.lg.jp/,https://www.city.funabashi.lg.jp/,https://www.city.funabashi.lg.jp/shisei/soudan/index.html,https://www.city.funabashi.lg.jp/kodomo/teate/001/p020586.html,https://www.city.funabashi.lg.jp/kurashi/index.html,https://www.city.funabashi.lg.jp/shisei/kouhou/001/01/p001969.html,core_city,中核市; top=WebFetch; contact=nav(市政・相談); service=WebSearch(児童手当制度); hub=nav(くらし・手続き); article=WebSearch(広報ふなばし最新版)
S0106,122173,千葉県,柏市,municipality,B,kanto,https://www.city.kashiwa.lg.jp/,https://www.city.kashiwa.lg.jp/,https://www.city.kashiwa.lg.jp/soudan/index.html,https://www.city.kashiwa.lg.jp/kodomofukushi/haguhagu/navi/ninshin/shussan/umaretara/jidoteate.html,https://www.city.kashiwa.lg.jp/kurashi/index.html,https://www.city.kashiwa.lg.jp/kouhou/index.html,core_city,中核市; top=WebFetch; contact=nav(相談窓口); service=WebSearch(児童手当 はぐはぐ柏); hub=nav(くらし・手続き); article=nav(広報かしわ)
S0107,142018,神奈川県,横須賀市,municipality,B,kanto,https://www.city.yokosuka.kanagawa.jp/,https://www.city.yokosuka.kanagawa.jp/,https://www.city.yokosuka.kanagawa.jp/0535/faq/index.html,https://www.city.yokosuka.kanagawa.jp/3915/g_info/l100000388.html,https://www.city.yokosuka.kanagawa.jp/kurashi/index.html,https://www.city.yokosuka.kanagawa.jp/shisei/koho/index.html,core_city,中核市; top=WebFetch; contact=nav(FAQ); service=WebSearch(児童手当); hub=nav(くらし); article=nav(広報よこすか)
S0108,131016,東京都,千代田区,municipality,C,kanto,https://www.city.chiyoda.lg.jp/,https://www.city.chiyoda.lg.jp/,https://www.city.chiyoda.lg.jp/koho/madoguchi/index.html,https://www.city.chiyoda.lg.jp/koho/kosodate/teate/jidoteate/index.html,https://www.city.chiyoda.lg.jp/koho/kurashi/index.html,https://www.city.chiyoda.lg.jp/koho/kuse/koho/koho/,special_ward,特別区; top=WebFetch; contact=nav(窓口案内); service=WebSearch(児童手当); hub=nav(暮らし・手続き); article=WebSearch(広報千代田)
S0109,131024,東京都,中央区,municipality,C,kanto,https://www.city.chuo.lg.jp/,https://www.city.chuo.lg.jp/,https://www.city.chuo.lg.jp/a0006/kusei/gaiyou/soshiki/index.html,https://www.city.chuo.lg.jp/a0020/kosodate/kosodate/teatejosei/jidouteate202206.html,https://www.city.chuo.lg.jp/a0020/kurashi/index.html,https://www.city.chuo.lg.jp/a0020/kusei/koho/koho/index.html,special_ward,特別区; top=WebFetch; contact=nav(組織案内); service=WebSearch(児童手当); hub=nav(くらし・手続き); article=nav(区のおしらせ)
S0110,131032,東京都,港区,municipality,C,kanto,https://www.city.minato.tokyo.jp/,https://www.city.minato.tokyo.jp/,https://www.city.minato.tokyo.jp/kouchou/kuse/kocho/iken/index.html,https://www.city.minato.tokyo.jp/kodomokyufu/kodomo/kodomo/jidoteate.html,https://www.city.minato.tokyo.jp/kurashi/index.html,https://www.city.minato.tokyo.jp/kouhou/kuse/koho/minato/index.html,special_ward,特別区; top=WebFetch; contact=WebSearch(問い合わせ); service=WebSearch(児童手当); hub=nav(暮らし・手続き); article=WebSearch(広報みなと)
S0112,131059,東京都,文京区,municipality,C,kanto,https://www.city.bunkyo.lg.jp/,https://www.city.bunkyo.lg.jp/,https://www.city.bunkyo.lg.jp/b013/p000328.html,https://www.city.bunkyo.lg.jp/b022/p001469/index.html,https://www.city.bunkyo.lg.jp/kurashi/index.html,https://www.city.bunkyo.lg.jp/kuseijouhou/kouhou/kouhoushi/index.html,special_ward,特別区; top=WebFetch; contact=WebSearch(コールセンター問い合わせ); service=WebSearch(児童手当); hub=nav(くらし); article=WebSearch(区報ぶんきょう)
S0113,131067,東京都,台東区,municipality,C,kanto,https://www.city.taito.lg.jp/,https://www.city.taito.lg.jp/,https://www.city.taito.lg.jp/kurashi/todokede/madoguti/index.html,https://www.city.taito.lg.jp/kosodatekyouiku/kosodate/mokutei/teate_josei/teate/jidouteate.html,https://www.city.taito.lg.jp/kurashi/index.html,https://www.city.taito.lg.jp/kusei/sanka/koho/index.html,special_ward,特別区; top=WebFetch; contact=WebSearch(窓口案内); service=WebSearch(児童手当); hub=nav(暮らし・手続き); article=WebSearch(広報たいとう)
S0114,131075,東京都,墨田区,municipality,C,kanto,https://www.city.sumida.lg.jp/,https://www.city.sumida.lg.jp/,https://www.city.sumida.lg.jp/iken_yobo/ask/index.html,https://www.city.sumida.lg.jp/kosodate_kyouiku/kosodate_site/teate_jyosei_shien/teate_zyosei/teate/kodomo-teate.html,https://www.city.sumida.lg.jp/kurashi/index.html,https://www.city.sumida.lg.jp/kuhou/index.html,special_ward,特別区; top=WebFetch; contact=WebSearch(お問い合わせ); service=WebSearch(児童手当); hub=nav(くらし); article=WebSearch(すみだ区報)
S0115,131091,東京都,品川区,municipality,C,kanto,https://www.city.shinagawa.tokyo.jp/,https://www.city.shinagawa.tokyo.jp/,https://www.city.shinagawa.tokyo.jp/PC/kuseizyoho/kuseizyoho-soshikitoshigoto/index.html,https://www.city.shinagawa.tokyo.jp/PC/kodomo/kodomo-iryohizyosei/hpg000027168.html,https://www.city.shinagawa.tokyo.jp/PC/kurashi/index.html,https://www.city.shinagawa.tokyo.jp/PC/kuseizyoho/kuseizyoho-koho/kuseizyoho-koho-kohoshinagawa/index.html,special_ward,特別区; top=WebFetch; contact=WebSearch(組織と仕事); service=WebSearch(児童手当); hub=nav(くらし); article=WebSearch(広報しながわ)
S0116,131105,東京都,目黒区,municipality,C,kanto,https://www.city.meguro.tokyo.jp/,https://www.city.meguro.tokyo.jp/,https://www.city.meguro.tokyo.jp/soumu/shisetsu/koukyoushisetsu/madoguchi.html,https://www.city.meguro.tokyo.jp/kosodateshien/kosodatekyouiku/kosodate/jidouteate.html,https://www.city.meguro.tokyo.jp/kurashi/index.html,https://www.city.meguro.tokyo.jp/kusei/kouhou/megurokuhou/index.html,special_ward,特別区; top=WebFetch; contact=WebSearch(総合庁舎窓口案内); service=WebSearch(児童手当); hub=nav(くらし・手続き); article=WebSearch(めぐろ区報)
S0119,131148,東京都,中野区,municipality,C,kanto,https://www.city.tokyo-nakano.lg.jp/,https://www.city.tokyo-nakano.lg.jp/,https://www.city.tokyo-nakano.lg.jp/kusei/public/goiken/kuseihenogoiken.html,https://www.city.tokyo-nakano.lg.jp/kosodate/kosodatesite_ohirune/mokuteki/teate/teate/jidoteate.html,https://www.city.tokyo-nakano.lg.jp/kurashi/index.html,https://www.city.tokyo-nakano.lg.jp/nakano/kuhou/001/index.html,special_ward,特別区; top=WebFetch; contact=WebSearch(区政ご意見); service=WebSearch(児童手当); hub=nav(くらし・手続き); article=WebSearch(なかの区報)
S0120,131156,東京都,杉並区,municipality,C,kanto,https://www.city.suginami.tokyo.jp/,https://www.city.suginami.tokyo.jp/,https://www.city.suginami.tokyo.jp/s018/567.html,https://www.city.suginami.tokyo.jp/s053/1142.html,https://www.city.suginami.tokyo.jp/guide/kurashi/index.html,https://www.city.suginami.tokyo.jp/guide/kusei/koho/1005313.html,special_ward,特別区; top=WebFetch; contact=WebSearch(窓口案内); service=WebSearch(児童手当); hub=nav(くらし); article=WebSearch(広報すぎなみ)
S0121,131164,東京都,豊島区,municipality,C,kanto,https://www.city.toshima.lg.jp/,https://www.city.toshima.lg.jp/,https://www.city.toshima.lg.jp/016/kuse/iken/callcenter/1504281701.html,https://www.city.toshima.lg.jp/261/kosodate/kosodate/teate-jose/017993.html,https://www.city.toshima.lg.jp/kurashi/index.html,https://www.city.toshima.lg.jp/012/kuse/koho/kohoshi/kohoshi.html,special_ward,特別区; top=WebFetch; contact=WebSearch(コールセンター); service=WebSearch(児童手当); hub=nav(暮らし); article=WebSearch(広報としま)
S0122,131211,東京都,足立区,municipality,C,kanto,https://www.city.adachi.tokyo.jp/,https://www.city.adachi.tokyo.jp/,https://www.city.adachi.tokyo.jp/koe/calladachi.html,https://www.city.adachi.tokyo.jp/oyako/k-kyoiku/kosodate/teate-jidoteate.html,https://www.city.adachi.tokyo.jp/kurashi/index.html,https://www.city.adachi.tokyo.jp/ku/kohokocho/adachikoho/index.html,special_ward,特別区; top=WebFetch; contact=WebSearch(コールあだち); service=WebSearch(児童手当); hub=nav(住まい・暮らし); article=WebSearch(あだち広報)
S0123,132012,東京都,八王子市,municipality,B,kanto,https://www.city.hachioji.tokyo.jp/,https://www.city.hachioji.tokyo.jp/,https://www.city.hachioji.tokyo.jp/tantoumadoguchi/index.html,https://www.city.hachioji.tokyo.jp/kurashi/kosodate/002/001/p001078.html,https://www.city.hachioji.tokyo.jp/kurashi/index.html,https://www.city.hachioji.tokyo.jp/contents/kouhou/index.html,core_city,中核市; top=WebFetch; contact=WebSearch(担当窓口); service=WebSearch(児童手当); hub=nav(くらしの情報); article=WebSearch(広報はちおうじ)
S0124,132098,東京都,町田市,municipality,C,kanto,https://www.city.machida.tokyo.jp/,https://www.city.machida.tokyo.jp/,https://www.city.machida.tokyo.jp/shigo/call_top.html,https://www.city.machida.tokyo.jp/kodomo/kosodate/index.html,https://www.city.machida.tokyo.jp/kurashi/index.html,https://www.city.machida.tokyo.jp/shisei/koho/koho/kouhoushi/index.html,population_top,人口約43万; top=WebFetch; contact=WebSearch(問い合わせ); service=WebSearch(児童手当→子育て支援計画); hub=nav(暮らし); article=WebSearch(広報まちだ)
S0125,132063,東京都,府中市,municipality,C,kanto,https://www.city.fuchu.tokyo.jp/,https://www.city.fuchu.tokyo.jp/,https://www.city.fuchu.tokyo.jp/kurashi/sodanannai/shimin/index.html,https://www.city.fuchu.tokyo.jp/kosodate/shussan/teate_josei/teate.html,https://www.city.fuchu.tokyo.jp/kurashi/index.html,https://www.city.fuchu.tokyo.jp/gyosei/johokokai/koho/kohoshi/koho/index.html,regional_balance,人口約26万; top=WebFetch; contact=WebSearch(市民相談); service=WebSearch(児童手当); hub=nav(くらし・手続き); article=WebSearch(広報ふちゅう)
S0126,082023,茨城県,日立市,municipality,C,kanto,https://www.city.hitachi.lg.jp/,https://www.city.hitachi.lg.jp/,https://www.city.hitachi.lg.jp/shisei/1011562.html,https://www.city.hitachi.lg.jp/kosodateoen/mokuteki_sagasu/1007202/1002738/1002007.html,https://www.city.hitachi.lg.jp/kurashi/index.html,https://www.city.hitachi.lg.jp/shisei/koho_kocho/1003391/1003400/index.html,regional_balance,人口約16万; top=WebFetch; contact=WebSearch(お問い合わせ); service=WebSearch(児童手当); hub=nav(暮らし); article=WebSearch(市報ひたち)
S0127,082201,茨城県,つくば市,municipality,C,kanto,https://www.city.tsukuba.lg.jp/,https://www.city.tsukuba.lg.jp/,https://www.city.tsukuba.lg.jp/soshikikarasagasu/shimimbushimimmadoguchika/gyomuannai/5/9/1000735.html,https://www.city.tsukuba.lg.jp/soshikikarasagasu/kodomobukodomoseisakuka/gyomuannai/4/1/1001110.html,https://www.city.tsukuba.lg.jp/kurashi/index.html,https://www.city.tsukuba.lg.jp/shisei/kouhou/kouhoutsukuba/index.html,population_top,人口約25万; top=WebFetch; contact=WebSearch(市民窓口課); service=WebSearch(児童手当); hub=nav(くらし・手続き); article=WebSearch(広報つくば)
S0128,112089,埼玉県,所沢市,municipality,C,kanto,https://www.city.tokorozawa.saitama.jp/,https://www.city.tokorozawa.saitama.jp/,https://www.city.tokorozawa.saitama.jp/shiseijoho/soshiki_gyomu/denwabangou.html,https://www.city.tokorozawa.saitama.jp/kosodatekyouiku/kosodate/kodomonoteate/jidouteate/jidouteate_gaiyou.html,https://www.city.tokorozawa.saitama.jp/kurashi/index.html,https://www.city.tokorozawa.saitama.jp/tokoronews/koho/index.html,regional_balance,人口約34万; top=WebFetch; contact=WebSearch(番号・業務案内); service=WebSearch(児童手当); hub=nav(くらし・手続き); article=WebSearch(広報ところざわ)
S0129,112216,埼玉県,草加市,municipality,C,kanto,https://www.city.soka.saitama.jp/,https://www.city.soka.saitama.jp/,https://www.city.soka.saitama.jp/cont/s1703/010/010/050/12.html,https://www.city.soka.saitama.jp/cont/s1601/010/010/030/PAGE000000000000029256.html,https://www.city.soka.saitama.jp/li/index.html,https://www.city.soka.saitama.jp/li/060/030/070/index.html,regional_balance,人口約25万; top=WebFetch; contact=WebSearch(届出・証明窓口); service=WebSearch(児童手当); hub=nav(暮らし・手続き); article=WebSearch(広報そうか)
S0130,122033,千葉県,市川市,municipality,C,kanto,https://www.city.ichikawa.lg.jp/,https://www.city.ichikawa.lg.jp/,https://www.city.ichikawa.lg.jp/catpage/map-toiawase.html,https://www.city.ichikawa.lg.jp/chi02/1111000003.html,https://www.city.ichikawa.lg.jp/catpage/cat_00000605.html,https://www.city.ichikawa.lg.jp/catpage/cat_00000172.html,population_top,人口約50万; top=WebFetch; contact=WebSearch(各課問い合わせ); service=WebSearch(児童手当); hub=nav(暮らし); article=WebSearch(広報いちかわ)
S0131,122076,千葉県,松戸市,municipality,C,kanto,https://www.city.matsudo.chiba.jp/,https://www.city.matsudo.chiba.jp/,https://www.city.matsudo.chiba.jp/shiminnokoe/otoiawase.html,https://www.city.matsudo.chiba.jp/kosodate/matsudodekosodate/kosodatenavi/teate_jyosei/jidouteateseido.html,https://www.city.matsudo.chiba.jp/kurashi/index.html,https://www.city.matsudo.chiba.jp/shisei/matsudo_kouhou/kouhoumatsudo.html,population_top,人口約50万; top=WebFetch; contact=WebSearch(ご意見問い合わせ); service=WebSearch(児童手当); hub=nav(くらし); article=WebSearch(広報まつど)
S0132,122271,千葉県,浦安市,municipality,C,kanto,https://www.city.urayasu.lg.jp/,https://www.city.urayasu.lg.jp/,https://www.city.urayasu.lg.jp/site/1005102.html,https://www.city.urayasu.lg.jp/kodomo/kosodate/teate/1000819.html,https://www.city.urayasu.lg.jp/todokede/index.html,https://www.city.urayasu.lg.jp/shisei/koho/magazine/index.html,regional_balance,人口約17万; top=WebFetch; contact=WebSearch(お問い合わせ); service=WebSearch(児童手当); hub=nav(くらし・手続き); article=WebSearch(広報うらやす)
S0133,092088,栃木県,小山市,municipality,C,kanto,https://www.city.oyama.tochigi.jp/,https://www.city.oyama.tochigi.jp/,https://www.city.oyama.tochigi.jp/inq.php,https://www.city.oyama.tochigi.jp/kosodate-kyouiku/mokuteki/josei-soudan/page004647.html,https://www.city.oyama.tochigi.jp/kurashi/index.html,https://www.city.oyama.tochigi.jp/shisei/citypro/koho/kouhou/,regional_balance,人口約16万; top=WebFetch; contact=WebSearch(お問い合わせ); service=WebSearch(児童手当); hub=nav(くらし); article=WebSearch(広報おやま)
S0134,112020,埼玉県,熊谷市,municipality,C,kanto,https://www.city.kumagaya.lg.jp/,https://www.city.kumagaya.lg.jp/,https://www.city.kumagaya.lg.jp/shisetsu/shiyakusho/annai/shiyakusho.html,https://www.city.kumagaya.lg.jp/kosodate/teate/shin_jidouteate.html,https://www.city.kumagaya.lg.jp/kurashi/index.html,https://www.city.kumagaya.lg.jp/about/kouhou/shiho/index.html,regional_balance,人口約19万; top=WebFetch; contact=WebSearch(市役所案内); service=WebSearch(児童手当); hub=nav(くらし); article=WebSearch(市報くまがや)
S0135,112143,埼玉県,春日部市,municipality,C,kanto,https://www.city.kasukabe.lg.jp/,https://www.city.kasukabe.lg.jp/,https://www.city.kasukabe.lg.jp/soshikikarasagasu/kanzaika/gyomuannai/4/1/2/23835.html,https://www.city.kasukabe.lg.jp/soshikikarasagasu/shien/gyomuannai/2/3/2992.html,https://www.city.kasukabe.lg.jp/kurashi/index.html,https://www.city.kasukabe.lg.jp/shiseijoho/koho/kohokasukabe/index.html,regional_balance,人口約23万; top=WebFetch; contact=WebSearch(市役所問い合わせ); service=WebSearch(児童手当); hub=nav(暮らし); article=WebSearch(広報かすかべ)
S0136,142034,神奈川県,平塚市,municipality,C,kanto,https://www.city.hiratsuka.kanagawa.jp/,https://www.city.hiratsuka.kanagawa.jp/,https://www.city.hiratsuka.kanagawa.jp/shiyakusho/page-c_00383.html,https://www.city.hiratsuka.kanagawa.jp/kodomo/page-c_03182.html,https://www.city.hiratsuka.kanagawa.jp/kurashi/index.html,https://www.city.hiratsuka.kanagawa.jp/koho/hiratsuka.html,regional_balance,人口約25万; top=WebFetch; contact=WebSearch(各課問い合わせ); service=WebSearch(児童手当); hub=nav(暮らし・手続き); article=WebSearch(広報ひらつか)
S0137,142051,神奈川県,藤沢市,municipality,C,kanto,https://www.city.fujisawa.kanagawa.jp/,https://www.city.fujisawa.kanagawa.jp/,https://www.city.fujisawa.kanagawa.jp/otoiawase/index.html,https://www.city.fujisawa.kanagawa.jp/kosodate/kenko/kosodate/teate/jidouteatecopy.html,https://www.city.fujisawa.kanagawa.jp/kurashi/index.html,https://www.city.fujisawa.kanagawa.jp/shise/koho/kohofujisawa/index.html,population_top,人口約44万; top=WebFetch; contact=WebSearch(お問い合わせ); service=WebSearch(児童手当); hub=nav(暮らし・環境); article=WebSearch(広報ふじさわ)
S0138,142042,神奈川県,鎌倉市,municipality,C,kanto,https://www.city.kamakura.kanagawa.jp/,https://www.city.kamakura.kanagawa.jp/,https://www.city.kamakura.kanagawa.jp/otoiawase/,https://www.city.kamakura.kanagawa.jp/kosodate/bf212.html,https://www.city.kamakura.kanagawa.jp/kurashi/index.html,https://www.city.kamakura.kanagawa.jp/shisei/kouhou/kamakura/index.html,ui_diversity,歴史都市; top=WebFetch; contact=WebSearch(お問い合わせ); service=WebSearch(児童手当); hub=nav(くらし・環境); article=WebSearch(広報かまくら)
S0140,133078,東京都,檜原村,municipality,D,kanto,https://www.vill.hinohara.tokyo.jp/,https://www.vill.hinohara.tokyo.jp/,https://www.vill.hinohara.tokyo.jp/soshiki_list.html,https://www.vill.hinohara.tokyo.jp/soshiki/4-4-0-0-0_1.html,https://www.vill.hinohara.tokyo.jp/category/1-0-0-0-0-0-0-0-0-0.html,https://www.vill.hinohara.tokyo.jp/category/2-0-0-0-0-0-0-0-0-0.html,rural_representative,東京唯一の村(島嶼除く); top=WebFetch; contact=WebSearch(各課窓口); service=WebSearch(子育て支援係→児童手当含む); hub=nav(暮らしの情報); article=nav(村の情報→広報)
S0141,133086,東京都,奥多摩町,municipality,D,kanto,https://www.town.okutama.tokyo.jp/,https://www.town.okutama.tokyo.jp/,https://www.town.okutama.tokyo.jp/1/somuka/yakubashokai/786.html,https://www.town.okutama.tokyo.jp/1/fukushihokenka/kosodate_kyoiku/825.html,https://www.town.okutama.tokyo.jp/,https://www.town.okutama.tokyo.jp/gyosei/8/koho_kocho/kohookutama/index.html,rural_representative,過疎地域; top=WebFetch; contact=WebSearch(総務課/役場); service=WebSearch(児童福祉手当); hub=top(カード型3分類); article=WebSearch(広報おくたま)
S0142,133647,東京都,神津島村,municipality,D,kanto,https://vill.kouzushima.tokyo.jp/,https://www.vill.kouzushima.tokyo.jp/,https://www.vill.kouzushima.tokyo.jp/busyo/,,https://www.vill.kouzushima.tokyo.jp/kurashi/,https://www.vill.kouzushima.tokyo.jp/2025-0606/,island_municipality,離島; top=WebFetch(→www redirect); contact=WebSearch(各課のページ); service=NOT_FOUND(児童手当ページなし); hub=nav(くらし・手続き); article=WebSearch(広報こうづ)
S0143,143413,神奈川県,大磯町,municipality,D,kanto,https://www.town.oiso.kanagawa.jp/,https://www.town.oiso.kanagawa.jp/,https://www.town.oiso.kanagawa.jp/soshiki/seisaku/seisaku/tantou/meyasubako_1/19855.html,https://www.town.oiso.kanagawa.jp/soshiki/chomin/kosodate/tanto/kosodate_josei_teate/21634.html,https://www.town.oiso.kanagawa.jp/kurashi/index.html,https://www.town.oiso.kanagawa.jp/gyosei/kouhoukoutyou/ooiso/index.html,regional_balance,人口約3万; top=WebFetch; contact=WebSearch(各課お問い合わせ); service=WebSearch(児童手当改正); hub=WebFetch(くらし・安心); article=WebSearch(広報おおいそ)
S0144,143014,神奈川県,葉山町,municipality,D,kanto,https://www.town.hayama.lg.jp/,https://www.town.hayama.lg.jp/,https://www.town.hayama.lg.jp/chousei/jouhou/3/index.html,https://www.town.hayama.lg.jp/soshiki/ikusei/5_1/15062.html,https://www.town.hayama.lg.jp/kurashi/index.html,https://www.town.hayama.lg.jp/soshiki/seisaku/5/3/index.html,ui_diversity,人口約3万; top=WebFetch; contact=WebSearch(葉山町役場); service=WebSearch(児童手当); hub=WebFetch(暮らし・手続き); article=WebSearch(広報葉山)
S0145,094072,栃木県,那須町,municipality,D,kanto,https://www.town.nasu.lg.jp/,https://www.town.nasu.lg.jp/,https://www.town.nasu.lg.jp/office0000/office-1.html,https://www.town.nasu.lg.jp/0018/info-0000003617-1.html,https://www.town.nasu.lg.jp/0223/genre2-1-001.html,https://www.town.nasu.lg.jp/0046/genre1-1-001.html,regional_balance,人口約2万; top=WebFetch; contact=WebSearch(部局一覧); service=WebSearch(児童手当改正); hub=WebSearch(暮らしの便利帳); article=WebSearch(広報那須)
S0146,112071,埼玉県,秩父市,municipality,D,kanto,https://www.city.chichibu.lg.jp/,https://www.city.chichibu.lg.jp/,https://www.city.chichibu.lg.jp/1023.html,https://www.city.chichibu.lg.jp/3897.html,https://www.city.chichibu.lg.jp/1010.html,https://www.city.chichibu.lg.jp/2091.html,rural_representative,山間部; top=WebFetch; contact=WebFetch(組織別メニュー); service=WebSearch(児童手当); hub=WebFetch(くらしの情報); article=WebSearch(市報ちちぶ)
S0147,082031,茨城県,土浦市,municipality,C,kanto,https://www.city.tsuchiura.lg.jp/,https://www.city.tsuchiura.lg.jp/,https://www.city.tsuchiura.lg.jp/inq.php,https://www.city.tsuchiura.lg.jp/kosodate-kyoiku/syussan-kosodate/teate-jose/jidoteate/page020272.html,https://www.city.tsuchiura.lg.jp/kurashi-tetsuzuki/,https://www.city.tsuchiura.lg.jp/shisei/koho/kohotsuchiura/,regional_balance,人口約14万; top=WebFetch; contact=WebSearch(お問い合わせ); service=WebSearch(児童手当); hub=WebSearch(くらし・手続き); article=WebSearch(広報つちうら)
S0015,150002,新潟県,新潟県,prefecture,unknown,chubu,https://www.pref.niigata.lg.jp/,https://www.pref.niigata.lg.jp/,https://www.pref.niigata.lg.jp/sec/,https://www.pref.niigata.lg.jp/sec/kodomokatei/1193329106281.html,https://www.pref.niigata.lg.jp/life/3/,https://www.pref.niigata.lg.jp/sec/kouhou/kenmindayori.html,prefecture_site,contact=組織でさがす; service=児童扶養手当(県は児童手当ではなく扶養手当を管轄)
S0016,160008,富山県,富山県,prefecture,unknown,chubu,https://www.pref.toyama.jp/,https://www.pref.toyama.jp/,https://www.pref.toyama.jp/kensei/kouhou/index.html,https://www.pref.toyama.jp/120102/kurashi/kenkou/fukushi/jidouteate.html,https://www.pref.toyama.jp/kurashi/index.html,https://www.pref.toyama.jp/1021/kensei/kouhou/kouhoushi/kj00016456/index.html,prefecture_site,contact=広報・情報公開(組織連絡先含む)
S0017,170003,石川県,石川県,prefecture,unknown,chubu,https://www.pref.ishikawa.lg.jp/,https://www.pref.ishikawa.lg.jp/,https://www.pref.ishikawa.lg.jp/kensei/soshiki/soshiki/renrakusaki/index.html,https://www.pref.ishikawa.lg.jp/kosodate/jidouteate/jidouteate.html,https://www.pref.ishikawa.lg.jp/kurashi/index.html,https://www.pref.ishikawa.lg.jp/kouhou/hot.html,prefecture_site,contact=連絡先一覧; article=広報誌もっといしかわ
S0018,180009,福井県,福井県,prefecture,unknown,chubu,https://www.pref.fukui.lg.jp/,https://www.pref.fukui.lg.jp/,https://www.pref.fukui.lg.jp/syozoku.html,https://www.pref.fukui.lg.jp/doc/016407/kateifukusi/jidouhuyouteate.html,https://www.pref.fukui.lg.jp/manabi/index.html,https://www.pref.fukui.lg.jp/doc/kouho/newsfukui.html,prefecture_site,service=児童扶養手当(児童手当ページ404); hub=くらし・環境
S0019,190004,山梨県,山梨県,prefecture,unknown,chubu,https://www.pref.yamanashi.jp/,https://www.pref.yamanashi.jp/,https://www.pref.yamanashi.jp/toiawase/,https://www.pref.yamanashi.jp/kodomo-fukushi/40_019.html,https://www.pref.yamanashi.jp/kurashi/index.html,https://www.pref.yamanashi.jp/koucho/fureai.html,prefecture_site,contact=各種お問い合わせ; article=広報誌ふれあい
S0020,200000,長野県,長野県,prefecture,unknown,chubu,https://www.pref.nagano.lg.jp/,https://www.pref.nagano.lg.jp/,https://www.pref.nagano.lg.jp/otoiawase/index.html,https://www.pref.nagano.lg.jp/kodomo-katei/hitorioya/shien.html,https://www.pref.nagano.lg.jp/kurashi/index.html,https://www.pref.nagano.lg.jp/koho/koho/naganoken/topics.html,prefecture_site,service=ひとり親家庭支援(児童手当専用ページなし); article=県からのたより
S0021,210005,岐阜県,岐阜県,prefecture,unknown,chubu,https://www.pref.gifu.lg.jp/,https://www.pref.gifu.lg.jp/,https://www.pref.gifu.lg.jp/soshiki/,https://www.pref.gifu.lg.jp/page/422748.html,https://www.pref.gifu.lg.jp/life/1/,https://www.pref.gifu.lg.jp/page/181.html,prefecture_site,contact=組織でさがす; article=県広報「岐阜県からのお知らせ」
S0022,220001,静岡県,静岡県,prefecture,unknown,chubu,https://www.pref.shizuoka.jp/,https://www.pref.shizuoka.jp/,https://www.pref.shizuoka.jp/kensei/introduction/soshiki/1007470.html,https://www.pref.shizuoka.jp/kodomokyoiku/kodomokosodate/kosodateservice/1040723/index.html,https://www.pref.shizuoka.jp/kurashikankyo/index.html,https://www.pref.shizuoka.jp/kensei/pr/johoshi/kenmin/index.html,prefecture_site,KanaboWeb CMS; emergency=台風15号
S0023,230006,愛知県,愛知県,prefecture,unknown,chubu,https://www.pref.aichi.jp/,https://www.pref.aichi.jp/,https://www.pref.aichi.jp/site/soshiki/,https://www.pref.aichi.jp/soshiki/kosodate/jidouteate.html,https://www.pref.aichi.jp/life/1/,https://www.pref.aichi.jp/soshiki/koho/kohoaichi.html,prefecture_site,7言語対応; Slick carousel
S0148,151009,新潟県,新潟市,municipality,A,chubu,https://www.city.niigata.lg.jp/,https://www.city.niigata.lg.jp/,https://www.city.niigata.lg.jp/shisei/soshiki/soshikiinfo/index.html,https://www.city.niigata.lg.jp/kosodate/ninshin/shien/teate/jidoteate/index.html,https://www.city.niigata.lg.jp/kurashi/index.html,https://www.city.niigata.lg.jp/shisei/koho/kohoshi/shiho/index.html,designated_city,政令指定都市; 8区制
S0149,221007,静岡県,静岡市,municipality,A,chubu,https://www.city.shizuoka.lg.jp/,https://www.city.shizuoka.lg.jp/,https://www.city.shizuoka.lg.jp/p000013.html,https://www.city.shizuoka.lg.jp/s2873/s009123.html,https://www.city.shizuoka.lg.jp/p000002.html,https://www.city.shizuoka.lg.jp/s006625.html,designated_city,政令指定都市; tsutaeruMO CMS
S0150,221309,静岡県,浜松市,municipality,A,chubu,https://www.city.hamamatsu.shizuoka.jp/,https://www.city.hamamatsu.shizuoka.jp/,https://www.city.hamamatsu.shizuoka.jp/koho2/sosiki/city-office007.html,https://www.city.hamamatsu.shizuoka.jp/kosodate/20230206/jidoteate.html,https://www.city.hamamatsu.shizuoka.jp/kurashi/index.html,https://www.city.hamamatsu.shizuoka.jp/shise/koho/koho/hamamatsu/index.html,designated_city,政令指定都市; emergency=豪雨災害
S0151,231002,愛知県,名古屋市,municipality,A,chubu,https://www.city.nagoya.jp/,https://www.city.nagoya.jp/,https://www.city.nagoya.jp/shisei/soshiki/index.html,https://www.city.nagoya.jp/kodomoseishonen/page/0000034404.html,https://www.city.nagoya.jp/kurashi/index.html,https://www.city.nagoya.jp/shisei/kouhou/1017531/index.html,designated_city,政令指定都市; 16区; KanaboWeb CMS
S0152,162019,富山県,富山市,municipality,B,chubu,https://www.city.toyama.lg.jp/,https://www.city.toyama.lg.jp/,https://www.city.toyama.lg.jp/shisei/soshiki/index.html,https://www.city.toyama.lg.jp/kosodate/kosodate/1010418/1008357.html,https://www.city.toyama.lg.jp/kurashi/index.html,https://www.city.toyama.lg.jp/shisei/koho/1002802/index.html,core_city,中核市・県庁所在地
S0154,182010,福井県,福井市,municipality,B,chubu,https://www.city.fukui.lg.jp/,https://www.city.fukui.lg.jp/,https://www.city.fukui.lg.jp/dept/kodomo/kodomo/index.html,https://www.city.fukui.lg.jp/fukusi/kosodate/jidofukusi/index2.html,https://www.city.fukui.lg.jp/kurasi/index.html,https://www.city.fukui.lg.jp/sisei/kohou/kohousi/index.html,core_city,中核市・県庁所在地; ReadSpeaker+Splide; article=広報紙index
S0155,192015,山梨県,甲府市,municipality,B,chubu,https://www.city.kofu.yamanashi.jp/,https://www.city.kofu.yamanashi.jp/,https://www.city.kofu.yamanashi.jp/shise/gaiyo/soshiki/index.html,https://www.city.kofu.yamanashi.jp/jidoikuse/kenko/kosodate/teate/jidou3.html,https://www.city.kofu.yamanashi.jp/kurashi/index.html,https://www.city.kofu.yamanashi.jp/shise/koho/kohoshi/index.html,core_city,中核市・県庁所在地; ReadSpeaker; contact=組織案内; article=広報誌
S0156,202011,長野県,長野市,municipality,B,chubu,https://www.city.nagano.nagano.jp/,https://www.city.nagano.nagano.jp/,https://www.city.nagano.nagano.jp/aboutwebsite.html,https://www.city.nagano.nagano.jp/n116000/kosodate/p001467.html,https://www.city.nagano.nagano.jp/menu/2/index.html,https://www.city.nagano.nagano.jp/menu/8/6/3/index.html,core_city,中核市・県庁所在地; 4SNS; contact=WebA11y方針; hub=くらし・手続き
S0157,212016,岐阜県,岐阜市,municipality,B,chubu,https://www.city.gifu.lg.jp/,https://www.city.gifu.lg.jp/,https://www.city.gifu.lg.jp/info/soshiki/index.html,https://www.city.gifu.lg.jp/kosodate/ninshin/1003571/1003572.html,https://www.city.gifu.lg.jp/kurashi/index.html,https://www.city.gifu.lg.jp/info/kouhou/index.html,core_city,中核市・県庁所在地; KanaboWeb系; 5SNS
S0158,202029,長野県,松本市,municipality,B,chubu,https://www.city.matsumoto.nagano.jp/,https://www.city.matsumoto.nagano.jp/,https://www.city.matsumoto.nagano.jp/soshiki/index.html,https://www.city.matsumoto.nagano.jp/site/kosodate/141661.html,https://www.city.matsumoto.nagano.jp/life/index.html,https://www.city.matsumoto.nagano.jp/site/kouhoumatsumoto/,core_city,中核市; 火山警戒; 5SNS; article=広報まつもと
S0159,232017,愛知県,豊橋市,municipality,B,chubu,https://www.city.toyohashi.lg.jp/,https://www.city.toyohashi.lg.jp/,https://www.city.toyohashi.lg.jp/1106.htm,https://www.city.toyohashi.lg.jp/45630.htm,https://www.city.toyohashi.lg.jp/kurashi/,https://www.city.toyohashi.lg.jp/2630.htm,core_city,中核市; ASP.NET; HP番号検索; contact=各課連絡先; hub=/kurashi/
S0160,232025,愛知県,岡崎市,municipality,B,chubu,https://www.city.okazaki.lg.jp/,https://www.city.okazaki.lg.jp/,https://www.city.okazaki.lg.jp/1100/1103/index.html,https://www.city.okazaki.lg.jp/1100/1104/1131/p011147.html,https://www.city.okazaki.lg.jp/1100/1101/1115/index.html,https://www.city.okazaki.lg.jp/shiseidayori/index.html,core_city,中核市; 4SNS; hub=窓口・各種サービス; article=市政だよりおかざき
S0161,232114,愛知県,豊田市,municipality,B,chubu,https://www.city.toyota.aichi.jp/,https://www.city.toyota.aichi.jp/,https://www.city.toyota.aichi.jp/shisei/soshiki/index.html,https://www.city.toyota.aichi.jp/kurashi/kosodateshien/teate/1003328/1003329.html,https://www.city.toyota.aichi.jp/kurashi/,https://www.city.toyota.aichi.jp/shisei/koho/kohotoyota/index.html,core_city,中核市; KanaboVoice; 5SNS; SDGsタグライン
S0163,152226,新潟県,上越市,municipality,C,chubu,https://www.city.joetsu.niigata.jp/,https://www.city.joetsu.niigata.jp/,https://www.city.joetsu.niigata.jp/soshiki/,https://www.city.joetsu.niigata.jp/soshiki/kodomo/kodomo23-10.html,https://www.city.joetsu.niigata.jp/life/7/76/85/,https://www.city.joetsu.niigata.jp/life/5/83/227/,regional_balance,人口約18万; emergency=雪害+はしか; LINE+X+YouTube
S0164,162027,富山県,高岡市,municipality,C,chubu,https://www.city.takaoka.toyama.jp/,https://www.city.takaoka.toyama.jp/,https://www.city.takaoka.toyama.jp/soshiki/index.html,https://www.city.takaoka.toyama.jp/soshiki/kodomo_kosodateka/2/4/1/2/1/5149.html,https://www.city.takaoka.toyama.jp/gyosei/kosodate_kyoiku/kosodateshienjoho/2/index.html,https://www.city.takaoka.toyama.jp/soshiki/kohohasshinka/2/7/3/1/index.html,regional_balance,人口約16万; SMART CMS; emergency=能登半島地震
S0165,172031,石川県,小松市,municipality,C,chubu,https://www.city.komatsu.lg.jp/,https://www.city.komatsu.lg.jp/,https://www.city.komatsu.lg.jp/soshiki/837.html,https://www.city.komatsu.lg.jp/soshiki/1029/kakushuteate/16993.html,https://www.city.komatsu.lg.jp/kurasi_tetuzuki/index.html,https://www.city.komatsu.lg.jp/shiseijoho/koho_kocho/1/index.html,regional_balance,人口約10万; SMART CMS; J-ALERT; 5SNS; もしもしセンター
S0166,172103,石川県,白山市,municipality,C,chubu,https://www.city.hakusan.lg.jp/,https://www.city.hakusan.lg.jp/,https://www.city.hakusan.lg.jp/shisei/soshiki/index.html,https://www.city.hakusan.lg.jp/kosodate/1001577/1001582.html,https://www.city.hakusan.lg.jp/kurashi/index.html,https://www.city.hakusan.lg.jp/shisei/kohokocho/koho/index.html,regional_balance,人口約11万; 8cat global nav; Facebook+YouTube+LINE; roster URL修正(hakusan.ishikawa.jp→hakusan.lg.jp)
S0167,182028,福井県,敦賀市,municipality,C,chubu,https://www.city.tsuruga.lg.jp/,https://www.city.tsuruga.lg.jp/,https://www.city.tsuruga.lg.jp/about_city/index.html,https://www.city.tsuruga.lg.jp/kosodate/kosodate/shien_teate/teate_josei/index.html,https://www.city.tsuruga.lg.jp/kurashi/index.html,https://www.city.tsuruga.lg.jp/about_city/koho/backnumber/index.html,regional_balance,人口約6万; emergency=能登半島地震+インフルエンザ; GTM; いつどこナビ
S0168,192023,山梨県,富士吉田市,municipality,D,chubu,https://www.city.fujiyoshida.yamanashi.jp/,https://www.city.fujiyoshida.yamanashi.jp/,https://www.city.fujiyoshida.yamanashi.jp/soshiki/,https://www.city.fujiyoshida.yamanashi.jp/site/kosodate/1580.html,https://www.city.fujiyoshida.yamanashi.jp/life/1/,https://www.city.fujiyoshida.yamanashi.jp/life/6/28/128/,regional_balance,人口約4万; Slick carousel; Google CSE; Microsoft Clarity
S0169,202037,長野県,上田市,municipality,C,chubu,https://www.city.ueda.nagano.jp/,https://www.city.ueda.nagano.jp/,https://www.city.ueda.nagano.jp/soshiki/,https://www.city.ueda.nagano.jp/soshiki/kosodate-k/102205.html,https://www.city.ueda.nagano.jp/life/,https://www.city.ueda.nagano.jp/site/koho/,regional_balance,人口約15万; tsutaeruMO CMS; keyword+PageID+PDF search; やさしい日本語+ruby; LINE+YouTube+X
S0170,202053,長野県,飯田市,municipality,C,chubu,https://www.city.iida.lg.jp/,https://www.city.iida.lg.jp/,https://www.city.iida.lg.jp/soshiki/,https://www.city.iida.lg.jp/soshiki/12/-jidoute.html,https://www.city.iida.lg.jp/life/,https://www.city.iida.lg.jp/life/5/31/,regional_balance,人口約9万; custom CMS; Google CSE+PageID; 5SNS; リニア開発; emergency=防災情報
S0171,212024,岐阜県,大垣市,municipality,C,chubu,https://www.city.ogaki.lg.jp/,https://www.city.ogaki.lg.jp/,https://www.city.ogaki.lg.jp/soshiki/,https://www.city.ogaki.lg.jp/0000006989.html,https://www.city.ogaki.lg.jp/category/2-0-0-0-0-0-0-0-0-0.html,https://www.city.ogaki.lg.jp/0000058260.html,regional_balance,人口約15万; ReadSpeaker+ふりがな+AI chatbot; 6cat; PageID検索; 6言語; contact=/soshiki/=403
S0172,212148,岐阜県,各務原市,municipality,C,chubu,https://www.city.kakamigahara.lg.jp/,https://www.city.kakamigahara.lg.jp/,https://www.city.kakamigahara.lg.jp/about/1005270.html,https://www.city.kakamigahara.lg.jp/kodomo/teate/1002010/1002011.html,https://www.city.kakamigahara.lg.jp/kodomo/index.html,https://www.city.kakamigahara.lg.jp/shisei/koho/1006566/index.html,regional_balance,人口約14万; Supersized carousel; 3cat(minimal); Typekit; PageID search
S0173,222101,静岡県,富士市,municipality,C,chubu,https://www.city.fuji.shizuoka.jp/,https://www.city.fuji.shizuoka.jp/,https://www.city.fuji.shizuoka.jp/shiseijoho/gaiyo/chosha/gyomuannai/index.html,https://www.city.fuji.shizuoka.jp/1023200000/p001560.html,https://www.city.fuji.shizuoka.jp/kurashi/index.html,https://www.city.fuji.shizuoka.jp/shiseijoho/koho/kohofuji/index.html,population_top,人口約24万; ReadSpeaker+ふりがな; 7+1cat; audience segmentation; 8言語; 7SNS+ラジオエフ; PageID検索
S0174,222038,静岡県,沼津市,municipality,C,chubu,https://www.city.numazu.shizuoka.jp/,https://www.city.numazu.shizuoka.jp/,https://www.city.numazu.shizuoka.jp/shisei/office/ichiran/,https://www.city.numazu.shizuoka.jp/kurashi/kyoiku/kosodate/tetsuzuki/jidoteate.htm,https://www.city.numazu.shizuoka.jp/kurashi/,https://www.city.numazu.shizuoka.jp/shisei/pr/kohonumazu/,regional_balance,人口約18万; 8cat; Google Translate 25+言語; 6SNS(incl TikTok); 防災ポータル; Well-being city
S0175,222119,静岡県,磐田市,municipality,C,chubu,https://www.city.iwata.shizuoka.jp/,https://www.city.iwata.shizuoka.jp/,https://www.city.iwata.shizuoka.jp/shiseijouhou/soshikiannai/index.html,https://www.city.iwata.shizuoka.jp/kosodate_kyouiku/kosodate_hojo_josei_yuushi/1001779.html,https://www.city.iwata.shizuoka.jp/kurashi_tetsuzuki/index.html,https://www.city.iwata.shizuoka.jp/shiseijouhou/kouhou_kouchou/kouhou_iwata/index.html,regional_balance,人口約16万; FI系CMS; 7cat; PageID検索; 5SNS; Google Translate 6言語
S0176,232033,愛知県,一宮市,municipality,C,chubu,https://www.city.ichinomiya.aichi.jp/,https://www.city.ichinomiya.aichi.jp/,https://www.city.ichinomiya.aichi.jp/shisei/shiryo/1009809/1010499.html,https://www.city.ichinomiya.aichi.jp/kodomokatei/kosodateshien/1044090/1000379/1001383.html,https://www.city.ichinomiya.aichi.jp/kurashi/,https://www.city.ichinomiya.aichi.jp/sougouseisaku/koho/1044428/1000236/index.html,population_top,人口約38万; custom CMS; 6cat; keyword+PageID; 7-slide carousel; 8 life-scene cards; MaaS イッテミーヤ; GA4+UA
S0177,232068,愛知県,春日井市,municipality,C,chubu,https://www.city.kasugai.lg.jp/,https://www.city.kasugai.lg.jp/,https://www.city.kasugai.lg.jp/shisei/shiyakusyo/index.html,https://www.city.kasugai.lg.jp/kosodate/fukushi/1033221/kodomoteate.html,https://www.city.kasugai.lg.jp/kurashi/,https://www.city.kasugai.lg.jp/shisei/koho/kohokasugai/index.html,population_top,人口約31万; custom CMS; 6cat; keyword+PageID; emergency=林野火災注意報; 7 life-event cards; LINE+X+YouTube; やさしい日本語
S0179,152170,新潟県,妙高市,municipality,D,chubu,https://www.city.myoko.niigata.jp/,https://www.city.myoko.niigata.jp/,https://www.city.myoko.niigata.jp/city-info/organization/,https://www.city.myoko.niigata.jp/docs/504.html,https://www.city.myoko.niigata.jp/life-info/,https://www.city.myoko.niigata.jp/city-info/public-info/myoko-magazine/,rural_representative,人口約2万; custom CMS(Cms::Page); 8cat; card-based; /kana/+/translate/ paths; GA4+GTM
S0180,162108,富山県,南砺市,municipality,D,chubu,https://www.city.nanto.toyama.jp/,https://www.city.nanto.toyama.jp/,https://www.city.nanto.toyama.jp/soshiki/index.html,https://www.city.nanto.toyama.jp/soshiki/kodomo/1/1/5086.html,https://www.city.nanto.toyama.jp/kurashi-tetsuzuki/index.html,https://www.city.nanto.toyama.jp/soshiki/johoseisaku/5/2/index.html,rural_representative,人口約4万; SMART CMS(api5th); 6cat; keyword+PageID; ReadSpeaker+11言語; 4SNS; carousel
S0181,174637,石川県,能登町,municipality,D,chubu,https://www.town.noto.lg.jp/,https://www.town.noto.lg.jp/,https://www.town.noto.lg.jp/kakuka/index.html,https://www.town.noto.lg.jp/www/service/detail.jsp?common_id=4543,https://www.town.noto.lg.jp/kurashi-tetsuzuki/index.html,https://www.town.noto.lg.jp/chosei/koho-kocho/2/2/index.html,rural_representative,人口約1.3万; SMART CMS(api5th); 5cat; keyword+filetype+PageID; emergency=震災復興; ReadSpeaker+6言語
S0182,172057,石川県,珠洲市,municipality,D,chubu,https://www.city.suzu.lg.jp/,https://www.city.suzu.lg.jp/,https://www.city.suzu.lg.jp/soshiki/,https://www.city.suzu.lg.jp/soshiki/6/17637.html,https://www.city.suzu.lg.jp/life/1/,https://www.city.suzu.lg.jp/site/kouhou-suzu/,rural_representative,人口約1万; Slick carousel; 4cat; Google CSE+PageID; earthquake recovery; YouTube; SDGs
S0183,204102,長野県,根羽村,municipality,D,chubu,https://www.nebamura.jp/,https://www.nebamura.jp/,https://www.nebamura.jp/contact/,,https://www.nebamura.jp/nebalife/,,rural_representative,人口約900; WordPress(nebamura theme); bxSlider; NEVER FOREST; service=NOT_FOUND; article=NOT_FOUND(blogのみ); URL修正(vill.neba.nagano.jp→nebamura.jp)
S0184,204145,長野県,泰阜村,municipality,D,chubu,https://www.vill.yasuoka.nagano.jp/,https://www.vill.yasuoka.nagano.jp/,https://www.vill.yasuoka.nagano.jp/,https://www.vill.yasuoka.nagano.jp/children/docs/subsidy.html,https://www.vill.yasuoka.nagano.jp/life/,https://www.vill.yasuoka.nagano.jp/docs/308750.html,rural_representative,人口約1400; SS config CMS; 8cat; keyword search; hero carousel(6slides); Instagram+TikTok; 緊急・災害セクション; GA+GTM; contact=top page footer
S0185,216046,岐阜県,白川村,municipality,D,chubu,https://www.vill.shirakawa.lg.jp/,https://www.vill.shirakawa.lg.jp/,https://www.vill.shirakawa.lg.jp/1014.htm,https://www.vill.shirakawa.lg.jp/1133.htm,https://www.vill.shirakawa.lg.jp/1.htm,https://www.vill.shirakawa.lg.jp/kouhou/,rural_representative,世界遺産白川郷; custom CMS; 4cat+Tourism; 重要なお知らせ; URL=vill.shirakawa.lg.jp(shirakawa-go.orgはSSLエラー); font_size+背景色切替
S0186,224286,静岡県,川根本町,municipality,D,chubu,https://www.town.kawanehon.shizuoka.jp/,https://www.town.kawanehon.shizuoka.jp/,https://www.town.kawanehon.shizuoka.jp/soshiki/index.html,https://www.town.kawanehon.shizuoka.jp/kosodate/1/14499.html,https://www.town.kawanehon.shizuoka.jp/kurashi_tetsuduki/index.html,https://www.town.kawanehon.shizuoka.jp/chosei/4_1/2/index.html,rural_representative,人口約5500; SMART CMS(api3rd); 6cat; keyword search; hero carousel(3slides); Instagram+LINE+YouTube; 注目情報=クマ目撃+火災+節水; ReadSpeaker
S0187,235628,愛知県,東栄町,municipality,D,chubu,https://www.town.toei.aichi.jp/,https://www.town.toei.aichi.jp/,https://www.town.toei.aichi.jp/1014.htm,https://www.town.toei.aichi.jp/1376.htm,https://www.town.toei.aichi.jp/kurashi/,https://www.town.toei.aichi.jp/1311.htm,rural_representative,人口約2600; i-site CMS; 6cat; keyword search; hero carousel(5slides); X+LINE+Facebook+YouTube+Instagram; 緊急情報=防災行政無線; ふりがな+font_size+背景色
S0024,240001,三重県,三重県,prefecture,unknown,kinki,https://www.pref.mie.lg.jp/,https://www.pref.mie.lg.jp/,https://www.pref.mie.lg.jp/s_kencho/index.htm,https://www.pref.mie.lg.jp/D1KODOMO/000117833.htm,https://www.pref.mie.lg.jp/s_kurashi/index.htm,https://www.pref.mie.lg.jp/DAYORI/index.htm,prefecture_site,8cat_mega; GA(G-TD7EMDSR48); emergency=クマアラート+大雨; color=4mode; font_size=3段階
S0025,250007,滋賀県,滋賀県,prefecture,unknown,kinki,https://www.pref.shiga.lg.jp/,https://www.pref.shiga.lg.jp/,https://www.pref.shiga.lg.jp/kensei/gaiyou/soshiki/,https://www.pref.shiga.lg.jp/ippan/kosodatekyouiku/kosodate/339992.html,https://www.pref.shiga.lg.jp/ippan/kurashi/,https://www.pref.shiga.lg.jp/kensei/koho/,prefecture_site,Google_CSE; jQuery; emergency=火災+渇水; voice=yes; font_size=3段階
S0026,260002,京都府,京都府,prefecture,unknown,kinki,https://www.pref.kyoto.jp/,https://www.pref.kyoto.jp/,https://www.pref.kyoto.jp/soudan/index.html,https://www.pref.kyoto.jp/kosodate/kodomoteate.html,https://www.pref.kyoto.jp/kurashi/index.html,https://www.pref.kyoto.jp/koho/index.html,prefecture_site,9cat; ReadSpeaker+ふりがな; emergency=緊急情報リンク; font_size+color変更
S0028,280003,兵庫県,兵庫県,prefecture,unknown,kinki,https://www.pref.hyogo.lg.jp/,https://web.pref.hyogo.lg.jp/,https://web.pref.hyogo.lg.jp/org/index.html,https://web.pref.hyogo.lg.jp/kf12/hw10_000000068.html,https://web.pref.hyogo.lg.jp/life/index.html,https://web.pref.hyogo.lg.jp/cgi-bin/press/press.cgi,prefecture_site,URL移転www→web; Google_CSE; ReadSpeaker+ふりがな; service=児童扶養手当(児童手当専用ページなし)
S0029,290009,奈良県,奈良県,prefecture,unknown,kinki,https://www.pref.nara.jp/,https://www.pref.nara.jp/,https://www.pref.nara.jp/1208.htm,https://www.pref.nara.jp/46143.htm,https://www.pref.nara.jp/1260.htm,https://www.pref.nara.jp/1623.htm,prefecture_site,jQuery;GTM(GTM-5ZMPHL6R); HP番号+keyword+全文検索; emergency=節水+山火事; carousel=5slides; color=黒/白; font_size=2段階
S0030,300004,和歌山県,和歌山県,prefecture,unknown,kinki,https://www.pref.wakayama.lg.jp/,https://www.pref.wakayama.lg.jp/,https://www.pref.wakayama.lg.jp/prefg/000200/inquiry.html,https://www.pref.wakayama.lg.jp/prefg/040200/jidoteate.html,,https://www.pref.wakayama.lg.jp/prefg/000200/,prefecture_site,GA(G-4F1V4LYK2Y); skip_link=4箇所; ReadSpeaker; carousel=5slides+play/stop; color=白/黒/青; font_size=2段階; hub=NOT_FOUND(くらしカテゴリページ未発見)
S0188,261009,京都府,京都市,municipality,A,kinki,https://www.city.kyoto.lg.jp/,https://www.city.kyoto.lg.jp/,https://www.city.kyoto.lg.jp/main/soshiki_list.html,https://www.city.kyoto.lg.jp/hagukumi/page/0000182951.html,https://www.city.kyoto.lg.jp/menu1/index.html,https://www.city.kyoto.lg.jp/menu5/category/72-2-0-0-0-0-0-0-0-0.html,designated_city,KanaboWeb;GTM(GTM-KKNZV3Q);bxslider; Google_CSE; ReadSpeaker+ふりがな; carousel=5slides
S0189,271004,大阪府,大阪市,municipality,A,kinki,https://www.city.osaka.lg.jp/,https://www.city.osaka.lg.jp/,https://www.city.osaka.lg.jp/main/soshiki_list.html,https://www.city.osaka.lg.jp/kodomo/page/0000370608.html,https://www.city.osaka.lg.jp/kurashi/,https://www.city.osaka.lg.jp/shisei/category/3064-1-1-0-0-0-0-0-0-0.html,designated_city,KanaboWeb; GTM(GTM-KGK4TZK); ReadSpeaker+ふりがな; 4cat; color=4mode; 24区; LINE+X+YouTube
S0190,271403,大阪府,堺市,municipality,A,kinki,https://www.city.sakai.lg.jp/,https://www.city.sakai.lg.jp/,https://www.city.sakai.lg.jp/shisei/soshiki/,https://www.city.sakai.lg.jp/kosodate/hughug/kosodatekankyo/kosodate/jidoteate.html,https://www.city.sakai.lg.jp/kurashi/,https://www.city.sakai.lg.jp/shisei/koho/,designated_city,6cat; Jアラート; ZoomSight; SNS=LINE+X+Instagram+YouTube+Facebook; やさしい日本語
S0191,281000,兵庫県,神戸市,municipality,A,kinki,https://www.city.kobe.lg.jp/,https://www.city.kobe.lg.jp/,https://www.city.kobe.lg.jp/information/about/construction/organization/,https://www.city.kobe.lg.jp/a32986/kosodate/shien/support/b016/index.html,https://www.city.kobe.lg.jp/a10219/kurashi/,https://www.city.kobe.lg.jp/a86732/shise/about/koho/,designated_city,8cat; ReadSpeaker(11041); color=文字サイズ・色合い変更; SNS=X+FB+IG+YT+LINE+note; e-KOBE
S0192,242012,三重県,津市,municipality,C,kinki,https://www.info.city.tsu.mie.jp/,https://www.info.city.tsu.mie.jp/,https://www.info.city.tsu.mie.jp/shisei/shiyakusho_annai/,https://www.info.city.tsu.mie.jp/www/contents/1001000000750/index.html,https://www.info.city.tsu.mie.jp/kurashi/,https://www.info.city.tsu.mie.jp/shisei/koho/,prefecture_capital,GA(G-0THLB9JXX3); 6cat_accordion; Azure_CDN; emergency=インフルエンザ; jQuery; Facebook+LINE
S0193,252018,滋賀県,大津市,municipality,B,kinki,https://www.city.otsu.lg.jp/,https://www.city.otsu.lg.jp/,https://www.city.otsu.lg.jp/soshiki/,https://www.city.otsu.lg.jp/kosodate/te/ji/index.html,https://www.city.otsu.lg.jp/kurashi/,https://www.city.otsu.lg.jp/koho/,core_city,"SMART_CMS(api4th,181098); GTM(GTM-5C95DCWG); 11cat_vertical; color=黒/青; 6言語"
S0194,292010,奈良県,奈良市,municipality,B,kinki,https://www.city.nara.lg.jp/,https://www.city.nara.lg.jp/,https://www.city.nara.lg.jp/soshiki/,https://www.city.nara.lg.jp/site/kosodate/9367.html,https://www.city.nara.lg.jp/site/kurashi/,https://www.city.nara.lg.jp/site/koho/,core_city,GA(G-G9GSJK7YWR)+GTM(GTM-MQ237ZP); 7cat; Slick; color=白/黒/青; チャットボット
S0195,302015,和歌山県,和歌山市,municipality,B,kinki,https://www.city.wakayama.wakayama.jp/,https://www.city.wakayama.wakayama.jp/,https://www.city.wakayama.wakayama.jp/shisei/soshiki/,https://www.city.wakayama.wakayama.jp/kurashi/kosodate/1001105/1058443/index.html,https://www.city.wakayama.wakayama.jp/kurashi/,https://www.city.wakayama.wakayama.jp/shisei/koho/,core_city,FI系CMS; GA(G-M1TMWY205W); 5cat; Google_Translate_18言語; 9slides_carousel; 手続き案内サービス
S0196,272272,大阪府,東大阪市,municipality,B,kinki,https://www.city.higashiosaka.lg.jp,https://www.city.higashiosaka.lg.jp/,https://www.city.higashiosaka.lg.jp/soshiki/,https://www.city.higashiosaka.lg.jp/kosodate/0000010174.html,https://www.city.higashiosaka.lg.jp/kurashi/,https://www.city.higashiosaka.lg.jp/shisei/koho/,core_city,6cat; ReadSpeaker(tsutaeru); GTM(GTM-M62VVTR); keyword+dropdown
S0197,272035,大阪府,豊中市,municipality,B,kinki,https://www.city.toyonaka.osaka.jp,https://www.city.toyonaka.osaka.jp/,https://www.city.toyonaka.osaka.jp/soshiki/,https://www.city.toyonaka.osaka.jp/kosodate/teate_josei/kosodate/kodomoteate2013.html,https://www.city.toyonaka.osaka.jp/kurashi/,https://www.city.toyonaka.osaka.jp/shisei/koho/,core_city,8cat; keyword+page#; SNS=LINE+X+FB+YT+IG+note
S0198,272078,大阪府,高槻市,municipality,B,kinki,https://www.city.takatsuki.osaka.jp,https://www.city.takatsuki.osaka.jp/,https://www.city.takatsuki.osaka.jp/soshiki/,https://www.city.takatsuki.osaka.jp/life/2/22/110/,https://www.city.takatsuki.osaka.jp/kurashi/,https://www.city.takatsuki.osaka.jp/shisei/koho/,core_city,Slick; Google_CSE; GA(G-SKRMRF8H3R)
S0199,272108,大阪府,枚方市,municipality,B,kinki,https://www.city.hirakata.osaka.jp,https://www.city.hirakata.osaka.jp/,https://www.city.hirakata.osaka.jp/soshiki/,https://www.city.hirakata.osaka.jp/kosodate/0000000544.html,https://www.city.hirakata.osaka.jp/kurashi/,https://www.city.hirakata.osaka.jp/shisei/koho/,core_city,7cat; Google_CSE; GTM(GTM-5TWFCWC); color_inversion
S0200,272124,大阪府,八尾市,municipality,B,kinki,https://www.city.yao.osaka.jp,https://www.city.yao.osaka.jp/,https://www.city.yao.osaka.jp/soshiki/,https://www.city.yao.osaka.jp/0000017404.html,https://www.city.yao.osaka.jp/kurashi/,https://www.city.yao.osaka.jp/shisei/koho/,core_city,FI系CMS; 7cat; GA(G-S6ZWE88ZHV); keyword+ページID; SNS=LINE+X+FB+YT
S0202,282022,兵庫県,尼崎市,municipality,B,kinki,https://www.city.amagasaki.hyogo.jp,https://www.city.amagasaki.hyogo.jp/,https://www.city.amagasaki.hyogo.jp/soshiki/,https://www.city.amagasaki.hyogo.jp/kosodate-kyoiku/kosodate/047jidouteate/047jidou_annai.html,https://www.city.amagasaki.hyogo.jp/kurashi/,https://www.city.amagasaki.hyogo.jp/shisei/koho/,core_city,FI系CMS; 5cat; GA(G-XCZYCS5339); 15言語; SNS=LINE+FB+X+YT
S0203,282049,兵庫県,西宮市,municipality,B,kinki,https://www.nishi.or.jp,https://www.nishi.or.jp/,https://www.nishi.or.jp/soshiki/,https://www.nishi.or.jp/kosodate/teate/jidoteate/jidoteate.html,https://www.nishi.or.jp/kurashi/,https://www.nishi.or.jp/shisei/koho/,core_city,8cat; GTM(GTM-N3PHRW5); tsutaeruMO; SNS=LINE+X+FB+YT+IG
S0205,242039,三重県,伊勢市,municipality,C,kinki,https://www.city.ise.mie.jp,https://www.city.ise.mie.jp/,https://www.city.ise.mie.jp/soshiki/,https://www.city.ise.mie.jp/kosodate/gyosei/k_josei/jidouteate/index.html,https://www.city.ise.mie.jp/kurashi/,https://www.city.ise.mie.jp/shisei/koho_kocho/koho/,regional_balance,FI系; 7cat; GA(GA-Q0H7CX1THE); Clarity; 読み上げ+文字サイズ色
S0206,242071,三重県,鈴鹿市,municipality,C,kinki,https://www.city.suzuka.lg.jp,https://www.city.suzuka.lg.jp/,https://www.city.suzuka.lg.jp/soshiki/,https://www.city.suzuka.lg.jp/kosodate/kosodateteate/1003052.html,https://www.city.suzuka.lg.jp/kurashi/,https://www.city.suzuka.lg.jp/shisei/koho/,regional_balance,FI系; 6cat; GA(G-3ZBTWVDYD4); 11言語; SNS=FB+LINE+X+YT+IG
S0207,252069,滋賀県,草津市,municipality,C,kinki,https://www.city.kusatsu.shiga.jp,https://www.city.kusatsu.shiga.jp/,https://www.city.kusatsu.shiga.jp/soshiki/,https://www.city.kusatsu.shiga.jp/kosodate/teatejosei/teate/jidoteate.html,https://www.city.kusatsu.shiga.jp/kurashi/,https://www.city.kusatsu.shiga.jp/shisei/koho/,regional_balance,custom; 6cat; ZoomSight; SNS=LINE
S0208,252026,滋賀県,彦根市,municipality,C,kinki,https://www.city.hikone.lg.jp,https://www.city.hikone.lg.jp/,https://www.city.hikone.lg.jp/soshiki/,https://www.city.hikone.lg.jp/kurashi/hoken_nenkin/7/index.html,https://www.city.hikone.lg.jp/kurashi/,https://www.city.hikone.lg.jp/shisei/koho/,regional_balance,SMART_CMS(api3rd); 6cat; GTM(GTM-W8PG2ZPR); 音声読み上げ+ふりがな+背景色; 8言語
S0209,262048,京都府,宇治市,municipality,C,kinki,https://www.city.uji.kyoto.jp,https://www.city.uji.kyoto.jp/,https://www.city.uji.kyoto.jp/soshiki/,https://www.city.uji.kyoto.jp/site/kosodate/5743.html,https://www.city.uji.kyoto.jp/kurashi/,https://www.city.uji.kyoto.jp/shisei/koho/,regional_balance,custom; 5cat; GA(GA-69KXZ362GB); ReadSpeaker; FB+YT
S0210,262021,京都府,舞鶴市,municipality,C,kinki,https://www.city.maizuru.kyoto.jp,https://www.city.maizuru.kyoto.jp/,https://www.city.maizuru.kyoto.jp/soshiki/,https://www.city.maizuru.kyoto.jp/kenkou/0000010784.html,https://www.city.maizuru.kyoto.jp/kurashi/,https://www.city.maizuru.kyoto.jp/shisei/koho/,regional_balance,custom(cmsfiles); 6cat; GA(UA-74388759-1)+G-Z6GBDF917J; Google_Translate; 文字サイズ+反転
S0211,272051,大阪府,吹田市,municipality,B,kinki,https://www.city.suita.osaka.jp,https://www.city.suita.osaka.jp/,https://www.city.suita.osaka.jp/soshiki/,https://www.city.suita.osaka.jp/kosodate/1018219/1018222/1005540.html,https://www.city.suita.osaka.jp/kurashi/,https://www.city.suita.osaka.jp/shisei/koho/,core_city,FI系; 7cat; GA(GA-46RRYW6G6J); SNS=X+LINE+FB+IG+YT; 緊急・災害
S0212,272159,大阪府,寝屋川市,municipality,C,kinki,https://www.city.neyagawa.osaka.jp,https://www.city.neyagawa.osaka.jp/,https://www.city.neyagawa.osaka.jp/soshiki/,https://www.city.neyagawa.osaka.jp/organization_list/kodomo/kodomowomamoruka/kodomotantou/jidouteate/1455857318397.html,https://www.city.neyagawa.osaka.jp/kurashi/,https://www.city.neyagawa.osaka.jp/shisei/koho/,regional_balance,SMART CMS; 7cat; GTM(GTM-5W9QDP7); SNS=FB+X+IG+YT+LINE+app
S0213,282031,兵庫県,明石市,municipality,B,kinki,https://www.city.akashi.lg.jp,https://www.city.akashi.lg.jp/,https://www.city.akashi.lg.jp/soshiki/,https://www.city.akashi.lg.jp/kodomo/jidou_fu_ka/kodomo-kyoiku/kosodate/teate.html,https://www.city.akashi.lg.jp/kurashi/,https://www.city.akashi.lg.jp/shisei/koho/,core_city,custom; 8cat; skip→#tmp_honbun; SNS=X+FB+IG+LINE+YT
S0214,282103,兵庫県,加古川市,municipality,C,kinki,https://www.city.kakogawa.lg.jp,https://www.city.kakogawa.lg.jp/,https://www.city.kakogawa.lg.jp/soshiki/,https://www.city.kakogawa.lg.jp/kosodatekyoiku/kosodatekyoiku/teateiryojosei/1418389844910.html,https://www.city.kakogawa.lg.jp/kurashi/,https://www.city.kakogawa.lg.jp/shisei/koho/,regional_balance,SMART CMS; 3cat; GTM(GTM-N9MXW6F); Jアラート
S0215,292052,奈良県,橿原市,municipality,C,kinki,https://www.city.kashihara.nara.jp,https://www.city.kashihara.nara.jp/,https://www.city.kashihara.nara.jp/soshiki/,https://www.city.kashihara.nara.jp/soshiki/1036/gyomu/4/1/95.html,https://www.city.kashihara.nara.jp/kurashi/,https://www.city.kashihara.nara.jp/shisei/koho/,regional_balance,SMART CMS; 6cat; GTM(GTM-5RLBM6Q); tsutaeruMO
S0216,292095,奈良県,生駒市,municipality,C,kinki,https://www.city.ikoma.lg.jp,https://www.city.ikoma.lg.jp/,https://www.city.ikoma.lg.jp/soshiki/,https://www.city.ikoma.lg.jp/0000000944.html,https://www.city.ikoma.lg.jp/kurashi/,https://www.city.ikoma.lg.jp/shisei/koho/,regional_balance,custom; 9cat; GA(GA-P8P6Y68K19); ReadSpeaker; 林野火災警報
S0217,302066,和歌山県,田辺市,municipality,C,kinki,https://www.city.tanabe.lg.jp,https://www.city.tanabe.lg.jp/,https://www.city.tanabe.lg.jp/soshiki/,https://www.city.tanabe.lg.jp/shimin/jidou_teate.html,https://www.city.tanabe.lg.jp/kurashi/,https://www.city.tanabe.lg.jp/kouhou/,regional_balance,custom; 9cat; GA(UA-10955397-1); Flexslider; 文字サイズ; FB
S0218,242098,三重県,尾鷲市,municipality,D,kinki,https://www.city.owase.lg.jp,https://www.city.owase.lg.jp/,https://www.city.owase.lg.jp/soshiki/,https://www.city.owase.lg.jp/owasewanpaku/0000004368.html,https://www.city.owase.lg.jp/kurashi/,https://www.city.owase.lg.jp/shisei/koho/,rural_representative,custom(cmsfiles); 8cat; GA(UA-52496755-1)+G-N21N4CLJS5; Google_Translate; 反転+文字サイズ; SNS=FB+IG+LINE+X+YT
S0219,264636,京都府,伊根町,municipality,D,kinki,https://www.town.ine.kyoto.jp,https://www.town.ine.kyoto.jp/,https://www.town.ine.kyoto.jp/soshiki/,https://www.town.ine.kyoto.jp/kosodate/index.html,https://www.town.ine.kyoto.jp/kurashi/,https://www.town.ine.kyoto.jp/chosei/koho/,rural_representative,SMART CMS(api3rd); 8cat; GTM(GTM-WGG3D2P); 日本で最も美しい村; SNS=IG+FB+X+YT
S0220,272329,大阪府,千早赤阪村,municipality,D,kinki,https://www.vill.chihayaakasaka.osaka.jp,https://www.vill.chihayaakasaka.osaka.jp/,https://www.vill.chihayaakasaka.osaka.jp/soshiki/,https://www.vill.chihayaakasaka.osaka.jp/kakuka/minsei/kodomo/5_1/3/781.html,https://www.vill.chihayaakasaka.osaka.jp/kurashi/,https://www.vill.chihayaakasaka.osaka.jp/chosei/koho/,rural_representative,SMART CMS; 6cat; J-ALERT; むらぷりアプリ; 大阪唯一の村
S0221,282286,兵庫県,淡路市,municipality,D,kinki,https://www.city.awaji.lg.jp,https://www.city.awaji.lg.jp/,https://www.city.awaji.lg.jp/soshiki/,https://www.city.awaji.lg.jp/soshiki/kosodate/24380.html,https://www.city.awaji.lg.jp/life/,https://www.city.awaji.lg.jp/shisei/koho/,island_municipality,custom; 4cat; GA(G-1F6QNM1KNS+UA-28432533-1); Google_CSE; ReadSpeaker; 背景色+文字サイズ
S0222,294250,奈良県,十津川村,municipality,D,kinki,https://www.vill.totsukawa.lg.jp,https://www.vill.totsukawa.lg.jp/,https://www.vill.totsukawa.lg.jp/administration/,https://www.vill.totsukawa.lg.jp/life/child/kosodate/,https://www.vill.totsukawa.lg.jp/life/,https://www.vill.totsukawa.lg.jp/administration/gyousei/,rural_representative,custom; 5cat; GTM(GTM-NKLMMJK); Google_Translate; 背景色+文字サイズ; SNS=X+FB+IG+YT
S0223,294411,奈良県,野迫川村,municipality,D,kinki,https://www.vill.nosegawa.nara.jp,https://www.vill.nosegawa.nara.jp/,https://www.vill.nosegawa.nara.jp/soshiki/,https://www.vill.nosegawa.nara.jp/top/life/education/263.html,https://www.vill.nosegawa.nara.jp/top/life/,https://www.vill.nosegawa.nara.jp/top/chosei/,rural_representative,SMART CMS(lg-api); 7cat; 背景色+文字サイズ; 雲海情報; SNS=FB+X+IG
S0224,304271,和歌山県,北山村,municipality,D,kinki,https://www.vill.kitayama.wakayama.jp,https://www.vill.kitayama.wakayama.jp/,https://www.vill.kitayama.wakayama.jp/jumin/,https://www.vill.kitayama.wakayama.jp/jumin/2019-0104-1616-16.html,https://www.vill.kitayama.wakayama.jp/jumin/,https://www.vill.kitayama.wakayama.jp/about/,rural_representative,custom; 6cat; GA(UA-114690013-1); Google_CSE; FlexSlider; 背景色+文字サイズ(小中大); LINE+note
S0225,304247,和歌山県,古座川町,municipality,D,kinki,https://www.town.kozagawa.wakayama.jp,https://www.town.kozagawa.wakayama.jp/,,,,,rural_representative,ECONNREFUSED; サイト接続不可
S0031,310000,鳥取県,鳥取県,prefecture,unknown,chugoku,https://www.pref.tottori.lg.jp,https://www.pref.tottori.lg.jp/,https://www.pref.tottori.lg.jp/soshiki/,https://www.pref.tottori.lg.jp/kosodate/jidouteate/,https://www.pref.tottori.lg.jp/kurashi/,https://www.pref.tottori.lg.jp/kouhou/,prefecture_site,custom; 5cat; GA+ReadSpeaker; font_size+背景色
S0032,320005,島根県,島根県,prefecture,unknown,chugoku,https://www.pref.shimane.lg.jp,https://www.pref.shimane.lg.jp/,https://www.pref.shimane.lg.jp/soshiki/,https://www.pref.shimane.lg.jp/education/child/kosodate/jidouteate/,https://www.pref.shimane.lg.jp/life/,https://www.pref.shimane.lg.jp/admin/seisaku/koho/,prefecture_site,custom; 8cat; GTM(GTM-K8T7BV9); 10言語
S0033,330001,岡山県,岡山県,prefecture,unknown,chugoku,https://www.pref.okayama.jp,https://www.pref.okayama.jp/,https://www.pref.okayama.jp/soshiki/,https://www.pref.okayama.jp/page/detail-4804.html,https://www.pref.okayama.jp/life/1/,https://www.pref.okayama.jp/site/koucho/,prefecture_site,custom; 5cat; GA+Google_Translate; Slick
S0034,340006,広島県,広島県,prefecture,unknown,chugoku,https://www.pref.hiroshima.lg.jp,https://www.pref.hiroshima.lg.jp/,https://www.pref.hiroshima.lg.jp/soshiki/,https://www.pref.hiroshima.lg.jp/soshiki/62/jidouteate.html,https://www.pref.hiroshima.lg.jp/life/1/,https://www.pref.hiroshima.lg.jp/site/kouhou/,prefecture_site,custom; 6cat; GTM(GTM-THP29RB); ReadSpeaker; Google_CSE
S0035,350001,山口県,山口県,prefecture,unknown,chugoku,https://www.pref.yamaguchi.lg.jp,https://www.pref.yamaguchi.lg.jp/,https://www.pref.yamaguchi.lg.jp/soshiki/,https://www.pref.yamaguchi.lg.jp/cms/a13300/jidouteate/jidouteate.html,https://www.pref.yamaguchi.lg.jp/life/1/,https://www.pref.yamaguchi.lg.jp/cms/a11000/kouhou/index.html,prefecture_site,custom; 6cat; GTM(GTM-KV3XMSKL); Google_CSE; chatbot
S0226,331007,岡山県,岡山市,municipality,A,chugoku,https://www.city.okayama.jp,https://www.city.okayama.jp/,https://www.city.okayama.jp/soshiki/,https://www.city.okayama.jp/kurashi/0000006418.html,https://www.city.okayama.jp/kurashi/,https://www.city.okayama.jp/shisei/0000005217.html,designated_city,custom; 6cat; GTM(GTM-KJL8MMM); ZoomSight; 11言語
S0227,341002,広島県,広島市,municipality,A,chugoku,https://www.city.hiroshima.lg.jp,https://www.city.hiroshima.lg.jp/,https://www.city.hiroshima.lg.jp/soshiki/,https://www.city.hiroshima.lg.jp/soshiki/100/jidouteate.html,https://www.city.hiroshima.lg.jp/kurashi/,https://www.city.hiroshima.lg.jp/shisei/koho/,designated_city,FI.jQuery; 7cat; GA(G-NYMN5G4F6T); j-server翻訳; Kuzen chatbot
S0228,312011,鳥取県,鳥取市,municipality,B,chugoku,https://www.city.tottori.lg.jp,https://www.city.tottori.lg.jp/,https://www.city.tottori.lg.jp/www/genre/1000000000535/index.html,https://www.city.tottori.lg.jp/www/contents/1305080362829/index.html,https://www.city.tottori.lg.jp/www/genre/1000000000001/index.html,https://www.city.tottori.lg.jp/www/genre/1000000000022/index.html,core_city,custom; 8cat; GA(G-D6P5ZTZTEW+UA-151141395-1); ReadSpeaker+ルビ振り+font_size+背景色(4色); SNS=YT+LINE
S0229,322016,島根県,松江市,municipality,B,chugoku,https://www.city.matsue.shimane.jp,https://www1.city.matsue.shimane.jp/,https://www1.city.matsue.shimane.jp/soshiki/,https://www1.city.matsue.shimane.jp/kyouiku/kosodate/teate/jidoufuyouteate.html,https://www1.city.matsue.shimane.jp/kurashi/,https://www1.city.matsue.shimane.jp/shisei/koho/,core_city,ECONNREFUSED(main domain); www1サブドメインで運用
S0230,332020,岡山県,倉敷市,municipality,B,chugoku,https://www.city.kurashiki.okayama.jp,https://www.city.kurashiki.okayama.jp/,https://www.city.kurashiki.okayama.jp/dd.aspx?menuid=1087,https://www.city.kurashiki.okayama.jp/kosodate/childcare/1012563/1004159/1004160/1013527.html,https://www.city.kurashiki.okayama.jp/kurashi/,https://www.city.kurashiki.okayama.jp/shisei/koho/,core_city,FI系CMS(FI.jQuery); 8cat; GA(G-XEYZ4S3PMH); font_size+色; SNS=LINE+IG+FB+X+YT+App
S0231,342076,広島県,福山市,municipality,B,chugoku,https://www.city.fukuyama.hiroshima.jp,https://www.city.fukuyama.hiroshima.jp/,https://www.city.fukuyama.hiroshima.jp/soshiki/,https://www.city.fukuyama.hiroshima.jp/site/kosodate/413.html,https://www.city.fukuyama.hiroshima.jp/kurashi/,https://www.city.fukuyama.hiroshima.jp/shisei/koho/,core_city,custom; 3cat; GA(G-4JFD47ZEWM+UA-46956346-1); font_size+背景色(3色)+音声読み上げ+やさしい日本語
S0232,342025,広島県,呉市,municipality,B,chugoku,https://www.city.kure.lg.jp,https://www.city.kure.lg.jp/,https://www.city.kure.lg.jp/soshiki/,https://www.city.kure.lg.jp/soshiki/60/kosodateonline20210401.html,https://www.city.kure.lg.jp/kurashi/,https://www.city.kure.lg.jp/shisei/koho/,core_city,custom; 4cat; GTM(GTM-P6L7JCJ7); font_size+背景色(白黒青)+やさしい日本語; Google_CSE
S0233,352012,山口県,下関市,municipality,B,chugoku,https://www.city.shimonoseki.lg.jp,https://www.city.shimonoseki.lg.jp/,https://www.city.shimonoseki.lg.jp/soshiki/,https://www.city.shimonoseki.lg.jp/soshiki/46/1634.html,https://www.city.shimonoseki.lg.jp/life/,https://www.city.shimonoseki.lg.jp/shisei/koho/,core_city,custom; 6cat; GA(G-M8GX8S4CLS+UA-221093085-2); font_size+背景色+多言語; SNS=FB+X+IG+LINE
S0235,312029,鳥取県,米子市,municipality,C,chugoku,https://www.city.yonago.lg.jp,https://www.city.yonago.lg.jp/,https://www.city.yonago.lg.jp/soshiki/,https://www.city.yonago.lg.jp/12054.htm,https://www.city.yonago.lg.jp/genre1/,https://www.city.yonago.lg.jp/genre2/,regional_balance,i-site CMS; 7cat; GA(G-NYRQ7QT6J2+UA-21792388-1); ふりがな+音声読み上げ+font_size+色; Google_CSE+FAQ; SNS=FB+IG+X+YT+LINE
S0236,322032,島根県,出雲市,municipality,C,chugoku,https://www.city.izumo.shimane.jp,https://www.city.izumo.shimane.jp/,https://www.city.izumo.shimane.jp/www/genre/1000000000535/index.html,https://www.city.izumo.shimane.jp/www/contents/1472444471893/index.html,https://www.city.izumo.shimane.jp/www/genre/1000000000001/index.html,https://www.city.izumo.shimane.jp/www/genre/1000000000022/index.html,regional_balance,custom; 4cat; GTM(GTM-KS6R7MV); font_size+背景色(白黒青)+ふりがな; keyword; 多言語(英葡中韓)
S0237,332038,岡山県,津山市,municipality,C,chugoku,https://www.city.tsuyama.lg.jp,https://www.city.tsuyama.lg.jp/,https://www.city.tsuyama.lg.jp/soshiki/,https://www.city.tsuyama.lg.jp/life/index2.php?id=653,https://www.city.tsuyama.lg.jp/life/,https://www.city.tsuyama.lg.jp/shisei/koho/,regional_balance,custom(/article?articleId=); GA(G-9ND068Y294); UserLocalチャットボット
S0239,342050,広島県,尾道市,municipality,C,chugoku,https://www.city.onomichi.hiroshima.jp,https://www.city.onomichi.hiroshima.jp/,https://www.city.onomichi.hiroshima.jp/soshiki/,https://www.city.onomichi.hiroshima.jp/site/onohug/2006.html,https://www.city.onomichi.hiroshima.jp/kurashi/,https://www.city.onomichi.hiroshima.jp/shisei/koho/,regional_balance,custom; 7cat; GA(G-29T7ZY516W+UA-60138278-1); KanaboVoice読み上げ+ふりがな+font_size+背景色(白黒青); keyword+ページID; SNS=IG+LINE
S0240,352152,山口県,周南市,municipality,C,chugoku,https://www.city.shunan.lg.jp,https://www.city.shunan.lg.jp/,https://www.city.shunan.lg.jp/soshiki/,https://www.city.shunan.lg.jp/site/kodomosien/2723.html,https://www.city.shunan.lg.jp/kurashi/,https://www.city.shunan.lg.jp/shisei/koho/,regional_balance,custom; 8cat; GA(G-JHD69S0DJY+UA-68530772-1); ReadSpeaker+font_size+背景色(白黒青); Google_CSE; SNS=YT+FB
S0241,352063,山口県,防府市,municipality,C,chugoku,https://www.city.hofu.yamaguchi.jp,https://www.city.hofu.yamaguchi.jp/,https://www.city.hofu.yamaguchi.jp/soshiki/,https://www.city.hofu.yamaguchi.jp/soshiki/19/jidoteate-5030104.html,https://www.city.hofu.yamaguchi.jp/life/,https://www.city.hofu.yamaguchi.jp/shisei/koho/,regional_balance,custom(SSI); 8cat; GA(G-ZKZ7M150PN+UA-15131772-1); font_size+背景色(白黒青); keyword; SNS=IG+FB+LINE
S0242,325287,島根県,隠岐の島町,municipality,D,chugoku,https://www.town.okinoshima.shimane.jp,https://www.town.okinoshima.shimane.jp/,https://www.town.okinoshima.shimane.jp/www/genre/1000000000535/index.html,https://www.town.okinoshima.shimane.jp/www/genre/1000100000086/index.html,https://www.town.okinoshima.shimane.jp/www/genre/1000000000001/index.html,https://www.town.okinoshima.shimane.jp/www/genre/1000000000022/index.html,island_municipality,custom(bxSlider); 4cat; GA(G-TWC9WGV246); font_size(標準大特大)+背景色(標準青黄黒); Google_CSE; 多言語(英中韓)
S0243,323438,島根県,奥出雲町,municipality,D,chugoku,https://www.town.okuizumo.shimane.jp,https://www.town.okuizumo.shimane.jp/,https://www.town.okuizumo.shimane.jp/www/genre/1000000000535/index.html,https://www.town.okuizumo.shimane.jp/www/contents/1001000000420/index.html,https://www.town.okuizumo.shimane.jp/www/genre/1000000000001/index.html,https://www.town.okuizumo.shimane.jp/www/genre/1000000000022/index.html,rural_representative,custom(bxSlider); 6cat; GA(G-ZD5HWDG2N0+UA-137254118-1); font_size+コントラスト; keyword; SNS=LINE+IG+FB+YT
S0244,335860,岡山県,新庄村,municipality,D,chugoku,https://www.vill.shinjo.okayama.jp,http://www.vill.shinjo.okayama.jp/,http://www.vill.shinjo.okayama.jp/index.php?id=87,http://www.vill.shinjo.okayama.jp/index.php?id=61,http://www.vill.shinjo.okayama.jp/index.php?id=1,http://www.vill.shinjo.okayama.jp/index.php?id=140,rural_representative,ECONNREFUSED(HTTPS); HTTP運用; custom(index.php?id=); 日本で最もうつくしい村
S0245,345458,広島県,神石高原町,municipality,D,chugoku,https://www.jinsekikogen.jp,https://www.jinsekigun.jp/,https://www.jinsekigun.jp/town/formation/,https://www.jinsekigun.jp/town/2/teate/,https://www.jinsekigun.jp/town/2/,https://www.jinsekigun.jp/town/formation/kosodate/,rural_representative,custom; 6cat; GA(G-30BV1BR5J0); JS必須注意; carousel; SNS=FB+IG+X
S0246,355020,山口県,阿武町,municipality,D,chugoku,https://www.town.abu.lg.jp,https://www.town.abu.lg.jp/,https://www.town.abu.lg.jp/guide/,http://www.town.abu.lg.jp/guide/zidouhuyouteatenosikyuu/,https://www.town.abu.lg.jp/guide/,https://www.town.abu.lg.jp/,rural_representative,WordPress 6.5.7; GA(UA-102206941-1); carousel(13+banners); SNS=FB+IG+X
S0247,324485,島根県,美郷町,municipality,D,chugoku,https://www.town.shimane-misato.lg.jp,https://www.town.shimane-misato.lg.jp/,https://www.town.shimane-misato.lg.jp/personaldata/,https://www.town.shimane-misato.lg.jp/,https://www.town.shimane-misato.lg.jp/,https://www.town.shimane-misato.lg.jp/,rural_representative,WordPress; 5cat; GA(UA-149161372-1); SNS=FB+X+IG+LINE+YT+note
S0036,360007,徳島県,徳島県,prefecture,unknown,shikoku,https://www.pref.tokushima.lg.jp,https://www.pref.tokushima.lg.jp/,https://www.pref.tokushima.lg.jp/kenseijoho/soshiki/,https://www.pref.tokushima.lg.jp/ippannokata/kenko/kosodateshien/5019160,https://www.pref.tokushima.lg.jp/ippannokata/,https://www.pref.tokushima.lg.jp/kenseijoho/koho/,prefecture_site,custom(cms.smartphone.dispatch); 5cat; GA(G-5BGLEP1Y54); font_size+背景色+音声読み上げ+やさしいブラウザ; SNS=X+FB+IG+LINE+YT
S0037,370002,香川県,香川県,prefecture,unknown,shikoku,https://www.pref.kagawa.lg.jp,https://www.pref.kagawa.lg.jp/,https://www.pref.kagawa.lg.jp/soshiki/,https://www.pref.kagawa.lg.jp/kosodate/jidoteate/index.html,https://www.pref.kagawa.lg.jp/kurashi/,https://www.pref.kagawa.lg.jp/kensei/koho/,prefecture_site,custom(PHP); 8cat; Google_CSE(005536401459581501717); ReadSpeaker+font_size+色; SNS=X+FB+YT+IG
S0038,380008,愛媛県,愛媛県,prefecture,unknown,shikoku,https://www.pref.ehime.jp,https://www.pref.ehime.jp/,https://www.pref.ehime.jp/soshiki/,https://www.pref.ehime.jp/page/7088.html,https://www.pref.ehime.jp/kurashi/,https://www.pref.ehime.jp/kensei/koho/,prefecture_site,custom; 7cat; GTM(GTM-PHQ65GK); ReadSpeaker+font_size+背景色(白黒青)+keyword+ページID
S0039,390003,高知県,高知県,prefecture,unknown,shikoku,https://www.pref.kochi.lg.jp,https://www.pref.kochi.lg.jp/,https://www.pref.kochi.lg.jp/soshiki/,https://www.pref.kochi.lg.jp/doc/2023042800085/,https://www.pref.kochi.lg.jp/kurashi/,https://www.pref.kochi.lg.jp/kensei/koho/,prefecture_site,Joruri CMS; 5cat; GTM(GTM-5NG5289P)+GA(G-ZM8092CNSK); 音声読み上げ+ふりがな(ひらがな/ローマ字)+背景色(4色)+font_size+Google翻訳; SNS=FB+X+TikTok+LINE+YT
S0248,362018,徳島県,徳島市,municipality,B,shikoku,https://www.city.tokushima.tokushima.jp,https://www.city.tokushima.tokushima.jp/,https://www.city.tokushima.tokushima.jp/soshiki/,https://www.city.tokushima.tokushima.jp/kosodate/ikuji/jidoteate/jite_seido.html,https://www.city.tokushima.tokushima.jp/kurashi/,https://www.city.tokushima.tokushima.jp/shisei/koho/,core_city,custom(cms.smartphone.dispatch+bxSlider); 5cat; 音声読み上げ+文字拡大+多言語; webalert防災
S0249,372013,香川県,高松市,municipality,B,shikoku,https://www.city.takamatsu.kagawa.jp,https://www.city.takamatsu.kagawa.jp/,https://www.city.takamatsu.kagawa.jp/soshiki/,https://www.city.takamatsu.kagawa.jp/kurashi/kosodate/hitorioya/kosodate/jidoteate.html,https://www.city.takamatsu.kagawa.jp/kurashi/,https://www.city.takamatsu.kagawa.jp/shisei/koho/,core_city,custom; 3cat; 音声読み上げ+文字拡大+多言語; keyword; 能登半島地震情報
S0251,392014,高知県,高知市,municipality,B,shikoku,https://www.city.kochi.kochi.jp,https://www.city.kochi.kochi.jp/,https://www.city.kochi.kochi.jp/soshiki/,https://www.city.kochi.kochi.jp/soshiki/33/jidou-teate2013.html,https://www.city.kochi.kochi.jp/life/,https://www.city.kochi.kochi.jp/shisei/koho/,core_city,custom; 4cat; GA(UA-6356906-1+GA-DNFVXTGZD2); Google_CSE
S0253,382035,愛媛県,新居浜市,municipality,C,shikoku,https://www.city.niihama.lg.jp,https://www.city.niihama.lg.jp/,https://www.city.niihama.lg.jp/soshiki/,https://www.city.niihama.lg.jp/soshiki/kosodate/jidouteate.html,https://www.city.niihama.lg.jp/life/,https://www.city.niihama.lg.jp/shisei/koho/,regional_balance,custom; 6cat; GA(G-SFYF3CDEF3); ReadSpeaker+font_size+背景色(白黒青)+ふりがな(KanaboWeb); SNS=X+FB+LINE+YT+IG; chatbot
S0254,372021,香川県,丸亀市,municipality,C,shikoku,https://www.city.marugame.lg.jp,https://www.city.marugame.lg.jp/,https://www.city.marugame.lg.jp/soshiki/,https://www.city.marugame.lg.jp/site/life-stage/27997.html,https://www.city.marugame.lg.jp/life/,https://www.city.marugame.lg.jp/shisei/koho/,regional_balance,custom; 6cat; UA(UA-68310240-1)+GA(G-FLCHM5KJVG); Google_CSE; ReadSpeaker+font_size+背景色(白黒青); chatbot(UserLocal); SNS=YT+IG+FB+LINE; slick
S0255,372030,香川県,坂出市,municipality,C,shikoku,https://www.city.sakaide.lg.jp,https://www.city.sakaide.lg.jp/,https://www.city.sakaide.lg.jp/soshiki/,https://www.city.sakaide.lg.jp/site/kosodate/jidouteate.html,https://www.city.sakaide.lg.jp/life/,https://www.city.sakaide.lg.jp/shisei/koho/,regional_balance,custom; 5cat; GA(G-JDTYNS7MW1); Google_CSE; ReadSpeaker+font_size+背景色(白黒青); SNS=LINE+X+YT+FB; carousel; 防災多言語動画
S0256,362026,徳島県,鳴門市,municipality,C,shikoku,https://www.city.naruto.tokushima.jp,https://www.city.naruto.tokushima.jp/,https://www.city.naruto.tokushima.jp/kurashi/madoguchi/tel/index.html,https://www.city.naruto.tokushima.jp/kurashi/kodomo/kosodate/jidouteate/index.html,https://www.city.naruto.tokushima.jp/kurashi/,https://www.city.naruto.tokushima.jp/shisei/koho/,regional_balance,Joruri CMS; 4cat; GA(G-S3WBHFBBT3); Google_CSE; SNS=FB+X+IG+YT; 背景画像ランダム
S0257,392081,高知県,南国市,municipality,D,shikoku,https://www.city.nankoku.lg.jp,https://www.city.nankoku.lg.jp/,https://www.city.nankoku.lg.jp/life/life_dtl.php?hdnKey=2520,https://www.city.nankoku.lg.jp/life/life_dtl.php?hdnKey=7328,https://www.city.nankoku.lg.jp/life/,https://www.city.nankoku.lg.jp/shisei/koho/,rural_representative,custom(PHP+gettopics); 6cat; GA(G-FD9CC63MT9); font_size+背景色(白黒青); SNS=LINE+FB+X+IG; carousel(6slides); Google翻訳(英中韓)
S0258,392103,高知県,四万十市,municipality,D,shikoku,https://www.city.shimanto.lg.jp,https://www.city.shimanto.lg.jp/,https://www.city.shimanto.lg.jp/form/detail.php?sec_sec1=3&inq=03,https://www.city.shimanto.lg.jp/site/kosodate/1071.html,https://www.city.shimanto.lg.jp/life/,https://www.city.shimanto.lg.jp/shisei/koho/,rural_representative,custom(/ssi/css/); 5cat; GA(G-138DYLFMJJ); Google_CSE; font_size+背景色(白黒青); chatbot(UserLocal); SNS=LINE+IG+FB; slick; FAQ
S0259,362085,徳島県,三好市,municipality,D,shikoku,https://www.miyoshi.i-tokushima.jp,https://www.miyoshi.i-tokushima.jp/,https://www.miyoshi.i-tokushima.jp/inquiry/,https://www.miyoshi.i-tokushima.jp/docs/5048.html,https://www.miyoshi.i-tokushima.jp/,https://www.miyoshi.i-tokushima.jp/,rural_representative,i-tokushima CMS; 4cat; UA(UA-11688600-3); font_size+背景色(白青黒)+読み上げ+ふりがな; SNS=FB+IG+X; carousel; Google翻訳(英中韓繁)
S0260,383562,愛媛県,上島町,municipality,D,shikoku,https://www.town.kamijima.lg.jp,https://www.town.kamijima.lg.jp/,https://www.town.kamijima.lg.jp/ques/questionnaire.php?openid=3,https://www.town.kamijima.lg.jp/soshiki/5/109.html,https://www.town.kamijima.lg.jp/life/,https://www.town.kamijima.lg.jp/shisei/koho/,island_municipality,custom; 5cat; GA(G-MX3TPV90SJ); Google_CSE; font_size+背景色(白黒青); SNS=IG+X; slick; FAQ; 多言語; 離島
S0261,373249,香川県,直島町,municipality,D,shikoku,https://www.town.naoshima.lg.jp,https://www.town.naoshima.lg.jp/,https://www.town.naoshima.lg.jp/aboutweb/otoiawase.html,https://www.town.naoshima.lg.jp/tetsuduki/kosodate/jidoteate.html,https://www.town.naoshima.lg.jp/tetsuduki/,https://www.town.naoshima.lg.jp/oshirase/,island_municipality,custom; 6cat; keyword; 緊急情報(48H); 多言語; 離島・現代アート
S0262,393444,高知県,大豊町,municipality,D,shikoku,https://www.town.otoyo.kochi.jp,https://www.town.otoyo.kochi.jp/,https://www.town.otoyo.kochi.jp/shisetsuinfo/,https://www.town.otoyo.kochi.jp/life/detail.php?hdnKey=1066,https://www.town.otoyo.kochi.jp/life/,https://www.town.otoyo.kochi.jp/,rural_representative,custom(PHP); 3cat; GA(G-X3XD30BK1G)+UA(UA-28401614-1); carousel(7img); 過疎地域
S0263,393061,高知県,馬路村,municipality,D,shikoku,https://vill.umaji.lg.jp,https://vill.umaji.lg.jp/,https://vill.umaji.lg.jp/contact/,https://vill.umaji.lg.jp/info/category/,https://vill.umaji.lg.jp/info/category/,https://vill.umaji.lg.jp/,rural_representative,WordPress; 5cat; GA(GT-T9H4L4L); font_size+背景色(白黒青)+音声読み上げ+アニメ停止; keyword; 過疎(人口754)
S0040,400009,福岡県,福岡県,prefecture,unknown,kyushu_okinawa,https://www.pref.fukuoka.lg.jp,https://www.pref.fukuoka.lg.jp/,https://www.pref.fukuoka.lg.jp/contents/soudanmadogutiitiran01.html,https://www.pref.fukuoka.lg.jp/contents/jidoufuyouteate-23-1.html,https://www.pref.fukuoka.lg.jp/life/,https://www.pref.fukuoka.lg.jp/kensei/koho/,prefecture_site,custom; 11cat; GA(G-QEL9CK9BQ2)+UA(UA-3616062-1); font_size+背景色(白黒青)+音声読み上げ+やさしい日本語; chatbot; SNS=X+LINE; 多言語
S0041,410004,佐賀県,佐賀県,prefecture,unknown,kyushu_okinawa,https://www.pref.saga.lg.jp,https://www.pref.saga.lg.jp/,https://www.pref.saga.lg.jp/kiji00336883/index.html,https://www.pref.saga.lg.jp/kiji003654/index.html,https://www.pref.saga.lg.jp/list00507.html,https://www.pref.saga.lg.jp/kensei/koho/,prefecture_site,custom; 6cat; GTM(GTM-TV22SFD)+GA(G-6X8CLXQLYW)+UA(UA-79911862-1); font_size+背景色(青黒白); bxSlider; SNS=LINE+X+FB; 多言語(5言語:英中繁韓日); 電話リレーサービス
S0042,420000,長崎県,長崎県,prefecture,unknown,kyushu_okinawa,https://www.pref.nagasaki.jp,https://www.pref.nagasaki.jp/,https://www.pref.nagasaki.jp/sodan/,https://www.pref.nagasaki.jp/object/tetsuduki-shinsei/tetsuduki-shinseikankei/657918.html,https://www.pref.nagasaki.jp/bunrui/hukushi-hoken/,https://www.pref.nagasaki.jp/kensei/koho/,prefecture_site,custom(PHP+jQuery); 8cat; custom_tracking(access_log.php); font_size+背景色(白黒青); carousel(再生停止); SNS=X+FB+IG+YT+LINE; 多言語
S0043,430005,熊本県,熊本県,prefecture,unknown,kyushu_okinawa,https://www.pref.kumamoto.jp,https://www.pref.kumamoto.jp/,https://www.pref.kumamoto.jp/soshiki/,https://www.pref.kumamoto.jp/soshiki/36/76224.html,https://www.pref.kumamoto.jp/life/,https://www.pref.kumamoto.jp/kensei/koho/,prefecture_site,custom; 6cat; GTM(GTM-MHNSL4B); ReadSpeaker+font_size+背景色(白黒青); keyword+pageNo; 多言語(6言語:英中繁韓仏越)
S0044,440001,大分県,大分県,prefecture,unknown,kyushu_okinawa,https://www.pref.oita.jp,https://www.pref.oita.jp/,https://www.pref.oita.jp/soshiki/10400/soudanmadoguchi.html,https://www.pref.oita.jp/soshiki/12470/zidouteate.html,https://www.pref.oita.jp/site/,https://www.pref.oita.jp/kensei/koho/,prefecture_site,custom; 6cat; GTM(GTM-PNHQZDN); font_size+背景色(白黒青)+読み上げ+ルビふり; carousel; keyword+pageNo; 多言語
S0045,450006,宮崎県,宮崎県,prefecture,unknown,kyushu_okinawa,https://www.pref.miyazaki.lg.jp,https://www.pref.miyazaki.lg.jp/,https://www.pref.miyazaki.lg.jp/kohosenryaku/kense/koho/index-07.html,https://www.pref.miyazaki.lg.jp/kodomo-seisaku/kyoikukosodate/kodomo/page00108.html,https://www.pref.miyazaki.lg.jp/kurashi/,https://www.pref.miyazaki.lg.jp/kensei/koho/,prefecture_site,custom; 6cat; font_size(拡大標準縮小)+背景色(標準青黄黒); keyword; 緊急情報; SNS=FB+X+YT+IG+LINE+Blog; 多言語
S0046,460001,鹿児島県,鹿児島県,prefecture,unknown,kyushu_okinawa,https://www.pref.kagoshima.jp,https://www.pref.kagoshima.jp/,https://www.pref.kagoshima.jp/aa02/otoiawase.html,https://www.pref.kagoshima.jp/ab14/kenko-fukushi/kodomo/teate/kodomoteate3.html,https://www.pref.kagoshima.jp/kurashi/,https://www.pref.kagoshima.jp/kensei/koho/,prefecture_site,custom; 7cat; Google_CSE(010935469551604429717); ReadSpeaker+mojiiro+やさしい日本語; SNS=LINE+FB+X+IG+YT; 多言語
S0264,401005,福岡県,北九州市,municipality,A,kyushu_okinawa,https://www.city.kitakyushu.lg.jp,https://www.city.kitakyushu.lg.jp/,https://www.city.kitakyushu.lg.jp/contents/924_00625.html,https://www.city.kitakyushu.lg.jp/contents/924_10089.html,https://www.city.kitakyushu.lg.jp/kurashi/,https://www.city.kitakyushu.lg.jp/shisei/koho/,designated_city,custom; 5cat; GTM(GTM-5W2D88K); 読み上げ+多言語; chatbot(マイナンバーカード); SNS=IG+YT+LINE; keyword+pageNo(9桁)
S0266,431001,熊本県,熊本市,municipality,A,kyushu_okinawa,https://www.city.kumamoto.jp,https://www.city.kumamoto.jp/,https://www.city.kumamoto.jp/soshiki/,https://www.city.kumamoto.jp/kiji0031996/index.html,https://www.city.kumamoto.jp/life/,https://www.city.kumamoto.jp/shisei/koho/,designated_city,custom(ASP.NET); 12cat; GTM(GTM-K2ZW8KZM); ReadSpeaker+font_size+背景色(青黒白)+やさしい日本語+ふりがな; slick; chatbot(ひごまるコール); SNS=LINE+X+FB+YT; 多言語(5:英中繁韓)+専用アプリ
S0267,402036,福岡県,久留米市,municipality,B,kyushu_okinawa,https://www.city.kurume.fukuoka.jp,https://www.city.kurume.fukuoka.jp/,https://www.city.kurume.fukuoka.jp/soshiki/,https://www.city.kurume.fukuoka.jp/1060manabi/2010kosodate/3050kosodate/jidoteate.html,https://www.city.kurume.fukuoka.jp/1060manabi/,https://www.city.kurume.fukuoka.jp/shisei/koho/,core_city,custom; 11cat; UA(UA-218059833-1)+GA(G-80EV79F7HR); font_size(小中大)+やさしい日本語; carousel(再生停止); chatbot(AIくるっぱ); SNS=YT+LINE; 多言語(英中繁韓+他)
S0268,422011,長崎県,長崎市,municipality,B,kyushu_okinawa,https://www.city.nagasaki.lg.jp,https://www.city.nagasaki.lg.jp/,https://www.city.nagasaki.lg.jp/soshiki/,https://www.city.nagasaki.lg.jp/site/e-kao/6510.html,https://www.city.nagasaki.lg.jp/life/,https://www.city.nagasaki.lg.jp/shisei/koho/,core_city,custom; 7cat; GA(G-69KSXF4EDG); Google_CSE; ReadSpeaker+font_size+背景色(白黒青)+やさしい日本語(ツタエル); slick; SNS=X+FB+YT+LINE; 多言語
S0269,422029,長崎県,佐世保市,municipality,B,kyushu_okinawa,https://www.city.sasebo.lg.jp,https://www.city.sasebo.lg.jp/,https://www.city.sasebo.lg.jp/soshiki/,https://www.city.sasebo.lg.jp/kodomomirai/kodoshie/jidoteate.html,https://www.city.sasebo.lg.jp/kurashi/,https://www.city.sasebo.lg.jp/shisei/koho/,core_city,custom; 5cat; keyword; 緊急情報(外部リンク); carousel(5img); JS必須
S0270,442011,大分県,大分市,municipality,B,kyushu_okinawa,https://www.city.oita.oita.jp,https://www.city.oita.oita.jp/,https://www.city.oita.oita.jp/o029/shisejoho/kohokocho/1268121393592.html,https://www.city.oita.oita.jp/o107/kosodate/ninshin/1269517691993.html,https://www.city.oita.oita.jp/kurashi/,https://www.city.oita.oita.jp/shisei/koho/,core_city,custom; 8cat; ReadSpeaker(customerid=7077); font_size+色合い+keyword; carousel; SNS=LINE; 多言語; 緊急情報(現在なし+RSS)
S0271,452017,宮崎県,宮崎市,municipality,B,kyushu_okinawa,https://www.city.miyazaki.miyazaki.jp,https://www.city.miyazaki.miyazaki.jp/,https://www.city.miyazaki.miyazaki.jp/city/public_relations/hearing/contact.html,https://www.city.miyazaki.miyazaki.jp/education/allowance/362.html,https://www.city.miyazaki.miyazaki.jp/life/,https://www.city.miyazaki.miyazaki.jp/shisei/koho/,core_city,custom; 7cat; GTM(GTM-5GHL5GZ)+UA(UA-35505447-1)+Clarity(mki6jm3aav); Google_CSE; 音声読み上げ+font_size(小標準大)+ふりがな; carousel; chatbot; SNS=X+IG+FB+YT+LINE; 多言語
S0273,472018,沖縄県,那覇市,municipality,B,kyushu_okinawa,https://www.city.naha.okinawa.jp,https://www.city.naha.okinawa.jp/,https://www.city.naha.okinawa.jp/soshiki/,https://www.city.naha.okinawa.jp/child/kosodateouen/1002849/index.html,https://www.city.naha.okinawa.jp/life/,https://www.city.naha.okinawa.jp/shisei/koho/,core_city,custom; 8cat; GA(G-BSL5TZEJ24); font_size+色合い+音声読み上げ; carousel(IG_feed); SNS=LINE+X+IG+YT; Google翻訳(英中繁韓西葡ネパール); nicotto-navi
S0275,402052,福岡県,飯塚市,municipality,C,kyushu_okinawa,https://www.city.iizuka.lg.jp,https://www.city.iizuka.lg.jp/,https://www.city.iizuka.lg.jp/soshiki/,https://www.city.iizuka.lg.jp/kodomoboshi/kenko/kosodate/teate/jidouteate.html,https://www.city.iizuka.lg.jp/life/,https://www.city.iizuka.lg.jp/shisei/koho/,regional_balance,custom(PHP+cgi-bin); 8cat; font_size+色合い+読み上げ(ツタエル)+ひらがな+やさしい日本語; carousel(4img); chatbot; SNS=FB+X+IG+LINE+YT; 多言語(英中繁韓)
S0276,402028,福岡県,大牟田市,municipality,C,kyushu_okinawa,https://www.city.omuta.lg.jp,https://www.city.omuta.lg.jp/,https://www.city.omuta.lg.jp/soshiki/,https://www.city.omuta.lg.jp/kiji0031055/index.html,https://www.city.omuta.lg.jp/life/,https://www.city.omuta.lg.jp/shisei/koho/,regional_balance,custom; 5cat; GA(G-QYTQ13K2FJ)+UA(UA-48534402-1); font_size+背景色(青黒白)+やさしいブラウザ; bxSlider+slick; SNS=FB+X+LINE+YT; 多言語(英中繁韓); FAQ
S0277,402176,福岡県,春日市,municipality,C,kyushu_okinawa,https://www.city.kasuga.fukuoka.jp,https://www.city.kasuga.fukuoka.jp/,https://www.city.kasuga.fukuoka.jp/soshiki/,https://www.city.kasuga.fukuoka.jp/kosodate/kosodate/kosodatesien/1001538/1001539.html,https://www.city.kasuga.fukuoka.jp/life/,https://www.city.kasuga.fukuoka.jp/shisei/koho/,regional_balance,custom; 7cat; GA(G-M1L9HH0Y64)+UA(UA-6732578-2); font_size+色合い+大文字印刷; carousel(再生停止); chatbot(福岡Public-Edia); SNS=YT; keyword+pageID(7桁); 多言語
S0278,402184,福岡県,筑紫野市,municipality,C,kyushu_okinawa,https://www.city.chikushino.fukuoka.jp,https://www.city.chikushino.fukuoka.jp/,https://www.city.chikushino.fukuoka.jp/soshiki/,https://www.city.chikushino.fukuoka.jp/soshiki/49/2217.html,https://www.city.chikushino.fukuoka.jp/life/,https://www.city.chikushino.fukuoka.jp/shisei/koho/,regional_balance,custom; 6cat; GA(G-5ZMXEN9FQL); font_size+背景色(白黒青)+ルビふり; Google_CSE+articleID; banner_rotation; SNS=FB; 多言語; WCAG
S0279,412023,佐賀県,唐津市,municipality,C,kyushu_okinawa,https://www.city.karatsu.lg.jp,https://www.city.karatsu.lg.jp/,https://www.city.karatsu.lg.jp/soshiki/,https://www.city.karatsu.lg.jp/site/kosodate/3457.html,https://www.city.karatsu.lg.jp/life/,https://www.city.karatsu.lg.jp/shisei/koho/,regional_balance,custom; 8cat; GA(G-EKE7PF7MTF); font_size+背景色(白黒青); Google_CSE+pageID; slick; chatbot; SNS(一覧ページ); 多言語
S0280,422045,長崎県,諫早市,municipality,C,kyushu_okinawa,https://www.city.isahaya.nagasaki.jp,https://www.city.isahaya.nagasaki.jp/,https://www.city.isahaya.nagasaki.jp/soshiki/,https://www.city.isahaya.nagasaki.jp/soshiki/18/12885.html,https://www.city.isahaya.nagasaki.jp/life/,https://www.city.isahaya.nagasaki.jp/shisei/koho/,regional_balance,custom; 8cat; GA(G-YT4QS4R89C); Google_CSE; font_size+背景色(白黒青)+音声読み上げ; KanaboVoice(host_id:city.isahaya); slick; skip-link
S0281,432024,熊本県,八代市,municipality,C,kyushu_okinawa,https://www.city.yatsushiro.lg.jp,https://www.city.yatsushiro.lg.jp/,https://www.city.yatsushiro.lg.jp/list02069.html,https://www.city.yatsushiro.lg.jp/kiji00323684/index.html,https://www.city.yatsushiro.lg.jp/life/,https://www.city.yatsushiro.lg.jp/shisei/koho/,regional_balance,custom; 6cat; GA(G-L25YNL5GR7); bxSlider(fade60s); keyword(kumamoto-net API); SNS=LINE+FB+X; 多言語(英中繁韓); GoogleMapsAPI
S0282,442020,大分県,別府市,municipality,C,kyushu_okinawa,https://www.city.beppu.oita.jp,https://www.city.beppu.oita.jp/,https://www.city.beppu.oita.jp/soshiki/,https://www.city.beppu.oita.jp/kosodate/teatejyosei/detail15.html,https://www.city.beppu.oita.jp/seikatu/,https://www.city.beppu.oita.jp/shisei/koho/,regional_balance,custom; 7cat; GTM(GTM-KRVSD9J)+UA(UA-8368041-1); Google_CSE; font_size+背景色; chatbot(生成AI子育て); SNS=X+FB+LINE+IG; 多言語(英韓簡繁); GoogleSheetsAPI(緊急); carousel(6slides)
S0283,452025,宮崎県,都城市,municipality,C,kyushu_okinawa,https://www.city.miyakonojo.miyazaki.jp,https://www.city.miyakonojo.miyazaki.jp/,https://www.city.miyakonojo.miyazaki.jp/soshiki/,https://www.city.miyakonojo.miyazaki.jp/soshiki/66/3008.html,https://www.city.miyakonojo.miyazaki.jp/life/,https://www.city.miyakonojo.miyazaki.jp/shisei/koho/,population_top,custom; 6cat; GA(G-5H3BNLF85P)+UA(UA-36241027-1); Google_CSE+pageNo; font_size+背景色(白黒青)+読み上げ+ふりがな+やさしい日本語(tsutaeru); chatbot(nakanohito UL966); skip-link; SNS=FB+LINE
S0284,452033,宮崎県,延岡市,municipality,C,kyushu_okinawa,https://www.city.nobeoka.miyazaki.jp,https://www.city.nobeoka.miyazaki.jp/,https://www.city.nobeoka.miyazaki.jp/soshiki/,https://www.city.nobeoka.miyazaki.jp/soshiki/32/1069.html,https://www.city.nobeoka.miyazaki.jp/life/,https://www.city.nobeoka.miyazaki.jp/shisei/koho/,regional_balance,custom; 5cat; GTM(GTM-594BKD)+GA(G-M91YNT3GPX); Google_CSE; ReadSpeaker+font_size+背景色(白黒青); slick; chatbot(UL1908); skip-link; SNS=FB+LINE+YT; 多言語
S0285,462187,鹿児島県,霧島市,municipality,C,kyushu_okinawa,https://www.city-kirishima.jp,https://www.city-kirishima.jp/,https://www.city-kirishima.jp/soshiki/,https://www.city-kirishima.jp/jidou/kosodate/kosodate/josesedo/jidoteate.html,https://www.city-kirishima.jp/kurashi/,https://www.city-kirishima.jp/shisei/koho/,regional_balance,custom(CGI); 6cat; ReadSpeaker+font_size+色合い; skip-link; SNS=FB+専用アプリ; 緊急情報(被災住宅); 多言語
S0287,472085,沖縄県,浦添市,municipality,C,kyushu_okinawa,https://www.city.urasoe.lg.jp,https://www.city.urasoe.lg.jp/,https://www.city.urasoe.lg.jp/soshiki/,https://www.city.urasoe.lg.jp/doc/6286e499dafd8c70a71c114a/,https://www.city.urasoe.lg.jp/category/bunya/,https://www.city.urasoe.lg.jp/shisei/koho/,regional_balance,Joruri CMS; 6cat; GA(G-6F8EPSSBG5)+UA(UA-37964506-1); Joruri_search; font_size(拡大標準縮小)+背景色(標準黄青黒)+読み上げ+ふりがな(ひらがな+ローマ字); skip-link; SNS=FB+X+IG+LINE+YT; 多言語
S0288,472051,沖縄県,宜野湾市,municipality,C,kyushu_okinawa,https://www.city.ginowan.lg.jp,https://www.city.ginowan.lg.jp/,https://www.city.ginowan.lg.jp/soshiki/,https://www.city.ginowan.lg.jp/soshiki/fukushi/3/1/1/2/14827.html,https://www.city.ginowan.lg.jp/kosodate_kyoiku/,https://www.city.ginowan.lg.jp/shisei/koho/,regional_balance,SMART CMS; 6cat; GTM(GTM-NCL6SX3); keyword+ライフシーン; font_size(小標準大)+背景色(黒青白); chatbot(FAQ); skip-link; 多言語
S0289,406040,福岡県,添田町,municipality,D,kyushu_okinawa,https://www.town.soeda.fukuoka.jp,https://www.town.soeda.fukuoka.jp/,https://www.town.soeda.fukuoka.jp/soshiki/kenkoukosodateouen-ka/more.html,https://www.town.soeda.fukuoka.jp/bunya/life-teate-jyosei/,https://www.town.soeda.fukuoka.jp/bunya/kurashi/,https://www.town.soeda.fukuoka.jp/shisei/koho/,rural_representative,custom; 5cat; GA(G-W37CSEVYV0); slick; font_size+背景色(白黒青)+ふりがな+やさしい日本語(tsutaeruMO); skip-link; keyword+pageID; 多言語; RSS
S0290,413879,佐賀県,玄海町,municipality,D,kyushu_okinawa,https://www.town.genkai.lg.jp,https://www.town.genkai.lg.jp/,https://www.town.genkai.lg.jp/soshiki/,https://www.town.genkai.lg.jp/soshiki/24/83764.html,https://www.town.genkai.lg.jp/life/,https://www.town.genkai.lg.jp/shisei/koho/,rural_representative,custom; 4cat; GA(G-P4J0KLRT3H)+UA(UA-119698549-1); Google_CSE; font_size(標準拡大)+背景色(白青黒); skip-link; 防災メール; /ssi/css/; carousel; 多言語; domain=town.genkai.lg.jp(roster:town.genkai.saga.jp)
S0291,422118,長崎県,五島市,municipality,D,kyushu_okinawa,https://www.city.goto.nagasaki.jp,https://www.city.goto.nagasaki.jp/,https://www.city.goto.nagasaki.jp/soshiki/,https://www.city.goto.nagasaki.jp/s029/010/020/010/020/010/20190310004528.html,https://www.city.goto.nagasaki.jp/li/kurashi/,https://www.city.goto.nagasaki.jp/shisei/koho/,island_municipality,custom; 5cat; GA(G-16FGEGNKFK); keyword(まるごとうサーチ); font_size+色合い+音声読み上げ; skip-link×2; 緊急速報; carousel(再生停止); 多言語(5:英韓簡繁越); RSS
S0292,423831,長崎県,小値賀町,municipality,D,kyushu_okinawa,https://www.town.ojika.lg.jp,https://www.town.ojika.lg.jp/,https://www.town.ojika.lg.jp/soshiki/hukushijumusho/1/3/225.html,https://www.town.ojika.lg.jp/soshiki/hukushijumusho/1/3/225.html,https://www.town.ojika.lg.jp/kurashi_tetsuzuki/,https://www.town.ojika.lg.jp/news_list.html,island_municipality,SMART CMS; 4cat; GTM(GTM-KVB9C5XB); keyword+pageID; skip-link; 防災行政無線; carousel(8slides); 日本語のみ; domain=town.ojika.lg.jp(roster:ojika.net)
S0293,434248,熊本県,南小国町,municipality,D,kyushu_okinawa,https://www.town.minamioguni.lg.jp,https://www.town.minamioguni.lg.jp/,https://www.town.minamioguni.lg.jp/gyousei/gyousei/ka-shoukai.html,https://www.town.minamioguni.lg.jp/kosodate/josei/tokubetsu-jidou-fuyou-teate.html,https://www.town.minamioguni.lg.jp/living/,https://www.town.minamioguni.lg.jp/gyousei/koho/,rural_representative,custom; 6cat; GTM(GTM-NLRH5S6); bxSlider; font_size(小中大); skip-link; 重要なお知らせ; SNS=LINE; 多言語(5); FullCalendar; PHP
S0294,434841,熊本県,水上村,municipality,D,kyushu_okinawa,https://www.vill.mizukami.lg.jp,https://www.vill.mizukami.lg.jp/,https://www.vill.mizukami.lg.jp/q/aview/30/87.html,https://www.vill.mizukami.lg.jp/q/list/1105.html,https://www.vill.mizukami.lg.jp/q/list/1105.html,https://www.vill.mizukami.lg.jp/,rural_representative,custom; 5cat; GA(G-TFP7L5VPKK); keyword(AJAX); bxSlider(4slides); 防災サイト; SNS=LINE+FB+IG; 多言語(英簡繁韓); ASHX
S0295,443417,大分県,姫島村,municipality,D,kyushu_okinawa,https://www.himeshima.jp,https://www.himeshima.jp/,https://www.himeshima.jp/kurashi/yakuba/,https://www.himeshima.jp/kurashi/yakuba/,https://www.himeshima.jp/kurashi/,https://www.himeshima.jp/,island_municipality,WordPress; 6cat; GTM(GTM-P2GWVJ6); no_search; font_size(小中大); slick(center+video); 緊急(フェリー運航); GTranslate(英日); VK_All_in_One
S0296,454303,宮崎県,椎葉村,municipality,D,kyushu_okinawa,https://www.vill.shiiba.miyazaki.jp,https://www.vill.shiiba.miyazaki.jp/,https://www.vill.shiiba.miyazaki.jp/admin.php,https://www.vill.shiiba.miyazaki.jp/welfare/growth/supportprojects.php,https://www.vill.shiiba.miyazaki.jp/welfare/,https://www.vill.shiiba.miyazaki.jp/,rural_representative,custom(PHP); 4cat; GA(G-DM01QP3F4D)+UA(UA-46269361-1); jQuery_Cycle(scrollLeft); font_size(標準拡大)+背景色(白黒); 緊急情報(RSS); 多言語(英繁簡韓); SNS=YT+note; 秘境
S0297,454311,宮崎県,西米良村,municipality,D,kyushu_okinawa,https://www.vill.nishimera.lg.jp,https://www.vill.nishimera.lg.jp/,https://www.vill.nishimera.lg.jp/village/category/c-00-admininfo/c-13,https://www.vill.nishimera.lg.jp/village/a-00-villagelife/a-05/10000302,https://www.vill.nishimera.lg.jp/village/category/a-00-villagelife/,https://www.vill.nishimera.lg.jp/,rural_representative,WordPress 4.7.3; 4cat; UA(UA-97190873-1); Google_CSE; font_size(100%116%131%); 日本語のみ; マスコット=ホイホイくん
S0299,463043,鹿児島県,十島村,municipality,D,kyushu_okinawa,https://www.tokara.jp,https://www.tokara.jp/,https://www.tokara.jp/profile/,https://www.tokara.jp/health/kids/,https://www.tokara.jp/lifecycle/kodomo/,https://www.tokara.jp/kouhoushi/,island_municipality,WordPress; 8cat; UA(UA-1143819-1); MetaSlider(flexslider); font_size(標準拡大)+背景色(白黒黄); 緊急(火口立入禁止); 英語; SNS=IG+FB+YT; RSS; トカラ列島
S0300,472140,沖縄県,宮古島市,municipality,D,kyushu_okinawa,https://www.city.miyakojima.lg.jp,https://www.city.miyakojima.lg.jp/,https://www.city.miyakojima.lg.jp/soshiki/,https://www.city.miyakojima.lg.jp/kurashi/kodomo/jidou/kodomo.html,https://www.city.miyakojima.lg.jp/kurashi/,https://www.city.miyakojima.lg.jp/gyosei/kouhou/,island_municipality,custom; 5cat; GA(G-BK9J2X9DMS); Google_CSE; font_size(小大)+背景色(白黒青黄); skip-link; SNS=LINE+FB+X; エコアイランド; 離島
